Learner_ID,CEI,API,BWI
1,0.17169165013916315,0.31321877719547975,0.12486751664016343
2,0.11123618417198185,0.29536692739048725,0.18090862261354312
3,0.19074954190808932,0.49560236501886606,0.2949535938811323
4,0.3550169719663564,0.37706772943484623,0.1897267592094944
5,0.10433147804073246,0.421274418038277,0.5133692653664212
6,0.10433261881152242,0.2054140369601649,0.3632736803961324
7,0.36964169574642475,0.4639069886777488,0.3192797962463489
8,0.20745421318988372,0.3920419224706667,0.2054808021406937
9,0.08932465893104981,0.21282485115294575,0.3550324076254351
10,0.17725555064245435,0.43498374823678204,0.46224480809435153
11,0.08967905327246953,0.3471545671215313,0.40377622313472583
12,0.08954358060679649,0.3787173608965001,0.3990081939764275
13,0.1439884313090229,0.2751846128989908,0.5161109429810958
14,0.037527533954546874,0.3787421470322378,0.529967105362993
15,0.04158278841351803,0.17686345673885348,0.34788529664643464
16,0.08408789186839251,0.23620755053302217,0.40341108977650564
17,0.06320314434689611,0.5017788037902099,0.5580448170383752
18,0.15132612023147246,0.321482062329177,0.23918581929312516
19,0.06745956416936176,0.3038550518767135,0.3901263798188036
20,0.049694733881582534,0.3907550774557017,0.23764578218335103
21,0.34069475186748577,0.4070999819845983,0.2976223961269119
22,0.10491535350237151,0.3672314513185024,0.5022531226739843
23,0.12781661442718,0.6031994124283214,0.2533179628712738
24,0.049334697382885824,0.3934682657525458,0.46783414806889545
25,0.08507033634725578,0.32747650885238466,0.27505422990432166
26,0.13164687482851575,0.1928990123737754,0.46904198943703035
27,0.05807342220878789,0.25642338033079465,0.5203653519820033
28,0.15788011872886534,0.3565349156720696,0.2477453559199464
29,0.08202682816417046,0.20831680230929725,0.4094516756311426
30,0.10041727173900429,0.4094276587273971,0.47042221341128554
31,0.08197026863865427,0.20394010947096267,0.2918239707987073
32,0.450058496886837,0.32168675579245865,0.4010041499039785
33,0.12098574844363517,0.36117564635660016,0.22297144679762526
34,0.06147901212555635,0.5349984674006298,0.635806595545285
35,0.2156536676376432,0.6113907959549539,0.2622697533829835
36,0.055672848882160175,0.45601090318003235,0.3061368826329838
37,0.1407573215148266,0.29552971817527146,0.3220794913356239
38,0.03661256431079273,0.37066325770501934,0.34498963997631404
39,0.052217267440637455,0.2940647973113065,0.3865656353197767
40,0.1396050540851663,0.3064569519279269,0.38464218523234905
41,0.20327643087096556,0.22574767106353802,0.230138165512296
42,0.13719132439130746,0.4158061259116073,0.21855957713007734
43,0.11293733497270955,0.29809007374242347,0.555680905419885
44,0.09979285952973362,0.32292987759048586,0.4770152910588503
45,0.04781649309761051,0.38494060899377647,0.21418209710871228
46,0.07598142001923044,0.4729660442280827,0.3804806671228771
47,0.08984218806798545,0.4397764041758654,0.4313205542524623
48,0.2545482406004707,0.3082993299569046,0.6141779753337169
49,0.15442151173084132,0.40672768030497564,0.28771228680786715
50,0.0407158250187948,0.3764759938034241,0.45858225738379144
51,0.1523553173503507,0.3077012830769791,0.4204617317972015
52,0.09440867525551831,0.2577575937789142,0.2674760188282428
53,0.07809702587713228,0.29676976713121883,0.30052380211158225
54,0.186008471466043,0.2916538713263547,0.26169050135911465
55,0.24987552791775722,0.31488059530480783,0.3763589914196275
56,0.23284582163069803,0.3649925322087638,0.19493802169844643
57,0.07043884225955621,0.2846467044930602,0.3133052321836608
58,0.09925827050790782,0.40146648960805936,0.29923282263579326
59,0.15311123908519902,0.4188470979388262,0.1584776883382119
60,0.24025040819502552,0.6474635541180221,0.3703543557143164
61,0.08876039048869337,0.4788161430990968,0.41432226164188213
62,0.107762207268877,0.4004736487658002,0.20242887927100123
63,0.05967452521336747,0.360538280313703,0.33643672575025163
64,0.05650543870935749,0.3462025246252202,0.20824133480848417
65,0.21413802893614914,0.4651973255518926,0.3494263290761096
66,0.3150152540972464,0.5408829384144267,0.47858305391055755
67,0.11630128789732194,0.28260143780165176,0.2845364697459508
68,0.2450588410985178,0.5265610882873977,0.3055900370115524
69,0.1563539465341691,0.4216852200125446,0.6226061928803118
70,0.07970843546797628,0.45383096774643045,0.2622706088653697
71,0.15632799118208598,0.4307288997747511,0.2451804534455081
72,0.35886399693419446,0.31783101503229216,0.33558948337550965
73,0.11917416949671768,0.4152136977916065,0.6752707238362756
74,0.3657906984051107,0.3242884595467804,0.3640774277262293
75,0.02648801676015975,0.3103927732971495,0.27031200907640385
76,0.21555614993737438,0.34662223003741194,0.4042990052377863
77,0.12952426524378105,0.2568352365201122,0.4227645458803273
78,0.09993158984158203,0.29569730364305175,0.4056272081609845
79,0.12994036397753542,0.4264671876037319,0.4275187530949107
80,0.03607723435717305,0.34495906495362316,0.44727113733038526
81,0.10534311108045243,0.35077184265197414,0.322549128655829
82,0.1558663737267866,0.287514048487654,0.32254907108823516
83,0.343700332871802,0.11141536658432509,0.4349591786926863
84,0.08652667195955435,0.5825013215888838,0.131838165427424
85,0.07181893680565449,0.5801089674280951,0.12255009194860539
86,0.08746226459061583,0.3309580946303172,0.27596553458185513
87,0.23024830779336214,0.3976429188236476,0.3006590112146684
88,0.15284626129983633,0.26009404275074155,0.4164167960098889
89,0.08588239010745391,0.5836113511721139,0.28719011711248393
90,0.17367883999767378,0.33795288332746015,0.478973784782044
91,0.13041144232498353,0.4648046497084124,0.3518475729340025
92,0.2390801510875717,0.332192514884687,0.2590645211311528
93,0.07685018780924971,0.31886145487915507,0.4916769344228533
94,0.09805379707628438,0.3753956554024607,0.3667986456891672
95,0.09397320007721567,0.3832387714104997,0.21449932205126887
96,0.04823413175264727,0.460834488056334,0.42525183249984044
97,0.14944901154032972,0.4545817348685811,0.42512807933472796
98,0.14588859959532394,0.4355499168052893,0.2162455566102222
99,0.1225187015063868,0.4779896402921434,0.34778700130682194
100,0.1043013438209548,0.26944251946211,0.40538959823462106
101,0.049605692048616444,0.31487567791518817,0.18582284531918924
102,0.09222750341804006,0.46490949830129774,0.46312323333690086
103,0.09708322398096264,0.23816227792093608,0.2674737057720876
104,0.07210200535288845,0.2997100545246393,0.2514108402987019
105,0.10953352544750333,0.3304132793325047,0.306584003176844
106,0.16100600147017888,0.34809528644252774,0.4170332886099658
107,0.46122619992319497,0.4805132568361777,0.4553306397900684
108,0.13749271116887776,0.3329971292514447,0.5505809945199763
109,0.14553777358239586,0.46446953035373045,0.24891155560946282
110,0.11611064353011072,0.4717604322728859,0.37708408981523345
111,0.037417587425852224,0.23496282068121294,0.41488389873723086
112,0.11992604708252344,0.3532162116165579,0.3909296941939838
113,0.1271844398839487,0.2597690737041389,0.2413312179904758
114,0.7012804916983034,0.43836575444522996,0.3644465177860624
115,0.10728071515343533,0.29161018433943164,0.3718451696725056
116,0.1500083621566649,0.4462808031479947,0.2730927941833225
117,0.11926386465368818,0.4167003955619655,0.3907655538008862
118,0.05745387479612597,0.24455404561916666,0.35903407773885254
119,0.27052776825485414,0.38368331805505035,0.21011670376546387
120,0.20520742776112516,0.2605523899866391,0.4088935239670416
121,0.2109241944290769,0.363746871256759,0.3485763076534063
122,0.06740204944746848,0.5364587603147181,0.16923442441299996
123,0.3256885900482443,0.3851228677280925,0.3049933539852589
124,0.04999971521759192,0.382579474923959,0.349591496231464
125,0.18281373386670502,0.3382917611010657,0.2646354134172764
126,0.5750291885835234,0.35663609641964145,0.3708055054479851
127,0.06408115323460721,0.1865860438787707,0.30622336706094144
128,0.0838696283888288,0.30253966021972545,0.4590919997184374
129,0.1306401547801011,0.3774154198282445,0.3660876279379368
130,0.08736435897501764,0.22446518828593717,0.5880493636403844
131,0.04587229623983975,0.39260599488145476,0.2030111324594916
132,0.12790652595715862,0.3734319712157071,0.3716554913853978
133,0.061305779898555395,0.21194446901134154,0.33794692774480795
134,0.16895635181634128,0.4649979607875911,0.3833499630454177
135,0.0669804244188895,0.20981495602241745,0.4980576950843357
136,0.3619445499157162,0.2778930332656966,0.2037324774594793
137,0.0729764179251621,0.2619470908179285,0.4057754014663749
138,0.0984176920249809,0.2997361192360834,0.3736253510971823
139,0.21428750200402266,0.3080202702959065,0.24745573206103044
140,0.055338525289163845,0.4498405578385077,0.4812797478082208
141,0.1425629628439075,0.4152296578619075,0.3427001381607022
142,0.3041501237420844,0.45656251421570376,0.26246840551213
143,0.04441240887098818,0.2704659745253909,0.3842959323284154
144,0.1384416574832983,0.3099382344073424,0.44987370951906747
145,0.14577113751216927,0.14130359105323853,0.37139343631809696
146,0.20956278431628214,0.19687187829722935,0.2923464984789132
147,0.05513666891888631,0.3666969034517955,0.257788443202773
148,0.052457030555580084,0.5206525730053903,0.25602556901050527
149,0.17472991061132817,0.2827891331361961,0.42906364512927375
150,0.14953795185907579,0.5337863869539344,0.44821571390507386
151,0.14483409317717033,0.2251412234125181,0.3098805425290052
152,0.15472332330932412,0.3037685592624139,0.6607412336492814
153,0.07794183224718373,0.279430648608113,0.3112305072835169
154,0.14303246188334434,0.3319217407859123,0.328180266501092
155,0.14913586726155031,0.39528162885989704,0.29545919558045225
156,0.07624842241063311,0.2806962863437074,0.32372758892912173
157,0.454470059417629,0.645094356577258,0.33202812986925334
158,0.16898456168872225,0.4185709970690461,0.4024390588422049
159,0.056672954397848384,0.2285958212310236,0.31571558878434997
160,0.19193614465538966,0.22898963401704361,0.40559757384112916
161,0.06471440744159415,0.36891062612535613,0.19098475431869766
162,0.21033950882149718,0.14860032101378304,0.2734787313234966
163,0.2735807083841186,0.4759744611096345,0.30293952970924565
164,0.07126767265285434,0.4028109929443152,0.30953463606148574
165,0.2381905703921645,0.3532219249301189,0.1733871300559907
166,0.1619817628727031,0.2974114079758506,0.4419228129295055
167,0.21558007782028757,0.3508609982252382,0.20088868993902614
168,0.46477761771433396,0.3412665689811765,0.27276245810406236
169,0.10355408425769175,0.5024880197314758,0.33315176936306945
170,0.07435773007539294,0.5092591019341167,0.6106383176679719
171,0.0682461682754678,0.49852264191791884,0.33050108835972286
172,0.07148742599409307,0.5194641353319492,0.3866225000356077
173,0.11590317137472021,0.40376071698907956,0.19970106500805473
174,0.15415899351278892,0.2910473131103616,0.2541073155179066
175,0.14746478746916164,0.4754138851911113,0.2667961375782197
176,0.2163591456634021,0.5152606556288449,0.2820489628021594
177,0.1231748640445479,0.4492528293014828,0.4579544215358534
178,0.33774789504075603,0.4608726701691257,0.2806172650197868
179,0.10223572684408735,0.31538443725368465,0.4058429839288037
180,0.8459018681140738,0.4592332017612324,0.25992786617115615
181,0.1878354286715911,0.2727665889284965,0.30704327132029924
182,0.06964737682901466,0.4924624068667213,0.1347342296553663
183,0.060983400458245234,0.3202549323965664,0.3286030404325113
184,0.17000132328932374,0.2096352873830329,0.3346727882188312
185,0.10507724233653079,0.5391235707897918,0.31576253038207364
186,0.19981700890341128,0.45498274553042267,0.598027975523558
187,0.16891474169299606,0.4123830809989593,0.32920384205089465
188,0.11623716454903042,0.4002207873806252,0.11463366882970882
189,0.07010331943903332,0.33541470044576277,0.22097074556133173
190,0.04682456802622333,0.4351680915327199,0.33155033770591114
191,0.09067652131764842,0.2762092238519697,0.3276891145495247
192,0.2208588263499757,0.2646830112128994,0.25609617467359314
193,0.14126264304400118,0.4925044048845691,0.23771805498257143
194,0.05484680995104403,0.4507291775974214,0.5090785591386805
195,0.13736145041258935,0.4911976791793953,0.45435370562459476
196,0.15893330697555377,0.5595363578968634,0.47255251409401755
197,0.06848873029907247,0.24887027026979402,0.27308620450229026
198,0.1355472839402071,0.4185418174948231,0.4171536911857109
199,0.12700993490874365,0.325358170472554,0.12410457545791093
200,0.0583571892019543,0.4408259907201491,0.2934987870887547
201,0.15593900418552856,0.3124623522091486,0.2803513799322711
202,0.17952024106658462,0.48422086987536744,0.3099050307708355
203,0.25927646906830193,0.4590707360117596,0.3486793227283338
204,0.2539493215136935,0.419144379253081,0.3181190328028634
205,0.05071438004381149,0.21398850472655423,0.22865144386598651
206,0.06621552733410037,0.3427010061408078,0.2623228455483305
207,0.17389250687895821,0.5536837079675571,0.3949257625186916
208,0.17374148099398748,0.4267451700990029,0.37565874603333826
209,0.173894008885021,0.4987513565629626,0.5396028465111307
210,1.0,0.20109479654023224,0.370800337007946
211,0.18078929757039233,0.21873200646621618,0.5239895228916314
212,0.26913500733940615,0.3488394325254247,0.2025586526449309
213,0.23661637441888558,0.4043909163576172,0.4036754023013398
214,0.19124420933021175,0.42191333897470107,0.4243394938165057
215,0.0988610403664782,0.3032865270978325,0.3909441105551401
216,0.2062240462655597,0.3444966320877127,0.22253484453266703
217,0.07346097840937241,0.23496498145772837,0.3713805047662778
218,0.10414647092650868,0.38237435838555867,0.2988768431192397
219,0.08840245074926757,0.24661091254630388,0.40218781131039105
220,0.12906929597877217,0.4492654946477536,0.32691751342700665
221,0.6293658120869967,0.36356473911169557,0.27868185348666036
222,0.038466666467086436,0.44608146309170765,0.6513879630729918
223,0.19596962474368296,0.2867217858842614,0.2624197325756725
224,0.04428102548693239,0.37585971375300126,0.3670314022480149
225,0.08918131702933248,0.30445115620644103,0.3989671482229047
226,0.2603649564924055,0.27900728485508997,0.30565296568418016
227,0.12753482517275397,0.33493411092189307,0.4744638638672546
228,0.06072766554319259,0.25948898079320437,0.4378133595780166
229,0.0762020541285859,0.2024007060255998,0.1841981698219689
230,0.19505729016810983,0.2729058571901986,0.4071197168288425
231,0.07547294921383411,0.34333410917161855,0.5672611633526586
232,0.14149177007743058,0.3202733373114828,0.26071118474285077
233,0.12592495289722677,0.33673130274409624,0.20813301042665178
234,0.07937698323123257,0.34361696159865884,0.30476352160255255
235,0.555932121295519,0.25030954170826086,0.3327145329580526
236,0.18892183346077893,0.33347902716281114,0.3395367819822843
237,0.03537350019759138,0.3706440842057866,0.46200952308074406
238,0.1386142021388079,0.24256358359550956,0.2669586518410123
239,0.07885921171177654,0.3308046405634622,0.3964576341226287
240,0.22024236042160464,0.47658814054111176,0.42599539714931633
241,0.0725489143997674,0.37424244466507217,0.34726010733711876
242,0.11300652128400483,0.26717580602754615,0.27347905625221186
243,0.17268178142159044,0.25955084771185716,0.22619903291053406
244,0.22232054926192563,0.37312461458979274,0.19566530148712147
245,0.05636617500881491,0.6216017945705552,0.2008084355421783
246,0.09761147437346726,0.2890563396442436,0.19001978700216376
247,0.0890059016352822,0.2975783151977779,0.5294060840822015
248,0.07928882697177789,0.333587689338197,0.317086576200754
249,0.42270745686636885,0.3314424495655037,0.6107335985710209
250,0.1611097433072701,0.31907723356597034,0.37726895311544717
251,0.05435167390592548,0.26125662776256764,0.19562905187421242
252,0.23064872164378836,0.3050774171925773,0.3153447395961928
253,0.5472097830984098,0.47176719433955366,0.4079794270596864
254,0.25013532825117313,0.35111804953499925,0.37063847901097424
255,0.046702922109761014,0.2050653442273775,0.2914378032904304
256,0.08846764827536306,0.3858652500416787,0.44108479299840275
257,0.2955364711217793,0.5906531398428168,0.2349909308060743
258,0.0765746956008303,0.5131642901081908,0.3548817669510057
259,0.16550242074292734,0.3172838262813049,0.428289666424588
260,0.20850646313973284,0.2243372062468882,0.2974220792240429
261,0.06666714219055239,0.4516909050596762,0.3919028765931186
262,0.11728385470906173,0.4404991987952733,0.32235598585144964
263,0.02056044591700435,0.12801728869178927,0.35759825297275216
264,0.06275369465375198,0.4369277156341977,0.38254419937675355
265,0.10306063136714075,0.25483884076708474,0.305118014650782
266,0.054779648656153326,0.2399237124197183,0.5090765864170128
267,0.38406119154068946,0.3044891382790069,0.36415469034472414
268,0.04917969128258877,0.37510168033631763,0.3987943962947875
269,0.09106167106533501,0.27251715280589367,0.4736072901820174
270,0.13343745570985072,0.48292608599554393,0.4034045143502204
271,0.33479226936567646,0.3985549519988856,0.2436920913103387
272,0.049015944657334234,0.25659036320599365,0.41974123767267435
273,0.2744715865619529,0.45997051526712035,0.36399330213509684
274,0.12294411555701754,0.14932310584456693,0.2661024803982812
275,0.0644408187491297,0.28736778561910126,0.47463717312160114
276,0.16761451013826018,0.4209644406338548,0.2369996481724141
277,0.13981534906665122,0.3560371860385315,0.2802493252032063
278,0.08204918061310149,0.32816185312738605,0.29302335105989835
279,0.12801428326050118,0.31088669162805455,0.21635294325001314
280,0.09439430181877341,0.23039339920570948,0.33420854152700974
281,0.13187982352778144,0.4607555081957521,0.26978282290612116
282,0.1926866407436101,0.35386351687715134,0.3610300372917489
283,0.37145443268830386,0.39465759152229857,0.5600437358677669
284,0.055108061741959036,0.3887870679044257,0.3319565737556095
285,0.551546666087704,0.5236773585436686,0.3905991186676899
286,0.03675997570191792,0.3601116049271719,0.33407768905688096
287,0.11023267671360219,0.2740567599965282,0.30341304093149685
288,0.18300006070331573,0.36924265287114777,0.4209420647794102
289,0.14790157694458267,0.170872333725062,0.244890311279295
290,0.08086746241096535,0.3393688148605047,0.45529634597082314
291,0.10615773857984014,0.41936838931955817,0.25963444197424407
292,0.087963018870797,0.27350220008023834,0.5037089333479888
293,0.08262665429283542,0.5184048736892259,0.29824818303434236
294,0.2198033245475527,0.22629477584827218,0.25502099109435883
295,0.15585592697007372,0.6012801041787893,0.34719059550234255
296,0.077301147172174,0.47801723439317395,0.19283175226353333
297,0.22769330349299918,0.2594706800898888,0.2331985161718289
298,0.15060367780047104,0.16210793059795914,0.3896615725501943
299,0.21418872021732638,0.48437229928318165,0.47968163893742843
300,0.18835616623916887,0.4495401328128532,0.2769049545744782
301,0.07089455189100555,0.2536004292602777,0.49333024032648676
302,0.08420280156348967,0.28562432905306095,0.2937475298092018
303,0.20453999250028568,0.18305998276697344,0.3560725626564105
304,0.1858388934630931,0.43005975548675435,0.35702154841044664
305,0.12038169867017771,0.3755989947953961,0.5303157155516088
306,0.13222268769053946,0.0815439703650029,0.44054227499331144
307,0.2978138202126313,0.3380477323416018,0.31481182291278864
308,0.08250885703635873,0.23204304885393134,0.6786531280497501
309,0.1778165378356534,0.4567443360177352,0.33010965416921134
310,0.10657868113931614,0.5554244402633268,0.3377975071671754
311,0.10548302352608925,0.43159773824088155,0.3731062348031233
312,0.2621885740548495,0.38198985089832094,0.29298919797167533
313,0.21609011965761415,0.3967119423586485,0.508854016197383
314,0.21428635854158948,0.3857132898640747,0.32600069933218545
315,0.3037887646439579,0.3851639749641344,0.41062373901037874
316,0.12384439247721457,0.24163615749399703,0.1134401293309808
317,0.1953792934900162,0.3147046565693428,0.35045047580253164
318,0.09918899260416503,0.34537373111345426,0.30134843547375345
319,0.15236396867177635,0.18723878712940029,0.343868416730328
320,0.11184378243749624,0.3950715949185733,0.22609841469932818
321,0.1304041997562974,0.20150738251267764,0.31692510232967963
322,0.18387558334155074,0.4215648605815034,0.3562381298773395
323,0.0713786058502627,0.32917440938236847,0.29931218321565667
324,0.5355174056171684,0.5369190166876823,0.4044455404915289
325,0.06346994665387103,0.5253443972920483,0.3430908991506336
326,0.05589625708831573,0.35152794340421684,0.40931720993901644
327,0.2734863584016588,0.2693636889610267,0.45261874146794645
328,0.2110177797887592,0.319446649255878,0.46326109177839214
329,0.18763242024279603,0.3114896713075195,0.29678787254919536
330,0.18818730529406902,0.4465396915240266,0.29531640177680657
331,0.12108808750342279,0.4025945002921116,0.5413639061173909
332,0.0679159333253341,0.5556000677475932,0.24673071916814476
333,0.12853767955315687,0.36975561054913453,0.293049570081932
334,0.07808502316798814,0.13064258960289468,0.3191608811250517
335,0.24017808888296843,0.5400899667484712,0.2521450671201809
336,0.11058242489398655,0.47204361401498796,0.34839713687065255
337,0.07105127404880071,0.43372430826116143,0.4849327106359078
338,0.09846169525856077,0.44417248808883375,0.16769001209232065
339,0.16199864266527592,0.32881506263929694,0.2837093549181016
340,0.08400960442578533,0.43553438081303597,0.34912359397235415
341,0.07119846192078969,0.46874212781434305,0.5353719727044657
342,0.14415899959329476,0.6469656356938841,0.19894442669897566
343,0.1442856479442936,0.3304167512752165,0.4385584614748066
344,0.0871672001328439,0.4206596350298199,0.3189372607181948
345,0.08923340719269938,0.3341577228526798,0.3538776896657413
346,0.1430124718366126,0.3595034076221332,0.48668709517601305
347,0.048668420115409776,0.309307074179191,0.32222244967621416
348,0.0498356574610982,0.46883374934936317,0.3326624772889873
349,0.07604936985783085,0.3785998999526655,0.3508409517689147
350,0.1057812938885059,0.4766258441158436,0.35821864483039345
351,0.15097838347469344,0.24360339444256776,0.23194201575618534
352,0.3430751889825521,0.2910854054093116,0.35382264427317744
353,0.22105521261531522,0.38502153204053874,0.38493726354200875
354,0.10963236593821415,0.447543384742403,0.18971367368325026
355,0.1205351949582932,0.32803486623840156,0.43796365069464205
356,0.06360704657335267,0.5442403108575291,0.44454838478305403
357,0.1205761881092301,0.24956199937137513,0.36403247229731084
358,0.10061960030516676,0.3645297528466416,0.21076919131155486
359,0.15221200798370993,0.5091541854387103,0.27115841463903023
360,0.07097354155082468,0.552357359097592,0.13948751995739428
361,0.17441475309969842,0.3438580509747408,0.299211912714285
362,0.35750104430191026,0.19478134261032085,0.247123870513891
363,0.11346113216934664,0.34036442844917475,0.32891488237479194
364,0.1607456246683851,0.2694952133954403,0.45590752288979897
365,0.1965035390847654,0.3563890190477419,0.2850566916621349
366,0.0934117644893337,0.3703374336835242,0.382239186353737
367,0.14223415014728885,0.30001027133381974,0.3268441565496479
368,0.12314070813711754,0.41020768377639116,0.24796911988027204
369,0.1304645912948407,0.41734303521393284,0.5124730274478132
370,0.07345236950919484,0.39935163171255506,0.43321963259903074
371,0.12413902079550183,0.40394705740071324,0.23025805592957083
372,0.17184493933809783,0.34303592848618203,0.3866309918589911
373,0.3371695349004649,0.3363760380057176,0.31437558938879595
374,0.23749984113556158,0.3237520168400606,0.39424617064600964
375,0.5596731681478171,0.3617546274613402,0.2110449583813772
376,0.0737170093468465,0.2865228383786085,0.3001414783185255
377,0.22335230648814217,0.42395055684531485,0.3755595861552232
378,0.13831935526840505,0.3811790849543435,0.23202684738793383
379,0.5747566299230342,0.31016500634204663,0.36471006557085084
380,0.07182781104107692,0.25658274964912337,0.3014840718557137
381,0.07041644929061802,0.21281179467876088,0.34088337307110883
382,0.08209287794174752,0.3293125775088834,0.45830887460254965
383,0.033614527689585436,0.31993573712939033,0.7289896961099852
384,0.0861063525429034,0.5083653976575596,0.34458465879331124
385,0.07410293204332345,0.2736370087038021,0.31636587282885464
386,0.13523926335997158,0.2958618084864053,0.5924673979662641
387,0.15422323999588616,0.18696532649742803,0.4736956377319591
388,0.45789848083206497,0.39133350480362106,0.5678037984708839
389,0.23601842178456672,0.29562516851455334,0.36236625857044735
390,0.08329548994344196,0.39677619980226564,0.43180678908705084
391,0.06786659035733102,0.3462382001921994,0.34136328175926367
392,0.17112055247971533,0.425066631007209,0.3422457563439951
393,0.052463980902473034,0.4585384246423064,0.3481447823760194
394,0.44333901958926714,0.2959623374661243,0.38285901307142556
395,0.27767036491222213,0.3777767261018646,0.3441976259104257
396,0.0893421014940402,0.3059358385624763,0.5095003560890126
397,0.041855744166026845,0.5276214018390311,0.401834027220794
398,0.3144821909435786,0.18228306302514816,0.3582303558700958
399,0.1130214442207954,0.31626030032174257,0.353755218091118
400,0.28946503077026975,0.44183576220705273,0.2925540515285253
401,0.04474244016152384,0.3623428557079392,0.2322832944136169
402,0.08209381250365165,0.3094500263184492,0.4558238021771849
403,0.1225295041071285,0.27699629421159977,0.45517246063871963
404,0.12604540450650234,0.3845136881992301,0.23038915090517775
405,0.09046596128520151,0.2820321653505438,0.23222856640779077
406,0.1874660075339327,0.27342927189974514,0.4171295179551642
407,0.06110597586759233,0.358499456537244,0.30295066190414005
408,0.11092969373889171,0.5094713414383943,0.24042571476252017
409,0.13249046996436595,0.3122967943435181,0.19040618609631826
410,0.1738203885550905,0.40768832863235716,0.2889353015903122
411,0.19948302904691287,0.3184719002657583,0.35035661780960925
412,0.0590117736467292,0.47118146307255093,0.30673329632607327
413,0.046309168935613716,0.2387207988415314,0.21223649302418474
414,0.29781635590677313,0.44556030466968455,0.27684424030402766
415,0.15322219127195635,0.3339973465467834,0.39935742284111353
416,0.07460657156733849,0.3036080715438911,0.5381321619203289
417,0.3622613316937917,0.23650896072136787,0.3411695523129652
418,0.1320738386239126,0.2730852899399914,0.46008161161192274
419,0.27764210574929843,0.29691963203442184,0.419748956147467
420,0.12781576989460325,0.3551073722999845,0.27755578947925585
421,0.523369431640376,0.3738737358790824,0.44748372944540904
422,0.4196342920829841,0.4992312242996898,0.4724341334209322
423,0.10330799133334022,0.38507685701049704,0.28681020409275193
424,0.23957566203241806,0.38971322486951687,0.33805428348513933
425,0.19044127619505152,0.28180695422027846,0.2790368679757198
426,0.31782041397581684,0.6925038210071818,0.21788263755299825
427,0.065107870822291,0.2642069593016964,0.4587876420253917
428,0.19594097355366893,0.4736110883758415,0.5411072418678016
429,0.25478355453676316,0.4072311556905556,0.32960049183707135
430,0.040812410116789544,0.4711086277794404,0.2819694987710557
431,0.056949131676727244,0.23988244315340207,0.4648008392383153
432,0.03511461201935369,0.29389297649104923,0.4795357689329667
433,0.10191361085690358,0.5451913805456944,0.2513241972152418
434,0.20031393443309847,0.3799713852617609,0.3514139737533156
435,0.3497868793563759,0.3581339079607607,0.6003192853771795
436,0.12838835565224818,0.4433520402453893,0.5748854931950286
437,0.3830134420149238,0.18098430087725503,0.24618664366285786
438,0.05064192252348279,0.3862130941137235,0.20701019560709105
439,0.04208345404643984,0.45061992099960907,0.37524715251198926
440,0.11759881236771988,0.31589037170795137,0.41875013422724716
441,0.15879581311053662,0.2803368697322526,0.4195417971091262
442,0.11942641667562022,0.31439065863988214,0.39816606976643854
443,0.03460431072136898,0.334279519524014,0.3675121989243938
444,0.11496937165386546,0.39238862584254697,0.29262426939441627
445,0.0529573142611192,0.4574555712469822,0.2726206543441041
446,0.19370647505597685,0.12624336512085557,0.43023503297538446
447,0.15689069308472273,0.30966688155795136,0.2659140059110584
448,0.06613075871235934,0.25283654817140877,0.18565036283045644
449,0.08677503487872823,0.3779937557256155,0.351825167570197
450,0.06142227201779638,0.2858685818989461,0.3677381635923316
451,0.11703479399005137,0.2659984902835697,0.591254032910911
452,0.23680732033329308,0.4606183206102643,0.3397578624416068
453,0.06427249735328973,0.27252225734874247,0.2122326002332604
454,0.17256888484240318,0.2543792869830482,0.48552458165956913
455,0.08585462189013608,0.5845777275253888,0.33089036308120806
456,0.07253273017425813,0.22386579276229723,0.31929578789507584
457,0.11359309102151079,0.2702083405461551,0.22564565705200085
458,0.062335025688017506,0.3831693269233829,0.3938910077861961
459,0.08456025051742544,0.31500238469446906,0.3531952216971377
460,0.05644847840928011,0.08950123407086483,0.34475062874609286
461,0.488195212741879,0.3350428286370724,0.4474943008957848
462,0.125047380723212,0.41959588254323865,0.4635647241380646
463,0.0769646956017373,0.6545671145340919,0.3717473587719281
464,0.14125162397170796,0.26501816890714114,0.3973638782458607
465,0.1131894835972449,0.23434755607083302,0.3747777329875812
466,0.10525201412980786,0.29323280668038904,0.551631132538884
467,0.1863322883712893,0.2940142578183242,0.24772222297186508
468,0.20601244534435134,0.2841285365620399,0.23219643133535306
469,0.0858410305728881,0.525103109346231,0.22354908710118127
470,0.08335404081851558,0.39706692086509904,0.39481659934441793
471,0.10153227976857183,0.18338980767004634,0.3241355055917828
472,0.030750706103592935,0.2950653751417763,0.23045152205997732
473,0.046815305698531845,0.14811862367230824,0.3158214635919464
474,0.3174210370517947,0.5362792649332279,0.6299927349132227
475,0.3875481968394662,0.2436981909543982,0.38415849565548377
476,0.1033030506554787,0.33030583498988336,0.5220692720461857
477,0.1815050231841714,0.5386403696855893,0.21410474432658771
478,0.15101401432626813,0.29097327048684574,0.36847038198243065
479,1.0,0.3216340373393289,0.3942660864437706
480,0.2660924080712,0.2558097563128289,0.41613369753560303
481,0.11201092061265243,0.5243666750255648,0.30972521379454787
482,0.06548889416017771,0.21635930265995418,0.4539377122553019
483,0.044438504610442964,0.5039205598090465,0.3917717543704846
484,0.14023764079037782,0.34084631556199957,0.34569293610488483
485,0.07423415443590448,0.358940247940753,0.2922373559043275
486,0.04940660074676585,0.6045762026583913,0.19960096431752627
487,0.07963397636838651,0.3724780184459389,0.167399430138101
488,0.060586283251681895,0.2925851225952037,0.26889202031846066
489,0.39950015353891993,0.38619207117111704,0.3198658840883074
490,0.22482543469637015,0.26194420210696673,0.2686411765402337
491,0.12143860519924969,0.32508239754917373,0.374487361935806
492,0.34420619087505466,0.492757638109564,0.43264366980190483
493,0.12867441549386327,0.4285178179876898,0.21840938684726663
494,0.06946680166586121,0.41539954851524363,0.39864504757527963
495,0.3550409928413867,0.23093048144156939,0.3332951388100224
496,0.1768056367252555,0.5001106006570488,0.1814672380099141
497,0.06225810409314581,0.35270981349198804,0.44367624985757614
498,0.10742575125021374,0.37583219603874213,0.2451801547528113
499,0.06884383293741655,0.28176230943827296,0.7033285912969194
500,0.0505616872194655,0.528633125842798,0.4783711006306506
501,0.23200775247402697,0.39407092375653224,0.32110107444262265
502,0.46904069600465287,0.408729992937693,0.3359744525643833
503,0.05009600683419304,0.3369202503689902,0.2070182053720362
504,0.17979378227930579,0.2214035156416642,0.5647503176266686
505,0.07942586914032246,0.3650317547732791,0.2528368084768283
506,0.08830085967972716,0.24538914895707994,0.34067576944695865
507,0.08246499657049863,0.40159024762560164,0.2717841093866555
508,0.06934866569998464,0.40327020675775216,0.38812229531650466
509,0.12617731022212014,0.21710198871732064,0.3339151470341247
510,0.0708071284626432,0.2758984262270147,0.2732719753200072
511,0.1468341661749038,0.511181594866697,0.3885067226083807
512,0.11802068153432334,0.33040890575379106,0.5263374315386138
513,0.10399891773657313,0.5015779563764744,0.34141726851394905
514,0.0674790000097165,0.4567616265511227,0.14842299687398863
515,0.08330262548040755,0.5393221399132375,0.3780993791565782
516,0.20570642103791828,0.3839795512350839,0.20028198867387087
517,0.17219391383980054,0.428300741855193,0.20876725159656467
518,0.06459908160192965,0.2749129267515262,0.2005389726998889
519,0.1306117790923103,0.4631190759591011,0.41790701397222707
520,0.2051287734335161,0.41718260255599066,0.20219001991976787
521,0.04288977206069232,0.35386299915597696,0.454021695764365
522,0.1773543427095494,0.5071510389429285,0.43110686612454885
523,0.07881682441223138,0.430582112882966,0.251610411831611
524,0.18075251637782966,0.3564397259035419,0.39026011354882983
525,0.07390878286818357,0.38309270394397216,0.4798134140804974
526,0.03979199765913411,0.319969335014227,0.27741100424964055
527,0.04391150367982182,0.36604090742669304,0.4873004854368258
528,0.12613991696448443,0.22017788339828892,0.35459025004837885
529,0.14575508687829258,0.3354779942707025,0.2673982308461326
530,0.06761625817404832,0.1663230506644108,0.4330200367446092
531,0.18954008007221013,0.20914639771137788,0.26397911135844354
532,0.04307981291977648,0.5379643770178795,0.5091197090735281
533,0.11676688036756867,0.2969700491312774,0.22657412475321304
534,0.056003142071828854,0.3902832748627533,0.49816917488037316
535,0.07936495512192865,0.3658522424781426,0.36009001791185924
536,0.12608117523453763,0.43791352995061283,0.41866544362222124
537,0.06950486213525509,0.4071461497660638,0.295665659594403
538,0.09444141452935235,0.5300830807805625,0.3799811090235943
539,0.24553842211365692,0.205580294101632,0.12644174685615245
540,0.08329612547431615,0.30544285989366227,0.3601441867998514
541,0.2176596301942533,0.4621477147912426,0.21329152822274383
542,0.05882999938369375,0.24583141393817973,0.42314418338027615
543,0.1756884920613542,0.3704627505299313,0.28193624616427404
544,0.3348631483263578,0.2784379944816779,0.2810369475695471
545,0.028350133930870165,0.414501849057415,0.22558587723968548
546,0.07234813569482544,0.2724909386795598,0.356284811889503
547,0.18157024210739142,0.08348926987396972,0.2530300314386456
548,0.10651803178595906,0.4470302414567252,0.33052234800905855
549,0.1573843277311738,0.5335834348131917,0.30228370776467084
550,0.08184973957314212,0.2638522641187889,0.2374304605372075
551,0.1294839763128773,0.45661523606132604,0.29615102246642555
552,0.1099456594329584,0.1713053348762988,0.27663641010647994
553,0.27537530785093384,0.2719651866859243,0.4517835592976537
554,0.14522528495488715,0.31128257703329265,0.47413850189092843
555,0.15378203901129886,0.2915099840369602,0.21281191304965952
556,0.09275997096037371,0.41025249097671307,0.35734180051832576
557,0.08827315643459516,0.28410790078879133,0.3069832981521936
558,0.09150959410985839,0.5338167004513901,0.2501631583088163
559,0.15994040000190457,0.2506763262752513,0.35203066021622753
560,0.09220697699453459,0.2479212787670548,0.3890655889840934
561,0.14879785044520422,0.2573187568118278,0.11829595068292237
562,0.5289600856457338,0.290712033879373,0.456338231667911
563,0.2231639924875902,0.31315380618751165,0.41848861615300914
564,0.09816010830804303,0.39181575381538103,0.33333651310314094
565,0.2820102208406014,0.41983754351155766,0.25028141869226256
566,0.09299190215946859,0.27259120484742766,0.3914858092194472
567,0.03513486673307652,0.3378425302030284,0.27059142950827875
568,0.0633887923499438,0.5352767177864908,0.4925989604155815
569,0.038393551982270666,0.521914510999539,0.4422997926195179
570,0.09652085398481419,0.1929553185357681,0.33825389919192395
571,0.12362763156464751,0.2078764881570404,0.2567869138348984
572,0.3964311810498761,0.2666417245508174,0.39229601247444457
573,0.1526542178121823,0.380161600320828,0.4287221845267366
574,0.10538324715994377,0.3200616510026553,0.301549267791731
575,0.21669801486159124,0.254766873553501,0.38227167877751334
576,0.03216401075223252,0.3887065181566713,0.28721110999277744
577,0.14336261740900405,0.5286585019750883,0.1800836900291774
578,0.20795490941084904,0.20794915568716738,0.18598064439269124
579,0.04781471485084621,0.34570877514399817,0.35317148158468203
580,0.27070702694931936,0.29530152807692756,0.5291982514488577
581,0.15387686596289787,0.45791959175562513,0.24241126677952984
582,0.09255242706297012,0.22575549309907786,0.2568317400899514
583,0.18877172266829265,0.29367253485703737,0.3694229316103552
584,0.6095582748440577,0.4740616437063438,0.34012464691858735
585,0.13817978603128517,0.30174461316728624,0.3677405189153241
586,0.14460831513219177,0.3606876764764897,0.39488316223755415
587,0.08991731731666829,0.20968054769050098,0.33420085330207094
588,0.06996874705486499,0.32953238247916256,0.3510433603862432
589,0.21684002598279847,0.377619129018276,0.22871479973314573
590,0.06969445194895996,0.4169014737964783,0.29323369972788543
591,0.1281678705596634,0.24725619274323382,0.49149634547290044
592,0.08884835976008061,0.35458402670124867,0.38933980231499987
593,0.16958950604118309,0.3857199773474083,0.366991256840993
594,0.15336469025994495,0.3363229403738081,0.2507643020717102
595,0.25103698907692806,0.2941270344471651,0.25687645165273154
596,0.0869928828111404,0.23952687474057024,0.23316317828356026
597,0.10188192835018323,0.3774061563035348,0.17326025170064369
598,0.0645506549352455,0.38839834404128065,0.30809792190320323
599,0.09080855814017841,0.4423816051191586,0.29605656516500645
600,0.1580550478954285,0.2777630000626065,0.35636944902651524
601,0.20593734482197112,0.43548837566008775,0.4604788640576174
602,0.06686581990084746,0.20390525791493136,0.27325384089629184
603,0.22292508190122026,0.2511213619792807,0.48967537380826076
604,0.3148795906482634,0.4435083041294208,0.3944847679807375
605,0.16205511194069114,0.3197418359509007,0.5143285816344082
606,0.4581054211459143,0.415745903685551,0.22766345702420315
607,0.07341602806226628,0.5153085455271699,0.47909237147105077
608,0.05488246446446124,0.4503588320781535,0.26874845725892677
609,0.0403662701795762,0.27818443892722183,0.2576797832053399
610,0.3482056708030719,0.34730078498123396,0.32985844828597977
611,0.19164256032227997,0.6177736280648015,0.2528973907287887
612,0.11759588059159581,0.2609061433800884,0.3843653103090493
613,0.14779753695497816,0.46926085933409983,0.4349646645022689
614,0.05898132898514101,0.3477069631710504,0.39201654184040713
615,0.6923990573931141,0.5906810917591726,0.3301461655472093
616,0.13329924529253512,0.3428260869205407,0.4800029425881809
617,0.1315099233677406,0.3248046387110049,0.38426482444848786
618,0.20147288565941415,0.40873389819768896,0.32081754596777834
619,0.16982866728415535,0.4842345449902414,0.32264667871146835
620,0.14221382235991709,0.3440955571296546,0.24971337920610998
621,0.07264305663686649,0.30815266391587404,0.2426817956929352
622,0.16870741258598534,0.4923360282850196,0.28964710165088736
623,0.45984048951642115,0.32656223209846824,0.23500898044547647
624,0.3125867981105514,0.4111215514447052,0.2267535633481098
625,0.3733745285410573,0.2517095311837625,0.24681432068840198
626,0.08692496562188741,0.28238227175435143,0.4657145580734008
627,0.06411815365826597,0.4153045921264891,0.25648919577085305
628,0.11217119773430918,0.2708718177855637,0.4328863673116521
629,0.12679587768556444,0.21314031223262705,0.27195301791456755
630,0.26133594954220735,0.3739548772999977,0.3568813239175539
631,0.04234033998920423,0.6026377518659327,0.2560097076370077
632,0.35668327090729407,0.28212196914557985,0.35763688586536524
633,0.10977418501158057,0.4099961196743767,0.6506834807089275
634,0.09185092727003652,0.4283431414638868,0.2666065122747496
635,0.06323153712768731,0.2961019762460478,0.3056170982412693
636,0.04324127308547709,0.26299955574071765,0.22362368965575202
637,0.2157486893864736,0.26292855338047455,0.46905867835243553
638,0.12832057483408096,0.32132170406898874,0.49107098696821505
639,0.053416480783747174,0.4288853022398717,0.24548641332523763
640,0.0532539480546478,0.241324362705509,0.3195731668749262
641,0.09752871461442673,0.5122060334780385,0.38336538703922973
642,0.3943192503952445,0.3480231335701028,0.3434083344713954
643,0.1025804862377519,0.329347270573664,0.24609619165939506
644,0.04714126800168822,0.3455471325047636,0.2424611713261436
645,0.1035296285736381,0.34104013561947455,0.21995987525535637
646,0.10168936035448105,0.4183916112160964,0.4589641560421249
647,0.02559594973069851,0.34495909074410375,0.41259898903790615
648,0.11769820584267456,0.47924381459184556,0.551080289020444
649,0.10455540101386993,0.3994092301993749,0.23885873134527924
650,0.19734001839009668,0.16796185517434856,0.36933454870324967
651,0.4489793394603081,0.3166742325324472,0.35096462330353784
652,0.26741800996163634,0.4324236578868195,0.3776033735970876
653,0.10194869322638529,0.37107215714942626,0.4059804906996096
654,0.059667566602010114,0.44587535475023116,0.8278157691799922
655,0.7599163065181641,0.4055065315932774,0.8195861602668796
656,0.1270970658460945,0.3935093969723597,0.37619377668266385
657,0.12325225732169673,0.2729568696872734,0.5429353841740305
658,0.12011975752731174,0.4415647348999764,0.2517284991270401
659,0.1397220488866251,0.3340875745062789,0.3256038632593036
660,0.11078249071652899,0.26904628260884145,0.2575023857970889
661,0.08347049475586996,0.17890859200564227,0.3639337540667299
662,0.08493368862366579,0.39159463402620054,0.39583278190190563
663,0.11942169695316517,0.3938418943447154,0.6544808925681859
664,0.08512326730355317,0.33076659752287685,0.24554837320248385
665,0.07632180041133475,0.46875097850921543,0.5005522120502717
666,0.13124462093870676,0.34310800545365694,0.2937071709101866
667,0.10289565300915827,0.17988859109431618,0.2797107324016327
668,0.35019785317007995,0.44545987092004186,0.31151430501311556
669,0.026120790021758718,0.20168916246832777,0.600524267947965
670,0.26083808722985125,0.29490621321053895,0.16425381707676728
671,0.2911772893315311,0.5903266737832689,0.38707404310965254
672,0.03449806517020967,0.42082226478303936,0.4726749664907587
673,0.09708495030360383,0.18578762944210014,0.24241261441833867
674,0.09526068362704321,0.4435416711908599,0.3967212515755786
675,0.04983425969561118,0.2935231351685385,0.26425064088888367
676,0.07322857367826349,0.42452085283103014,0.5976090412160616
677,0.05952019805997167,0.45007950593932855,0.21527681802907117
678,0.4187058286152633,0.3154368080634407,0.40227965121779574
679,0.23357075681426864,0.44555164737982017,0.29185869059537983
680,0.29651770954748796,0.36198974584827204,0.32139662085123966
681,0.2008950121996973,0.32109097672846304,0.30609665644852285
682,0.058853471988348754,0.39186828836716514,0.47050083058340275
683,0.08617553172877503,0.35223775195193635,0.35750045919280937
684,0.17081830302148185,0.4933864434294005,0.205860293067414
685,0.055629866385355005,0.31100743339979087,0.37877711492420707
686,0.19967665084050104,0.25978760656160704,0.3673018565662264
687,0.1039036020159516,0.4572740091091221,0.4626589793325241
688,0.09504877906085331,0.4164688057699723,0.37495037646444196
689,0.1993914464824558,0.3583618754455888,0.19782989073927326
690,0.16555335848549746,0.29997209447652656,0.4813078712682459
691,0.09592076776687058,0.398239043190306,0.476565963124997
692,0.2737236927217732,0.34489004803803697,0.3970756529400912
693,0.06060427863975892,0.43344388182872146,0.36977948763159474
694,0.18656265396526958,0.2502843262528368,0.3794906779273379
695,0.18361197154068856,0.42367636722413515,0.4785528932878613
696,0.09923631507762977,0.42082331955669966,0.5075715152083725
697,0.1525706517810995,0.35750269710052385,0.39840448997565836
698,0.054670458161623275,0.31777795710519846,0.4108659668060849
699,0.2316554865988677,0.29794746126040567,0.35961162712049966
700,0.10781673123903633,0.2692849990037154,0.6757178675460599
701,0.08627633834926031,0.42213383746841765,0.15976532649049846
702,0.2530873442354788,0.4257131615369399,0.27137964617610905
703,0.07673769206620105,0.3931678801443245,0.25897683557095824
704,0.049806571437361086,0.5261856382110552,0.6233242543092824
705,0.04571611759037775,0.3579959791451915,0.31485385078339845
706,0.18527392232124482,0.3615263680227453,0.16263909269726856
707,0.053720827553915336,0.33848637362824563,0.257768518929873
708,0.419468832096667,0.3995581466078325,0.40176317589213695
709,0.03434635342333877,0.4625141742796423,0.34157459002469825
710,0.40219057172147255,0.3094426547533535,0.3272919267524809
711,0.14096518550725173,0.3734647130770096,0.3607460562611754
712,0.11438367070199855,0.30144107660704506,0.47747127124877764
713,0.08504071645049671,0.33641512728683787,0.4481418027891604
714,0.16045944598088593,0.24006778026615205,0.2576397843134437
715,0.11902873514458708,0.22547431687130987,0.3711568656151425
716,0.2630328255269521,0.3586548285609885,0.5362317892475077
717,0.13194367024941364,0.3604849077332452,0.36205466493719807
718,0.13523076530938216,0.3141391001944421,0.2784313440192738
719,0.09575353871652442,0.39596776716070137,0.22872860725807814
720,0.11748801666638571,0.3298029396693681,0.3642457438691493
721,0.1506557777794339,0.33497319661864083,0.31565315216894824
722,0.041924829261934644,0.26044464294467107,0.31382056917205114
723,0.05160322272738295,0.39645841797423886,0.3615273962728519
724,0.2039621566526943,0.4609628799749622,0.2687511694254672
725,0.13714417039086746,0.3781005568533647,0.49575107664568707
726,0.10788296409361338,0.28350466546827496,0.3286198066230834
727,0.12362893433681216,0.34025503823601094,0.6013962110943667
728,0.1548443882246883,0.2928247234966898,0.4601465679218917
729,0.08532612564419534,0.5428048433508885,0.3280715482291706
730,0.07320589648840815,0.3662625541869609,0.2160886736911679
731,0.1395079853245535,0.487610255234736,0.4125313465810103
732,0.06456631613689001,0.2973646675317136,0.3895263097164764
733,0.16147486183369736,0.4357217159987311,0.26637477432968654
734,0.04210217962702453,0.3998882344715948,0.22706273955913586
735,0.24954910129713562,0.35765669045575293,0.3347352505844938
736,0.16883969620626998,0.31123367992619533,0.361896465324795
737,0.14538584406671734,0.15435172229416508,0.35362088309875717
738,0.24146865219693694,0.3432340290005797,0.3365007125424435
739,0.3933131715768233,0.4334800441087625,0.4821655331738658
740,0.24694762049746305,0.33732670888562655,0.2724002085234341
741,0.039019888340374724,0.36636190457588624,0.5867109459218072
742,0.053748149312712816,0.24222863803656877,0.18569997983146302
743,0.08075709205941847,0.17246516381622992,0.26377558590097155
744,0.12427210799161094,0.3064325199222137,0.22313160082429656
745,0.1742101388394055,0.4375653365513121,0.3603972787584996
746,0.07569584841311239,0.37303258054393584,0.38082008142250223
747,0.13864383980400968,0.27052132324299377,0.5642185002371716
748,0.07427986931803247,0.22099552616166276,0.3596368704573967
749,0.0814527319446314,0.4820395665051678,0.43570246719081485
750,0.04985907774531133,0.34363708644208796,0.23196625506636886
751,0.06682123313010024,0.3652293099723542,0.20782064451810878
752,0.05149671730941849,0.4298628971466798,0.4980188347528346
753,0.06466655561865166,0.6749266952116614,0.447991032962052
754,0.25392045058003937,0.36801605087919925,0.3624564750816138
755,0.06573972469844164,0.4119172620958076,0.25043587177072185
756,0.7933671173803334,0.5516856504944785,0.6778309012096888
757,0.17128693640267578,0.31940460007472216,0.43339180031130475
758,0.13846081690423556,0.36423309041479834,0.2672042509125839
759,0.06959480015844256,0.25538609117859756,0.3418468680007811
760,0.19790834941622945,0.42936538249116957,0.20169691593287697
761,0.0833637775257012,0.4356786236557596,0.3493854909470132
762,0.13264538403755852,0.3097634381756128,0.2887179500819733
763,0.752591647200338,0.4008175171652799,0.6700450140833685
764,0.11443392778318133,0.30090184219950045,0.42489177293549607
765,0.27177201086373487,0.454567718369985,0.12649065399175768
766,0.07679499496517027,0.43089811280120094,0.5779441498322917
767,0.119241582605379,0.2222501298580322,0.38137260707606313
768,0.4243413834787133,0.35816760699902755,0.5316990305770626
769,0.08064536576145558,0.22799602721072873,0.3668447517367577
770,0.437293204730035,0.3799981063023441,0.35272163568358816
771,0.19894347578708943,0.6602152942004391,0.2541408881814765
772,0.0840781221667521,0.2852326223889253,0.411353246951068
773,0.18872236346770502,0.36878295865506844,0.46764403059259874
774,0.2397424583735546,0.3593892618464767,0.17925947401291126
775,0.1873298404913712,0.29412228094180354,0.2554717486467295
776,0.0453627611632419,0.4197395381596996,0.2199756946272175
777,0.0756285841457624,0.6035772475689751,0.5691494895930745
778,0.10340738925458241,0.3216152106689658,0.47195207707040265
779,0.11611161995884414,0.3169744104371953,0.29903557089169497
780,0.1871809757293949,0.5058569050411175,0.4658271162405634
781,0.1377866777440331,0.3334595577600231,0.20887174577530954
782,0.05199643980245623,0.38875032013977195,0.3699084862761406
783,0.15837185587185515,0.21913191958768696,0.4470253266709071
784,0.18586686072957195,0.32455427180341945,0.2813758128844685
785,0.1793959216723805,0.22358774342293394,0.3352518927703576
786,0.2588588011143965,0.2898364558209459,0.3931094396604812
787,0.21738843727449056,0.29487100468755373,0.4764742497421329
788,0.1672748912857881,0.37496979717521245,0.1964675935691449
789,0.11644587462512722,0.4471778551907609,0.3181651209088471
790,0.04309333056178013,0.3979217190438033,0.24660288829408056
791,0.16388156043439286,0.18668472160507305,0.398422669632027
792,0.14064397773410017,0.267908549660094,0.30424403299183184
793,0.1469474529979071,0.322125011413975,0.43158426947031026
794,0.05383893204503728,0.35596107696392876,0.21088909955633645
795,0.06060453068514188,0.1633358822405981,0.2878007063650769
796,0.25383238579582507,0.4721585558181955,0.6042879313161608
797,0.11887452478102621,0.30296057288430284,0.31477937790392185
798,0.1953174155825061,0.2732613648208475,0.46667705389270464
799,0.12445988137185056,0.3722790325089616,0.2346344822605249
800,0.12458125557600544,0.20854103007234115,0.19945908588196176
801,0.2340013016491792,0.23887211961579796,0.5119021941737757
802,0.08665209694560339,0.3578258717345735,0.43046477083746604
803,0.1303265333109429,0.35440420561676694,0.2933046162523582
804,0.08974607676771422,0.45521469427387795,0.5458571628643708
805,0.09139339852006184,0.2020319670175575,0.27375070522638606
806,0.09926091635471176,0.5010253333636008,0.25219107191798257
807,0.14204326964145117,0.3450706630812348,0.3378124410597748
808,0.08878506497123866,0.29687691076924566,0.30795718723731175
809,0.2931932084071078,0.338141924100374,0.22594034087421205
810,0.0680286613774829,0.5311993939421021,0.32371578844565924
811,0.10767490839652273,0.3300639391318517,0.3639480169453664
812,0.09108037451966991,0.4018466943549698,0.43353738575127965
813,0.3361641032785876,0.24076086539668506,0.7198376176217374
814,0.13957576668302446,0.3090366863016433,0.48624410217397607
815,0.25002527178544,0.4430500458000696,0.2344434448567122
816,0.047622209847928275,0.2898293150555959,0.7321090775487985
817,0.14649078950097072,0.44174777694045914,0.3416362257135197
818,0.22609673844181127,0.32995741464456985,0.3730397024982063
819,0.12910527960900803,0.548838231914791,0.26832317587715093
820,0.25606247799099974,0.13740183261280034,0.3352039594495091
821,0.0865819773575947,0.2160896890315847,0.33348031901973385
822,0.3272207333023902,0.49498913157316776,0.4147262835032023
823,0.6221911902761421,0.5244558000514337,0.4436084016961148
824,0.09580239933401823,0.513930023142658,0.29706426884218184
825,0.0907366639195708,0.5357995160633414,0.48176676805199836
826,0.3377116701740408,0.1978317590588189,0.2809195336092457
827,0.3697372012640885,0.45590504790053654,0.4713693103497104
828,0.0862686489953076,0.3609135079054276,0.2703479946001047
829,0.0922552611511954,0.3196970762862784,0.22815631871280406
830,0.10107952448625745,0.39870966593004925,0.30521987138300405
831,0.05171720763297808,0.46185218332141986,0.3103827875861519
832,0.06701275562576518,0.24727603015418553,0.24087934005139833
833,0.06354366486856465,0.5693551169077155,0.29707132237744066
834,0.07369593665425822,0.28721860211722006,0.2812489382433875
835,0.11926602950868018,0.6416109918054411,0.3364427254579865
836,0.14322500522874373,0.38202729637015853,0.3984376543268451
837,0.36209179649033196,0.3223484222583094,0.3274233869951104
838,0.06377162764304113,0.26571149286122486,0.2452915410999783
839,0.2417476840559936,0.3037054837363278,0.29859048501805535
840,0.10574308188923177,0.5186383037790622,0.45454441450724736
841,0.11808234942984268,0.3843609251495604,0.26984407653562476
842,0.19440573352906268,0.3400069637848359,0.24292264675645342
843,0.059080863174663045,0.21982738356998005,0.19554259088147014
844,0.158614170262381,0.42512580511949977,0.26786199080995554
845,0.1367310723736957,0.43776495405248117,0.43293870030916193
846,0.17118382652057593,0.4660390550083249,0.2635728322739273
847,0.1487358012436507,0.3314221072721271,0.3322709501567466
848,0.6972333371746405,0.5695608820668098,0.2862544962651006
849,0.08008781657180992,0.425795283395179,0.2805276174268022
850,0.08581336722922757,0.2867185373328128,0.4987451502186454
851,0.08084447848473034,0.27706582917960015,0.3204181324241779
852,0.08446004937254252,0.31507349515576977,0.2180813945691491
853,0.08010600826584387,0.3233767051311991,0.1963365009667511
854,0.2795704831950151,0.2659161627883786,0.2345682527408337
855,0.32984638013064094,0.4711480023008216,0.22485804445553498
856,0.08362826239216754,0.2672462206676639,0.4375619142946644
857,0.07074436090208394,0.3673121021805231,0.3143199408368497
858,0.16870122937374543,0.43866381843104296,0.3432464834575947
859,0.08463853261875942,0.3292053884630547,0.30995993387913623
860,0.18879150987269203,0.36974755037088086,0.3149690981539853
861,0.1401857273675454,0.4830114809900307,0.4480498915657163
862,0.04680041245106585,0.18590346644628206,0.45784219761415246
863,0.3613133829891166,0.2797766215350372,0.569769566590194
864,0.4320920820229138,0.4671757131520548,0.2502495662199016
865,0.08138596747873779,0.16455660129122202,0.2959280732371566
866,0.09424606331740457,0.43871167090832935,0.35750501800296286
867,0.14839818377212105,0.6099796370090861,0.5366644315412933
868,0.15344875829208404,0.1915749928622822,0.26690488400103646
869,0.1922036695755463,0.27526710464165777,0.4485331104986777
870,0.5045435971642677,0.4785757939326695,0.27482439900150935
871,0.10839166597792553,0.28187117733689865,0.4522214528177261
872,0.072283925489311,0.31131516458240155,0.346237479308229
873,0.050665212726470114,0.41600120097161936,0.2358710171125432
874,0.07544583534302411,0.342833636327439,0.32364875731270865
875,0.11939156320518618,0.277263125169936,0.4065136560832211
876,0.43168056668639193,0.33185163842258475,0.10531631120481444
877,0.08656378605608155,0.21180217963148634,0.4438711765386508
878,0.14220445486803732,0.16610445075388763,0.20115048942986175
879,0.12074667618108834,0.3706585596761707,0.31326376713455106
880,0.27944640860882536,0.32537260021167236,0.32458865102339535
881,0.7346109504063941,0.17019224180247158,0.11431076725807132
882,0.08582051811659445,0.27418116906391415,0.27436804958368755
883,0.08816762731882148,0.23292989566898384,0.38302466345826824
884,0.2522184853532429,0.45545971855875617,0.5814932398509969
885,0.1953708806526747,0.19963309604998114,0.43259121130085987
886,0.4482503463977086,0.42787310112419025,0.4432743247641725
887,0.1824405783622049,0.3258854164277276,0.15060783853307896
888,0.09602673781398566,0.36303941525527084,0.30484704625757586
889,0.18329878725902934,0.3823643879557131,0.5746129235687801
890,0.2640443477172908,0.28403668730678416,0.45548640573413235
891,0.21534070885178797,0.5159186190273226,0.28408985151909505
892,0.17295653157351212,0.5939840431205123,0.34856251544232475
893,0.25627961627494306,0.4291948480395244,0.45303038979825216
894,0.2756721509718412,0.4752678727102667,0.4496779167174507
895,0.3209122184697276,0.27615001125290944,0.322773593187464
896,0.19088585474390024,0.4422635726803432,0.31057021882442143
897,0.1091067487625755,0.4417959686825351,0.38584326485896714
898,0.13489987511827356,0.45839599020229527,0.4523982842658696
899,0.2830762143416701,0.20904683268195098,0.2957775505655075
900,0.07143659502566456,0.4070130973705597,0.172187018998738
901,0.1571157304621379,0.39710602687183827,0.3276346914258962
902,0.09389715446997166,0.3881036336265476,0.21738484828584614
903,0.12449586801773446,0.5756372577387239,0.5928238550257457
904,0.2979811907394126,0.3019120634482598,0.24362692838242084
905,0.13905549069286097,0.29983845676629584,0.3236711397616287
906,0.12599887251009784,0.4812616465174494,0.26545581785295647
907,0.051249069545443234,0.4119939387697402,0.2835480019234985
908,0.20439068491698648,0.3789858282745445,0.4340722364482872
909,0.19045569159184345,0.33465677664512083,0.4627806139146894
910,0.5637811381472185,0.4604086630868372,0.41165559073679614
911,0.0993525872644656,0.34205758407423253,0.4514754332523674
912,0.1417530575989232,0.31157933718945635,0.2827594850151283
913,0.1447238360915564,0.3143603777707206,0.2313195613843963
914,0.3691743993137362,0.27384822457544167,0.26188532966733397
915,0.11449276780866006,0.3545441186142639,0.384578813470722
916,0.14770130888766808,0.33600704859526914,0.4851902515454578
917,0.18551814230765626,0.36281921276190776,0.21972603848834593
918,0.13862888575507623,0.2611445577632872,0.29944471666524347
919,0.09068135144130299,0.4269307621585567,0.30770274874919207
920,0.13934045599669115,0.253599464765396,0.25970772941496256
921,0.2575482999428453,0.39297356881857576,0.4044254138198794
922,0.0626713649944897,0.5153543093908085,0.4555225327126481
923,0.1336405048328532,0.34111833293492366,0.6818358685337967
924,0.0769452341998428,0.31146686892424963,0.5995829920529934
925,0.2807738796125575,0.3314372804108722,0.4284519026355458
926,0.04660057602045459,0.26364218758733293,0.289179883843881
927,0.08427157652799805,0.3588745363766676,0.4179970609369227
928,0.15804536877144382,0.31548454172532253,0.16468526816671009
929,0.3660222269737025,0.3156479488144087,0.4123268869816473
930,0.11679281247292667,0.342219629201711,0.3769423485216101
931,0.08447525832655237,0.3915433942417333,0.3444703640731027
932,0.459552180992153,0.24514264829644605,0.258932065464527
933,0.048670414040889544,0.4277651579069182,0.4289392265469022
934,0.032363372621259226,0.18186714680232524,0.2404539739856143
935,0.16506646679246378,0.42603265374868915,0.46308519553032945
936,0.08744532592700015,0.29478874912343894,0.40492213925326925
937,0.06287600924640997,0.4929926068007471,0.3843910298319867
938,0.19902780873861653,0.37565167691013884,0.24094611480554373
939,0.144170230742215,0.36816986719984934,0.27083619801115416
940,0.08399032743065772,0.3473137976924584,0.1994676018529869
941,0.05372483165619186,0.43208935632225765,0.4348545628415845
942,0.22337384082047199,0.3408241605218349,0.3400599103546076
943,0.1910850725853988,0.2477844214759346,0.28168280633123255
944,0.11419440880667144,0.3748555698209952,0.3217380619418366
945,0.448227566875327,0.400194970442508,0.4623544211530838
946,0.061013631430804204,0.24119085696524462,0.22765215034682817
947,0.04653802114898275,0.3222874341313492,0.29125592973818903
948,0.07735072823530233,0.40185770291459905,0.19229970387828643
949,0.11839167427572028,0.2810485477067962,0.2350591712759178
950,0.144124594095718,0.26588010650882327,0.3099520285882993
951,0.10384063568653387,0.286212443710201,0.4669962302323529
952,0.1553232005057497,0.234114143360955,0.4099260652953015
953,0.05465651568041163,0.2606754434341771,0.4543242038308063
954,0.33539066566684483,0.3163167316574588,0.4125720045347062
955,0.11550982639234987,0.3329504883814384,0.2429699893683402
956,0.2656616844275907,0.2419022369552617,0.5551295787329904
957,0.15432641020832472,0.19191945363847615,0.4223795338393981
958,0.1669935136767451,0.46405883092963524,0.5710033562979904
959,0.18064777907736942,0.337787177895359,0.5519179231895438
960,0.1659492865329923,0.47993931245036364,0.3264443736014961
961,0.19008825768166202,0.4145042318733536,0.2863399223931081
962,0.30897207470502935,0.2716955825992874,0.14548823888504725
963,0.13957255538489147,0.2777384179479839,0.3543022492792083
964,0.1991181541476851,0.3075560448312456,0.3319531592282795
965,0.11492175970889439,0.298518865669073,0.2720687951743927
966,0.33451496303495,0.3789672332298698,0.28538387116058533
967,0.07812355623327631,0.17818384869246046,0.395035751391256
968,0.4336743775543668,0.390287932241042,0.16973073217559304
969,0.11882616594974921,0.5713714277422614,0.49412567914790906
970,0.049161517942729493,0.45058362363925114,0.4393133188036923
971,0.13319775859691496,0.3999480664740327,0.2993189559715562
972,0.07789054481059574,0.2423607752815107,0.3280641783604111
973,0.21842017829651147,0.36073628418191467,0.3713912209433786
974,0.07932477439008075,0.3775634144441074,0.43161801559907875
975,0.09069620995961246,0.3840243146182209,0.6084355592319748
976,0.038008046868448477,0.44034583486386863,0.28276758737568275
977,0.09033335442090554,0.36384292765216164,0.5059529861143607
978,0.028995536467426947,0.47790639680260644,0.31293727288399403
979,0.04501082732793183,0.6082147508105114,0.29522674678127286
980,0.2064335449796681,0.48824387925461427,0.309226413612596
981,0.21014962302531656,0.2060293911261879,0.4668186671932052
982,0.16340989857701974,0.4629769551840317,0.2783840369062877
983,0.06502486799731658,0.41644573408582225,0.34772947975517765
984,0.11822202534989262,0.23689414676378695,0.2840250853756009
985,0.12179814110851504,0.4333963501187216,0.2922292356774989
986,0.05781420137350182,0.5280161758216992,0.5040571976533423
987,0.3500484006424442,0.39012478671810846,0.3350096593967733
988,0.2241480093475077,0.40412713451212073,0.269548978256311
989,0.10525239482209167,0.5538468816018894,0.29168493088702996
990,0.1243390766838897,0.2897042229291048,0.3670248955174481
991,0.14071096734274346,0.41547070671834585,0.33057868068923596
992,0.03506890807017251,0.26351530723165634,0.3364134110535786
993,0.10343087037654877,0.2963153681705189,0.305095150222913
994,0.07784400293539116,0.2542276448557095,0.4615856777350076
995,0.06364284782731636,0.47707743885864495,0.40195166251485714
996,0.10112543849352565,0.4625789526396004,0.3126246556433794
997,0.432656733939254,0.5113178618944094,0.35028478214776204
998,0.18983854800389133,0.45642440890676983,0.2559342708560561
999,0.08360482793879273,0.5986858090830582,0.3283031555730772
1000,0.18100273296635436,0.44646552544687873,0.26730145569101105
1001,0.32488753653135716,0.3322896777607851,0.35757620736228934
1002,0.23175480400609022,0.2774061973933792,0.325174378586316
1003,0.12713263154490662,0.420440887613691,0.3109655731076894
1004,0.07961534281127555,0.44719977384347154,0.35171332858619897
1005,0.19761914738138878,0.17399866257095503,0.3692203010037005
1006,0.15983349428944785,0.3426203194263314,0.467824706910579
1007,0.22698611792724144,0.18460269106320512,0.4269960732086906
1008,0.1890873533933949,0.34474916579897047,0.44924979627747386
1009,0.2531849358373953,0.4620775509183749,0.29977541716404704
1010,0.08557730928695353,0.44188202545932054,0.3679777995150786
1011,0.3063862378752333,0.15677355468413337,0.5613362711565684
1012,0.13967564505675475,0.38753772831595384,0.3258686534204215
1013,0.5289064112069658,0.24177914029275718,0.3502165458536959
1014,0.07748558132691788,0.24992592579584846,0.35169393220641687
1015,0.41381002127676136,0.40286230727176825,0.32512318508243054
1016,0.13970540652568733,0.3240713850031854,0.49516605456533047
1017,0.07938628756973577,0.22806322641980317,0.2908966119403723
1018,0.08848776091389178,0.35979342360554994,0.4664143546680011
1019,0.09852937253876924,0.37344267462222835,0.42584931052198893
1020,0.1632637730767335,0.2207017242943539,0.32967422168204075
1021,0.17483861371368073,0.3705371604932118,0.2939377802175338
1022,0.08346844100133223,0.3742477448376933,0.3326555511705407
1023,0.12010113174105744,0.45258508424722826,0.4772107427429688
1024,0.5552570809387111,0.48680913341143534,0.4660009506430026
1025,0.4113048901086189,0.3416335067675922,0.4297110969980127
1026,0.16464476782409865,0.41691699609564714,0.3269657625825306
1027,0.12527998538490653,0.32683534820382004,0.3408464713382139
1028,0.1324666016788925,0.34815936888248644,0.4080253800017466
1029,0.18624787982335753,0.4477480607133073,0.3113769488631001
1030,0.06281550111757973,0.45765881037792827,0.43451647393181203
1031,0.10273163405732946,0.3875979457289031,0.3526915256697134
1032,0.0429095122193325,0.4694334873937497,0.4575666899852314
1033,0.16046910466988257,0.356697342835837,0.205185392560222
1034,0.19068383482855977,0.2518279846945919,0.2750662077306633
1035,0.08852816899764561,0.3479236800968342,0.3016756192203039
1036,0.36825554169709734,0.340122187880839,0.382403402037342
1037,0.05550832404594839,0.3984527770156394,0.29741147997808565
1038,0.04821007482892056,0.2973032562293579,0.6338769762432421
1039,0.14226919831876744,0.19444739953261708,0.22103857851073272
1040,0.25274452096026795,0.37848001706212336,0.4583263452725981
1041,0.3985761486526641,0.45358786922136674,0.48703155540294607
1042,0.08994535816643552,0.29572933698371706,0.39254108913693986
1043,0.2584731441344785,0.47911884947550215,0.3034170504552881
1044,0.118958545342396,0.42778484576238085,0.33409796429772753
1045,0.10870530578603504,0.3767759954446046,0.43189024404190446
1046,0.22514611813414576,0.26744643093235276,0.19085877905638615
1047,0.1913688844175141,0.15199488590337154,0.272516437529359
1048,0.04520363378998398,0.4076747412569088,0.28167184268870255
1049,0.34336673071971874,0.38340959805175323,0.3980961351664254
1050,0.32043763783646895,0.2498159961033246,0.46763613782154234
1051,0.08071837567149813,0.37080225375381315,0.6005732468497369
1052,0.16008996743557663,0.4308223734579713,0.17115559698806004
1053,0.1713717315121843,0.19751250035141357,0.23715745207056482
1054,0.14585036805038554,0.33183570918395394,0.3007605344166645
1055,0.08474392869899877,0.39315198254708666,0.39948452488594854
1056,0.07836288078732956,0.27671215636099783,0.4252055317233786
1057,0.12000383793528249,0.3991357600507412,0.22435311782418338
1058,0.2763467708296408,0.41004611444833394,0.3781863310521979
1059,0.17738398155318985,0.17523386525021956,0.12456474284286317
1060,0.09531258363435985,0.26282209636933007,0.36845860560663013
1061,0.20807675801126968,0.41573588854719723,0.33335547847814995
1062,0.023983880543913514,0.3252892333435462,0.3255762352748034
1063,0.2716738792517904,0.2693154271704472,0.29583041000241117
1064,0.041243398400500106,0.36512002885404704,0.3266232332182603
1065,0.09582752217455345,0.4482062720255822,0.3718586710791628
1066,0.05919088946698671,0.23927116521745942,0.5499056283930653
1067,0.053266543321702185,0.3823654980467266,0.2155735448287508
1068,0.27401545912363756,0.3571307626156855,0.3077173520253817
1069,0.0894282486689261,0.3855429369065648,0.3976432308551642
1070,0.15472926710478713,0.35714080586714153,0.3297237455013912
1071,0.11828511563554489,0.5433419796453063,0.349645597356091
1072,0.16936133429964045,0.34544830386241876,0.2770064341966745
1073,0.12862661825725194,0.3685225415064269,0.4329523645521951
1074,0.05363878280984536,0.41705895455440517,0.149665970574691
1075,0.24380091010741614,0.3194726358364127,0.24019065628882863
1076,0.08791967598986423,0.44467984229682983,0.596408361341963
1077,0.045717352503373936,0.3619767134003013,0.22019973935094034
1078,0.09177660633205505,0.31433352961103767,0.25079796277201283
1079,0.349386100921058,0.2667555996595896,0.25837981689112655
1080,0.2198993334123179,0.45870459017043075,0.28133296944521724
1081,0.09670333044848291,0.25776021211725036,0.3340855028117834
1082,0.09666467929095116,0.4044414922442142,0.46628586947710393
1083,0.09844546295192326,0.4012029161886478,0.3900585107758481
1084,0.5294771387472696,0.2640276768892408,0.31145345606230174
1085,0.1585621776866883,0.2919757621862483,0.563550760562738
1086,0.16392964267015425,0.3729346923948844,0.29333193812875896
1087,0.2497487080230771,0.46647694256155003,0.3423654905347132
1088,0.14367523038653773,0.5487142965950416,0.3491078611691615
1089,0.10261794314730296,0.18978090879652135,0.4357259058708779
1090,0.10699527221368622,0.26269404741333197,0.2266706048076717
1091,0.1163333223435072,0.23431640656508784,0.23749845219237076
1092,0.11906188434226261,0.40091457099001104,0.4481490901500569
1093,0.20173638318560771,0.3154018237176041,0.5691277644945246
1094,0.12647095042663656,0.3889134807818698,0.29857585191501046
1095,0.20244689407030864,0.25284011611267015,0.21749954543397354
1096,0.11562142975774549,0.30694049769582266,0.2234123759641669
1097,0.1287853091261464,0.259689540959701,0.4605358375624746
1098,0.035876118818285424,0.5331933515505745,0.18420991087253652
1099,0.23039888553039317,0.2792692917915556,0.34304432565218423
1100,0.15472762229055348,0.2890865933354194,0.3175997083473549
1101,0.24410209889972828,0.48100446881053316,0.26868090043109344
1102,0.023512982351750644,0.38431008729233607,0.25201811803338103
1103,0.5339609841948181,0.39010419750032466,0.4166509186774022
1104,0.11113737466533997,0.28883703326763205,0.4268486629323811
1105,0.2639466533155361,0.39866635135464684,0.4783254172460234
1106,0.062156178697657216,0.31231683900210094,0.39088064497444
1107,0.18615111601708828,0.3931467205919144,0.3369640478584748
1108,0.06164155970530678,0.43644579649322623,0.3539713437856362
1109,0.08081173935019056,0.35826031820133136,0.45449320668278403
1110,0.470609073564661,0.5094640871974451,0.18264353998759952
1111,0.1074010845434332,0.4161293598269652,0.3860988478822748
1112,0.14158628389572261,0.3476238547028963,0.27779840528962585
1113,0.22299769812199213,0.5886722023804652,0.37816019386211464
1114,0.17156853289511728,0.1949315171345924,0.2369163838856272
1115,0.13524158304399347,0.30897090037993935,0.43611963300881496
1116,0.15671338016974742,0.4023643595175033,0.4032945526458771
1117,0.6713705668278986,0.38742195656512124,0.2659058573167799
1118,0.11743470364821906,0.14009950549512182,0.28846711190153373
1119,0.1400107304414745,0.3263020263217616,0.27962884856540643
1120,0.25338287937484755,0.41484557845161435,0.3423273343412495
1121,0.2634488119006056,0.36807385519523617,0.608599487880005
1122,0.27917527598085035,0.4846651406877677,0.17452954261633957
1123,0.189558337157279,0.3143314372440433,0.372326906998926
1124,0.05835596132262909,0.5193962509799432,0.3845466677058028
1125,0.38434330890352036,0.3292635496867915,0.28230627144905285
1126,0.05823761372173561,0.4380000889086932,0.18518367719095608
1127,0.1501207820952311,0.29183794683575626,0.3150448685315427
1128,0.07433220277419329,0.6022448556829759,0.22113271656828182
1129,0.1169197490348992,0.3237946497533901,0.3995225521890142
1130,0.1528474520909091,0.47960690588517546,0.20776687943219596
1131,0.15206926921751637,0.35756813919265673,0.33080914749211365
1132,0.1630100977643084,0.5737353868990142,0.2599107335574143
1133,0.37892772848498485,0.2679688278731561,0.4714344479150805
1134,0.16662108100400538,0.42662161480903105,0.5361479997696526
1135,0.10363898225598084,0.563741886929241,0.29907399137622515
1136,0.23831041806312162,0.37008737280005466,0.23515318326206558
1137,0.2796608905474626,0.3871537719818498,0.5517173217161436
1138,0.055446901557829116,0.33250869462534155,0.3217357118970047
1139,0.18416366744692741,0.19152312365698768,0.37100245796808096
1140,0.19802807440804196,0.20293202473898483,0.32330773691412923
1141,0.10002726483864151,0.4499188617187694,0.3145734017373192
1142,0.31943366136791623,0.3274349945312447,0.2859710392939345
1143,0.11036048089562009,0.28015698005776646,0.16937827530826322
1144,0.13296833846532832,0.6934757722035444,0.5664175513657402
1145,0.1086729856914083,0.22015918598347173,0.3578411729125731
1146,0.1233900638427126,0.3140026634698052,0.3274845162144776
1147,0.06004255115329874,0.13866468477418736,0.44624126919437057
1148,0.04889648861159694,0.24251999329316426,0.27958090512562717
1149,0.3737287195496848,0.4524684112777625,0.3774098509464586
1150,0.0700959169326458,0.33599030163475435,0.26002192977657723
1151,0.06404717345766986,0.42918461163081895,0.3004733210795035
1152,0.033113619635141034,0.49848658369754006,0.4029111196626388
1153,0.08002486469741087,0.3008743878141367,0.36651769167059534
1154,0.052375196643379376,0.21492443602668204,0.30236662386270047
1155,0.3867253364232552,0.3504756016026992,0.4209928627707994
1156,0.2461522502773366,0.3974706064129638,0.259327411584835
1157,0.07753708428150219,0.4019005138311539,0.24705640555228242
1158,0.6015205005497205,0.6193858481476999,0.28986961965569646
1159,0.2413105078391788,0.5957014463100625,0.3120326803257002
1160,0.09823753443027328,0.3861372937089366,0.301727938224264
1161,0.027985371323694268,0.322623753900199,0.2923825311706628
1162,0.6186012327952053,0.2759904757961083,0.4430500654163212
1163,0.05036099859507483,0.4836914491890491,0.5262993503057798
1164,0.04347181832465718,0.29294748508937196,0.32234224261204236
1165,0.24838693742446302,0.43916191397646953,0.4038161812897195
1166,0.6893788670141636,0.41233099894710545,0.2631705124412483
1167,0.3213981521336059,0.289524829926904,0.326098338870393
1168,0.1799115984119537,0.384987816185952,0.3884012470479059
1169,0.18382391547892177,0.3328532676646183,0.25356128830429553
1170,0.22039488741884747,0.29817342471444896,0.42337889767747094
1171,0.20621816056406395,0.27612945023089885,0.2639078859126112
1172,0.14792187637769652,0.41295509064132985,0.4585480127503677
1173,0.1310455170245513,0.29551943828939065,0.43605574048031526
1174,0.11704157555684973,0.30074124840004757,0.4712467313475346
1175,0.07434692428046058,0.30333270773437243,0.4588823148124238
1176,0.10115397996563162,0.35291668382466823,0.5927034668974595
1177,0.042328714631526515,0.4892372549266729,0.3936363120336698
1178,0.11425863475960178,0.29730620125398627,0.20263301967754122
1179,0.06415844846787362,0.3519510952821415,0.3501646490302538
1180,0.05977469936947095,0.4980155424678534,0.2893807930066169
1181,0.13799351185054792,0.3143216203071279,0.20914219990914945
1182,0.32318151126397643,0.26882859650004315,0.4938431197847374
1183,0.23072281136787368,0.3358781101900531,0.3043550363092846
1184,0.04535562750503202,0.4087705550464981,0.19918351739097628
1185,0.0641172271969255,0.2983080477998543,0.2715369472074639
1186,0.2344131168967011,0.3722431857976291,0.6485006007525694
1187,0.06440170913361526,0.12770204028269122,0.5064453513025009
1188,0.10499531113107353,0.3508964416788666,0.4208130567797095
1189,0.17818286681116446,0.4952449279589242,0.4085712355369978
1190,0.0649696085463233,0.5004816118670781,0.24801400647875615
1191,0.1311503729576861,0.19301159796157719,0.24140447835440748
1192,0.052037037775210425,0.5237965651136012,0.3997130737339871
1193,0.08198821630744181,0.3516838347412895,0.5389491130104002
1194,0.1519042782526817,0.2697796050004556,0.23813383015915285
1195,0.04477888294318494,0.21539984059204273,0.3259004717448018
1196,0.1651191388874097,0.29635317026462366,0.3619156360015151
1197,0.12048456526414567,0.3276695166321374,0.2870717757411218
1198,0.17848571810050476,0.25586611069964266,0.31763585064687844
1199,0.14221675832935965,0.30659834093083765,0.23708854607623614
1200,0.3168007527469273,0.35987980114088797,0.3703830888388351
1201,0.132936431876453,0.3230384598262375,0.35497275611189993
1202,0.09169896801019732,0.13014920024509183,0.4067945680465951
1203,0.13267140225794927,0.3976400691334791,0.3147243778422942
1204,0.17734666548530184,0.5143763649931585,0.4187242187433332
1205,0.1262062995388853,0.42178350601581216,0.37382805759625715
1206,0.12550014389121397,0.426386271066367,0.48775009796596147
1207,0.07685320620752499,0.15797713477554134,0.30851954421348365
1208,0.07880279927841201,0.26276950629636664,0.4481609614297396
1209,0.04997763029319978,0.4034595396569039,0.3126699391459125
1210,0.41789301063142137,0.3494210259306156,0.4098954505776602
1211,0.05490851337842602,0.42766201172337887,0.500902015865873
1212,0.07730136479079523,0.2634554897528662,0.47936769465854656
1213,0.07605116449405001,0.246738351691943,0.31475249269386296
1214,0.22694304822149403,0.18467362051744812,0.2828152986034412
1215,0.10020072735330096,0.5594654894563766,0.45188966896958627
1216,0.29152164524706076,0.5218105385280001,0.28978632547606353
1217,0.07826907366735797,0.2519243375736984,0.4543652395826052
1218,0.14769852967671004,0.3690319934047952,0.22300045984400163
1219,0.07061097876949256,0.3332229169616922,0.38962247223958546
1220,0.5564186488993785,0.282357890393952,0.29816511717511224
1221,0.05679994232784698,0.26025455107727036,0.185756754002653
1222,0.15086540518436448,0.27998223136355005,0.2596128468045723
1223,0.18890306311983832,0.4759974075252908,0.2963084953315517
1224,0.16209597484324426,0.5129214042123674,0.5914124682494118
1225,0.10778895377667977,0.4325244284833886,0.0987090818350076
1226,0.11186797508826596,0.3870697804451681,0.30167718829515766
1227,0.12577461382704289,0.258195375765352,0.3000858153457159
1228,0.11058652905510756,0.35111173945450025,0.24215821752059552
1229,0.23827534386246654,0.5499869216959035,0.29619824566756797
1230,0.5834736960776059,0.39585702388456273,0.3205331682376499
1231,0.08434976181795145,0.21618114722488962,0.26918937727830033
1232,0.050949632441109054,0.3589006543753419,0.3759811151839152
1233,0.1150342129406667,0.2283366758791047,0.5379389145438465
1234,0.763445189673165,0.431937335240104,0.33086257791754636
1235,0.07203826413886444,0.27485143202678686,0.2676452407007429
1236,0.3859193271123483,0.2877641381311738,0.32449869265292897
1237,0.3967921683958277,0.4126434484414722,0.3001822860777323
1238,0.08456360037857993,0.15420549335975495,0.46869018789453565
1239,0.1805490453970588,0.2899323077258038,0.2887416020218023
1240,0.3829531021764013,0.24750573288106825,0.39124767924678994
1241,0.0947795235867812,0.29968381852528814,0.36811576526149836
1242,0.10648000211274268,0.3789536875732672,0.34772859473063444
1243,0.08303834693214372,0.44596331038382275,0.2279279105911785
1244,0.06312798755994532,0.5054296937411136,0.2743940809788806
1245,0.07949560113154165,0.38374029808861276,0.3161482142910035
1246,0.05556927046795758,0.450593274539672,0.2233675328882755
1247,0.12494734327664146,0.29486205944038313,0.24131656649195327
1248,0.07359415351195682,0.14869102508306994,0.28723310602385127
1249,0.14318287779826647,0.3606670580016536,0.37418332017903577
1250,0.04573528364006878,0.37994547373531345,0.5123334211138679
1251,0.15307079074082441,0.3152703995576038,0.3656470817787747
1252,0.21732824043369794,0.3533384283853629,0.34995162267637603
1253,0.03596038902536741,0.3394687111992729,0.34368854358467116
1254,0.15770114997818133,0.3084918573874264,0.3008718280196329
1255,0.2873780620368466,0.412245852796615,0.3260327423363204
1256,0.056049552684027774,0.4514251218142595,0.4003559407266677
1257,0.3953290492369298,0.42342480654669384,0.4486086225753231
1258,0.1626828647263573,0.3701968315692583,0.13208430460897447
1259,0.07670491304460297,0.312657014855163,0.4198167747196714
1260,0.11758125885545838,0.22869674750759247,0.3055260010972972
1261,0.17921305831537776,0.3914174612822982,0.3920954430484185
1262,0.12855523177497646,0.1962776902904594,0.3763376746455671
1263,0.17678667444518606,0.365070933099387,0.32221529890752454
1264,0.06692816010898664,0.4003208450350965,0.3958140557492862
1265,0.13700318024838926,0.29324382968594376,0.36769241469704683
1266,0.0496537507989264,0.25375276196118673,0.3321275861398028
1267,0.11327330894552086,0.2795266197669536,0.3245589373360266
1268,0.0676335700483633,0.3802899508869685,0.24066157129243415
1269,0.07522488852254167,0.4066942770420859,0.3376913866939426
1270,0.28910953321383037,0.2635869291985296,0.16215580037948213
1271,0.26080164294034464,0.32748837020321003,0.3680007941390653
1272,0.18567905824551242,0.24110786410863652,0.4232737983119582
1273,0.06018826028955991,0.26277188854308847,0.20247202553065902
1274,0.09878652606917121,0.4040056488256027,0.30731585392575994
1275,0.28440849599819595,0.4293608886764656,0.5139646284435586
1276,0.13444053641931225,0.29231850546369426,0.6343278263862454
1277,0.6315082972359947,0.3708541016085454,0.32589569626458537
1278,0.15981497452243856,0.43768774716992837,0.3428944184679783
1279,0.13914593980718867,0.17607304318674208,0.3285576840339549
1280,0.09926457504785113,0.4379829568482103,0.3525586222411502
1281,0.13369259232705538,0.3933581031686726,0.487787897226301
1282,0.1101821220537726,0.41848530504641374,0.3365108524847047
1283,0.19899323872257388,0.30988342831750876,0.20861186191877723
1284,0.23706874752973134,0.5006699549621855,0.3645027105532471
1285,0.07284989453459383,0.22168026062845966,0.2965197791602637
1286,0.05212313011867735,0.39417667250477173,0.22929340226482414
1287,0.039118888880629074,0.44593831082349056,0.22932306997545837
1288,0.17304280949259507,0.2529813096789763,0.3244844469000911
1289,0.05978283381499896,0.16985482738345486,0.4080822679333175
1290,0.033122012413006566,0.5367796753118101,0.4012968264132124
1291,0.15929207094138048,0.4740492957731028,0.48362987947929326
1292,0.7166578099287387,0.43752422438450345,0.26118075295543497
1293,0.12159492097579735,0.33231000714312464,0.29800684600724386
1294,0.21808916658322614,0.37252607743030336,0.40914738543113116
1295,0.12906536501226046,0.3751878333887479,0.41972136934287474
1296,0.11421638631835637,0.45581522074591063,0.2832645577155166
1297,0.23084669405930305,0.3710066384260777,0.26760845380466325
1298,0.10051182321478244,0.2619783177431659,0.38931866622099265
1299,0.1465252284330962,0.2566329183360029,0.439887137918205
1300,0.15210496711407737,0.4950834682285902,0.3113092124314987
1301,0.07854072205207081,0.21432189230087895,0.3879266922527168
1302,0.24307265627846875,0.4318478579596484,0.336455726512328
1303,0.10853583788476047,0.3012666253846904,0.27089995163378244
1304,0.07426275559720973,0.1579209557543325,0.42153103782501855
1305,0.17651043964855812,0.4292072318012268,0.31234721432544815
1306,0.06786432429239767,0.3967482353630574,0.19724619153570283
1307,0.12444830428071009,0.35367957708619574,0.27029727538435183
1308,0.12134448483599479,0.3006846054309148,0.1445332336723899
1309,0.25980068089144776,0.528722112246537,0.7285087267157689
1310,0.1690861056150966,0.3622235585043518,0.4967193950765544
1311,0.12004658317201881,0.16645410605164224,0.21279047787326294
1312,0.21492938123712682,0.47924099138610254,0.27670394645370555
1313,0.32276651622821906,0.2972329533999437,0.3608744067822024
1314,0.17914855753997597,0.32347220083507605,0.5406199358001824
1315,0.12295406957492305,0.38771090589639456,0.4201543731396511
1316,0.05272605242793611,0.6035099205507306,0.360400117930744
1317,0.06120008311144506,0.46263798082608826,0.2768335130797052
1318,0.09952076895879934,0.3986444153490934,0.3901590312563462
1319,0.0815582214196856,0.2740914130725113,0.38539328448745636
1320,0.10766773752685357,0.2692574283469186,0.3398461302635313
1321,0.12687555035792036,0.4726427578705505,0.3276761910932093
1322,0.17567486871755697,0.1953785938633498,0.2904111053283533
1323,0.11641975031894897,0.4914015887320231,0.49498357122240055
1324,0.17047774027152804,0.5323438252780828,0.18383504471869133
1325,0.1275516705063772,0.4808990644838892,0.370357538303568
1326,0.03630810144517092,0.3447852640382083,0.33795653315680274
1327,0.06615320509543635,0.4003136105074398,0.16372736534650045
1328,0.11080275390042442,0.3850592950824078,0.2971734504554664
1329,0.05604773867592473,0.46594795080170365,0.23790543577938794
1330,0.18448900816793506,0.39884557591154346,0.23674415507621283
1331,0.3569909381006599,0.22348716842006827,0.2587758200282917
1332,0.2855590239342686,0.17869285315212827,0.4891120079012655
1333,0.10578159592380645,0.44460743575894646,0.32983809158139843
1334,0.34687929891265984,0.3150738435904055,0.42277116881401755
1335,0.13507994180019442,0.3473132418311884,0.22240084892344936
1336,0.09744488672527951,0.23405362479892583,0.27392268529999175
1337,0.08135373566150576,0.17678249323121686,0.2925378037813521
1338,0.0997025777371243,0.4372803805251474,0.35358842788327915
1339,0.09421659173885347,0.5085506540626585,0.39654786076752757
1340,0.1371020601118079,0.36623717013590973,0.3660646172924572
1341,0.13618293443802865,0.4063810391926092,0.2565814035006756
1342,0.12234736383227673,0.3369383382660717,0.42215405050831534
1343,0.16471489913732584,0.4388097868800635,0.2748696737458929
1344,0.2798951937897326,0.4589083429036344,0.36553745168147955
1345,0.2358733136458894,0.4572039210748153,0.208401836913031
1346,0.04764045137098893,0.38377734276095227,0.3094297239939574
1347,0.027290513181022664,0.27963769509689385,0.3948278401887154
1348,0.23334659641609798,0.33983553550995105,0.3472941392485077
1349,0.05103743570837023,0.4414288319574475,0.25565283453178134
1350,0.10498605731672966,0.3914264119740743,0.3977826910154406
1351,0.05740395684725217,0.30288964337093816,0.2592773117790906
1352,0.0398551447497208,0.4239599493982495,0.1796802362004984
1353,0.17712016332515657,0.3083153593291707,0.46011757404486686
1354,0.20625098347705,0.3271975863847007,0.2392526292132382
1355,0.08331669798413144,0.4182942767006874,0.4283535561663655
1356,0.026833149071877463,0.4194309864324624,0.3113629217657879
1357,0.0849675755016484,0.25678441686489856,0.4103812787488266
1358,0.1596477463038977,0.40159760135082595,0.25861555648723744
1359,0.04780571294446361,0.2906165409156859,0.43674488867720207
1360,0.1383210504264356,0.3251387553243706,0.2809487590040303
1361,0.12083756822472212,0.17949442106038851,0.307622269080009
1362,0.18185149533647554,0.5228851507084209,0.15080408506873305
1363,0.1324258882813797,0.4608956743589649,0.18920432284702554
1364,0.06477923897033076,0.5341121306763547,0.4244072633381639
1365,0.2810790421696225,0.4187581331883069,0.26950519177258875
1366,0.10973584421370973,0.3016701634810295,0.164215412069602
1367,0.11986200630863861,0.3602928331677761,0.2734777583020167
1368,0.06640399025027323,0.24348164753462642,0.3973293602332326
1369,0.09086871504002335,0.4996326436915743,0.2228848562574829
1370,0.06844812776103316,0.3718861283553886,0.46053321842581163
1371,0.10868212858055742,0.3661264529171638,0.28041410222081226
1372,0.40663613906763113,0.4455874525340558,0.29650237643346145
1373,0.05088675078019041,0.2985816823100484,0.25953033154072225
1374,0.04425984331294364,0.2915313366963105,0.1700290186272994
1375,0.3420466384978329,0.27464998425984133,0.3039111066694085
1376,0.10607267394361862,0.3364577220453893,0.3258108580239921
1377,0.0784912287336872,0.3173017933660503,0.3760784774242848
1378,0.251458310032644,0.32950686054367023,0.2586410196674772
1379,0.08176362388833285,0.39336006148172914,0.18660156044719173
1380,0.44159735659657573,0.47202157176131126,0.5548783288446965
1381,0.19482905320678928,0.42675927803358144,0.3536142222299934
1382,0.08825557859990642,0.5021015726619985,0.3256054403785653
1383,0.5613521558713626,0.35651234014338645,0.45949862499762417
1384,0.08175837779534777,0.4172674483507995,0.239664039412733
1385,0.2037948827609277,0.3012000603600861,0.22572993921562934
1386,0.14977569819205228,0.5291338802855188,0.4057082837143102
1387,0.30297870842707325,0.33629056159242227,0.5669143330447723
1388,0.3649681176527292,0.4884436319524903,0.20320260993088007
1389,0.12477128867331871,0.36231029356433486,0.3291840579178454
1390,0.07437279026062216,0.3320750108538624,0.36976047690464897
1391,0.1673668349795943,0.4289605329471349,0.3815516189833634
1392,0.0780573087815014,0.5069247632412368,0.29923995560100386
1393,0.5057084032222117,0.2952530154792618,0.24229293197089602
1394,0.13396599859885713,0.33413693143618456,0.1530397252475707
1395,0.09564568308920655,0.2414499625592744,0.5969136052627798
1396,0.13844605691964593,0.48694812827966943,0.5325519781737771
1397,0.05163551416959721,0.26537302741004715,0.2643817745508518
1398,0.06483779227386569,0.540883251099386,0.3315466595072244
1399,0.2818495254998723,0.48017925333478284,0.2689977625370878
1400,0.07910739996910203,0.2695997121659921,0.29872053260433185
1401,0.06188869500243556,0.2923625729920919,0.3143674858919286
1402,0.17652800113946623,0.45642020245566317,0.2160371331936377
1403,0.2789117295589246,0.36139589666982636,0.32169852702436774
1404,0.20051227492475618,0.1266204218236685,0.34147635393190523
1405,0.24376307779835418,0.34381537527289274,0.18293645676009695
1406,0.07421317673203474,0.36662472916815697,0.25867978914148043
1407,0.049419385352243925,0.4458821347829713,0.20080551872280317
1408,0.3495300373971085,0.25344057476104515,0.22998727715700207
1409,0.09837744309791766,0.6162336818366524,0.304850729768323
1410,0.10317963965900731,0.4580831569578942,0.31329985195043225
1411,0.30876046988498396,0.5346923078672431,0.3140788627986012
1412,0.17895140279840438,0.39235907384445284,0.6087413226557395
1413,0.166893293217974,0.13291020410100543,0.363983763909941
1414,0.564497026425559,0.348779552505745,0.37253063111261686
1415,0.07979059115534758,0.408225882308192,0.3428651202769043
1416,0.2322804747539653,0.20057735212920788,0.19870381653074037
1417,0.1269068482077248,0.19683371791556784,0.3174898866887629
1418,0.14664611515143086,0.46625257207277354,0.3309754439358794
1419,0.35640623756072154,0.23113857740136232,0.4152675589767506
1420,0.17302409322733264,0.4361192075825673,0.22585127706133484
1421,0.17673007622186446,0.34063531754160903,0.27393268454668346
1422,0.25734281038725676,0.4853684555466676,0.22774914601210317
1423,0.09566894341333157,0.37823169877667184,0.2646007236758983
1424,0.07043919114568106,0.4087314902183673,0.30023411887888773
1425,0.061968804992101875,0.23650014975060077,0.21862497042931384
1426,0.03648325403448478,0.48041776585152257,0.4266690759163496
1427,0.5216492016335329,0.5938070479147477,0.23635798330655955
1428,0.05978861430848895,0.4170203870121109,0.40961481903073094
1429,0.10523208783111337,0.19846641341323779,0.2856670113834175
1430,0.10141360271592635,0.28426280585364305,0.28343600994092655
1431,0.15061479402154454,0.4362552392817617,0.4308033713916203
1432,0.21462260952779125,0.44054580436177726,0.4038313427974055
1433,0.22149416040256215,0.4908895254365216,0.3832551843350329
1434,0.08296334842113244,0.27806153332057176,0.1784483060500508
1435,0.1091064834612519,0.249000685416024,0.4813962217508657
1436,0.14806320428083006,0.25217522008626314,0.5162804002336492
1437,0.1033267570462412,0.32191574607809537,0.3053793776248188
1438,0.3771963814961613,0.33303714059003975,0.23983432644378366
1439,0.1710083314062288,0.46231686871874444,0.2189069440423837
1440,0.20276506059782196,0.3457041083954077,0.3014389765467362
1441,0.19278788350893183,0.40878873044441943,0.22871317837920402
1442,0.27649334725046937,0.4134820564700498,0.30939218673382035
1443,0.13809996734723792,0.379812443471256,0.2764700941939694
1444,0.05319841227390633,0.41323259788734096,0.20855452979747507
1445,0.16052071536807005,0.21117035814369092,0.26548404418856086
1446,0.07938940605844717,0.36676990659390707,0.3417051636889755
1447,0.08594626609191501,0.5744543145406901,0.2441374432895888
1448,0.182750857377708,0.36129982086624274,0.2963053641237323
1449,0.2895614051856574,0.2884135682554475,0.4373590416838419
1450,0.12386686264541535,0.3184317838973454,0.2585143531615214
1451,0.15076281306617295,0.371304861365725,0.24281002739589375
1452,0.40386314568356285,0.4022621365506447,0.3455400215036507
1453,0.1438690016076981,0.3763221273371665,0.4730236386526647
1454,0.775786302383628,0.41378924114966886,0.3808596569442989
1455,0.1801124158982047,0.5263548096113744,0.2659727886300067
1456,0.04076693286233743,0.32832975868437403,0.2656578807298411
1457,0.20541052322177947,0.4800444890679417,0.28324046786190593
1458,0.1584770342075224,0.3872333160778835,0.2987726647477512
1459,0.3003954188854614,0.37629371218637775,0.6837468877476411
1460,0.19418288846514967,0.36394518573545415,0.346153271901111
1461,0.11122188730243684,0.23646940406471206,0.5696268234274294
1462,0.05555731207513653,0.5243003861954577,0.43221053500249906
1463,0.10609393748677588,0.3049256155339483,0.12631542423501269
1464,0.0699389642392621,0.3350003786767378,0.2840135202090883
1465,0.08310056576436436,0.625206135164887,0.328421282840623
1466,0.18303341373126403,0.35345334744118295,0.35390312232819143
1467,0.3945701054466436,0.36538297149487575,0.34301922970268184
1468,0.1599646709034525,0.25579762773398934,0.1812888825412476
1469,0.05651647451472491,0.24366878673472708,0.17844600889863288
1470,0.16559231258229493,0.1707374200669276,0.3310706371823436
1471,0.28109105360029346,0.1569495856792265,0.2941507865549945
1472,0.08154397403978055,0.4177646398718565,0.4926593746484669
1473,0.11155348194361882,0.31200162702427875,0.336405720629945
1474,0.12331562870349967,0.12301263656435252,0.4254384401777517
1475,0.07290031967893906,0.5591544637227224,0.4105660551905509
1476,0.19082852581270052,0.4363857253961181,0.32852404872088475
1477,0.11253612803769839,0.3187948255033525,0.4693505919125658
1478,0.16274071418033323,0.5346437048349706,0.28849024974235987
1479,0.06833276235703305,0.42517110207880104,0.3302762069017833
1480,0.09121612836034607,0.3521549432053646,0.3433313806119399
1481,0.20099499095170112,0.23684734197008753,0.2529801698452969
1482,0.09517333042841539,0.3360982238871611,0.22576502527659464
1483,0.41113311629570615,0.32757978125525367,0.21516537176126677
1484,0.09350910521930113,0.27991375880702934,0.2354236210217578
1485,0.14229192006819416,0.37877938320883736,0.3215864481685532
1486,0.23306161011377927,0.444022748862193,0.36999411764578727
1487,0.04951893670176292,0.3462283494688668,0.2176448449086868
1488,0.040765898521600924,0.2130132355060993,0.3418933777924631
1489,0.0465345159093901,0.25227565522124307,0.3093593004886725
1490,0.29462522064086294,0.572573420165919,0.4461179519916575
1491,0.08465857379028117,0.1722935942804267,0.28476045911340436
1492,0.7515572753436299,0.3598446810577994,0.5383693680377266
1493,0.0839811301230143,0.3146925089920611,0.4248439834853768
1494,0.13843383831280195,0.4066810915146061,0.30166812204753807
1495,0.3599156149962958,0.3742449984173224,0.2806344927588747
1496,0.5030428717723009,0.35612632003333916,0.44073356843257894
1497,0.5236562632054649,0.4670617579856017,0.301531584832539
1498,0.28345110732656065,0.4079085243067843,0.34025073101183256
1499,0.24864976783656018,0.35684874113178855,0.28421009742978415
1500,0.18353839933559724,0.38056687381854004,0.27985488437022077
1501,0.20905340862838018,0.5136062973106195,0.22066618956809625
1502,0.08469551954967058,0.3558480343265556,0.5066529023605996
1503,0.07137958915800907,0.47735847664603936,0.29550310815489644
1504,0.12181693771889017,0.4790362679947991,0.3507955534248124
1505,0.10888309567018341,0.248229255232362,0.39168442846315954
1506,0.09027887288582238,0.25986837022200304,0.5049337317980422
1507,0.19736506171255427,0.39663555985393306,0.27963498943255527
1508,0.2368346033268497,0.491889046729899,0.1409629528208522
1509,0.12964415319145778,0.2903592675981904,0.34599492156763256
1510,0.3436106054804637,0.3925665743960343,0.39264597868940765
1511,0.0584026582012479,0.41137092387718555,0.28135194124296464
1512,0.10718770293115903,0.15135089953848788,0.3985344121690312
1513,0.07612817854095112,0.41822110328620693,0.33620521601952125
1514,0.03848179474276278,0.2840448506177639,0.29984257977304896
1515,0.11546866372315437,0.36052176575346645,0.5005592087194184
1516,0.11247575183879356,0.187401263761603,0.3029081998518534
1517,0.35258331578398716,0.27827727171837646,0.5493295363358272
1518,0.18851194674140692,0.3594802418515511,0.33970615328364095
1519,0.06276147195582707,0.3617460809856953,0.25439691211055593
1520,0.4506490068044223,0.3025829112237048,0.16817840044046994
1521,0.2860218473570828,0.3428615967648947,0.4815657300224303
1522,0.18220777733944182,0.4095947505695228,0.44971284687655677
1523,0.10486588044953778,0.36939521333448305,0.42915361595934864
1524,0.06533025159562372,0.24532089047765215,0.494652936898762
1525,0.09521261865258328,0.22192822847799065,0.5710461184813644
1526,0.2603276111595422,0.4583143680485921,0.15189565068478977
1527,0.46069304427390023,0.4073420604313363,0.17803022823993853
1528,0.3602088320863625,0.3951575149205697,0.3068818878052876
1529,0.08820157621175641,0.3353478366825974,0.45287141260239583
1530,0.05919278282119263,0.27748193026693546,0.3680901898360449
1531,0.13436434011746212,0.27359792208676154,0.36833961492843725
1532,0.04059500294870904,0.4184171080686379,0.29057421545072265
1533,0.15225913389028137,0.2596058715247218,0.25310439766663756
1534,0.11054202914779877,0.3791835028927899,0.3258224140526185
1535,0.08952562443052693,0.39846002464439184,0.3095819428640884
1536,0.04473544516192973,0.22417229250680348,0.2901877609530499
1537,0.17371902678446793,0.3264388807621267,0.4083600231399904
1538,0.08571837708704584,0.4167743081507314,0.3350863039302372
1539,0.05741077845824424,0.3426388159500326,0.3859022926366864
1540,0.02374770386932889,0.19106518046055485,0.3243111835736318
1541,0.11984497380998119,0.5100158872944752,0.41543136933270397
1542,0.42478593170834833,0.34281988964623794,0.230612494737581
1543,0.39212100948460304,0.12721028279271648,0.2051960278361979
1544,0.09005063591244068,0.49286574904738734,0.3012899902410335
1545,0.08194351456365753,0.2671242104521637,0.4252198144966104
1546,0.1683922289043163,0.34095957487471173,0.2987626709442542
1547,0.06377038809484907,0.3433127429974783,0.6092934875090339
1548,0.15003362084715968,0.40455011820419867,0.23791386164226636
1549,0.20725687286682964,0.4712991555780758,0.31580078351140467
1550,0.28722734699943026,0.2928605102309448,0.1731641736944956
1551,0.11411932902289758,0.2935310237854427,0.5224987662575418
1552,0.10647336484022686,0.2661524429274584,0.32339620766075694
1553,0.06874171040254172,0.5572157482502863,0.13763295775525064
1554,0.07098925218312824,0.434720509083569,0.3034043142166328
1555,0.10486624430554832,0.32200032519407407,0.12374676193592499
1556,0.1569738610854534,0.2917080540822905,0.4855221900941461
1557,0.229952922165883,0.25191466586540956,0.24734685597074885
1558,0.07206086539862284,0.5821124618027655,0.3405193891520586
1559,0.3473681291365616,0.34205717456034707,0.26267627033255386
1560,0.10179746845474359,0.2927761352620723,0.31515357110626846
1561,0.12034381723082531,0.48841117453246286,0.43014440715877733
1562,0.07466714800460271,0.3115089231604216,0.2945005812397024
1563,0.028990573526990165,0.3543405343557351,0.3996201165074529
1564,0.22520736033618433,0.2633895838316545,0.10924392500599034
1565,0.2030450452601374,0.3040419940742429,0.216569557961712
1566,0.10111018767943977,0.34402346353392194,0.34178565385749704
1567,0.1277699391104265,0.34101841627632246,0.26468972594915813
1568,0.17400186965432815,0.26481563316181866,0.4792235622493223
1569,0.04556190256106262,0.47442937517379,0.43443468769594895
1570,0.08592190544460757,0.3648147356567798,0.5058711202919712
1571,0.21140430430099477,0.3600581451031753,0.3468322817755235
1572,0.05456658495537382,0.35854968072145543,0.26240749573888594
1573,0.14918569810246787,0.4114792774429541,0.4063268618890833
1574,0.0513481223552246,0.3872873157897401,0.23484385322278029
1575,0.16811848228299936,0.25745982709177684,0.3059513405687463
1576,0.11918902062702719,0.43263287864627553,0.38188802314090853
1577,0.044220536267070065,0.28305356337199933,0.26591819617805945
1578,0.27477955706355073,0.5252551785083126,0.6702982897149753
1579,0.07526989996136464,0.34174997297852544,0.41971896770436445
1580,0.07173908206499953,0.39855265108643667,0.24661205042595225
1581,0.13995993951750157,0.35468428481853836,0.45017862411946863
1582,0.2716490729485377,0.20806719636664026,0.545677646103301
1583,0.0630864630084113,0.29315443133369795,0.19782532474069464
1584,0.12730974061685515,0.3317937101995957,0.4939831929390396
1585,0.16379056276127935,0.4109558537213225,0.21747297605661858
1586,0.19691171073887823,0.4909421434891405,0.3352188625367496
1587,0.13766805210817798,0.2566140546075833,0.35527710015047476
1588,0.09553815592878426,0.2886036402888731,0.27021660152606614
1589,0.07095744583693052,0.6548172886320789,0.2699167753931021
1590,0.1294447028219973,0.1794080675303802,0.2522307153694656
1591,0.060936782620753596,0.4556805161101305,0.28141443276397854
1592,0.023271897778493818,0.4832538174049523,0.24006558475828432
1593,0.16467171347399998,0.4247163543033821,0.470901410754215
1594,0.22839123724151128,0.3699408547146276,0.2007634673938125
1595,0.029852867371663663,0.276227477348807,0.5711824401128813
1596,0.06332437910324715,0.39338091238360273,0.32203221486295197
1597,0.1869825949002516,0.3053688547927557,0.15494296430895282
1598,0.5221366878976984,0.34337611374664934,0.42626679865090045
1599,0.1238267597096837,0.24281957088120887,0.2961763494951491
1600,0.07558682442789894,0.3970598225460372,0.22318531676721426
1601,0.10796137244646048,0.39013400880561594,0.30084406574857725
1602,0.31924388339833654,0.3027507858077662,0.25960238402565833
1603,0.07966515698561773,0.4097051486272024,0.49506440277029695
1604,0.07224298075487295,0.4470140409018568,0.259015645322759
1605,0.08855377186937897,0.37824008869062364,0.21239346121469893
1606,0.06557909755965892,0.32779674903697825,0.26558609681436757
1607,0.13270512728945835,0.26725545811659307,0.24020582837692428
1608,0.38192978523854293,0.3851776834545197,0.4660478127985904
1609,0.152249853280354,0.5881702919582735,0.35819967605948333
1610,0.1030753453110987,0.3512033312954617,0.20106944536207927
1611,0.10040944673343655,0.3511162531170786,0.23472766073545215
1612,0.045545133017580786,0.42795323859646506,0.29058849051556157
1613,0.2250587381960339,0.5370579293083084,0.1727227267709338
1614,0.11584578668893493,0.22008989801605652,0.2303255650226485
1615,0.10813592621048436,0.21905433434857635,0.372156827035685
1616,1.0,0.3158281714905333,0.57381720557297
1617,0.1497200681476025,0.14698711680901946,0.17307629563747667
1618,0.07444981919729125,0.3459797331663043,0.732842772113934
1619,0.091882473045937,0.24844170740741137,0.37801503062717
1620,0.27161203914925997,0.509537215906965,0.2280716933203864
1621,0.1318576352765803,0.3204324955663898,0.5297984821151503
1622,0.04894700388281509,0.2209281300998417,0.38309229214044616
1623,0.23087155661918538,0.6152325247979845,0.4355879700093497
1624,0.07853801883219537,0.31846291241990793,0.43295006971361494
1625,0.4569483860888603,0.204601886652248,0.46579179451806785
1626,0.2587241759672454,0.5115818969127728,0.21838188270043984
1627,0.0906286177529807,0.46148252323972766,0.43061392100548346
1628,0.29852727989617256,0.3657370387891006,0.3419126471075865
1629,0.12784504670189872,0.22870473962054533,0.40248322530768044
1630,0.22029519843447526,0.5262010999062,0.26868361877975333
1631,0.17026841890996788,0.25976561852011026,0.27133918365448184
1632,0.07012262434350224,0.3253115799165582,0.2776939530225438
1633,0.07978896908384518,0.28449334931023895,0.42103009070776587
1634,0.24969158917885736,0.34434009549480027,0.32720352910126
1635,0.09759379361223705,0.4423023533511128,0.2815198235505688
1636,0.09326280657578412,0.5040691155451628,0.3012514288273684
1637,0.06550592415721058,0.5945269186798965,0.4899052599303684
1638,0.16319968370770813,0.392336528714834,0.3920416417714533
1639,0.5240442010574923,0.28030359238493235,0.3877992088349361
1640,0.061109258359397754,0.46484482969460944,0.3655498515858986
1641,0.12411456346169221,0.28736088129934245,0.4653155865313646
1642,0.3278948228065285,0.30329232750963764,0.23458160597793576
1643,0.11570515085323732,0.21896946064764813,0.44075721348360075
1644,0.16648679556618984,0.402653508633167,0.3444128148867468
1645,0.06130239811155593,0.489291325007605,0.24541063856343764
1646,0.16373277189560131,0.3811625496931039,0.334093332767888
1647,0.10765529344027974,0.279378642470341,0.3075409679975602
1648,0.24198870569719755,0.2255016138331054,0.3741254734170555
1649,0.2792460174987483,0.37079820662288915,0.4426516047859599
1650,0.7689548510063178,0.23909068731470665,0.22847408536963298
1651,0.18189483545839819,0.42826871532507194,0.5586474226592582
1652,0.15253524505562888,0.18840109756209955,0.18464982016696257
1653,0.13936853083083411,0.37487536806754923,0.26268136013339727
1654,0.09641562549660114,0.35790999159118775,0.5989385571029219
1655,0.1538755324765804,0.2635902973780634,0.19962920212738144
1656,0.10017072487848212,0.20516892730065608,0.27652066325161295
1657,0.1369189348085368,0.2494528694200098,0.25923760703936355
1658,0.3064307925501264,0.25483675174328285,0.13340803746474073
1659,0.0634493344165842,0.23492434722519803,0.32447196525577116
1660,0.26996182018041526,0.41841321127065906,0.38609785788693274
1661,0.30632515534822713,0.16318444806766766,0.38573988106282986
1662,0.11275392407161486,0.4812962808811076,0.2762196000247261
1663,0.03364959332038752,0.24683403277654492,0.16270402689691182
1664,0.08164724402080839,0.3896497119998646,0.26613856740810565
1665,0.301953139678709,0.41848443728983237,0.2474859717651376
1666,0.12022182910735,0.47456985340048136,0.3633586163996336
1667,0.06373420762150006,0.4261373695677092,0.2777636579729737
1668,0.08729042504757434,0.2795002805484218,0.37965695868988525
1669,0.21841655861804105,0.2669344488827662,0.16528757308689518
1670,0.1777714872688327,0.429445168979916,0.405729371946141
1671,0.10400002192091082,0.45012555687364153,0.3909357853051506
1672,0.09555096842116255,0.3511206165246999,0.228421811197202
1673,0.09399484038091023,0.22774866399177005,0.26169722721696465
1674,0.06685559363373367,0.3446375752458266,0.2993071647293165
1675,0.3793817652635988,0.398292775021363,0.4620079992046323
1676,0.09840083356716575,0.23099340067327262,0.3021511056544927
1677,0.28523285884092897,0.39113061143744315,0.3695810029655976
1678,0.3545803429267135,0.29824800171392246,0.3323087382242401
1679,0.2441541054824319,0.2922073491531592,0.43969903427634904
1680,0.09156588446100691,0.3601360044575215,0.35088953571108594
1681,0.16097026923322333,0.47324542511253215,0.2164988434695036
1682,0.1201140341076438,0.42333656942147707,0.3058631177742414
1683,0.06764228252491714,0.40001020717235275,0.4522256206866928
1684,0.15238423087260966,0.6467911105108026,0.36906807336386804
1685,0.05709461498126042,0.47183484425646255,0.21845496988099156
1686,0.27930436272178744,0.36223012179679653,0.5638793430519077
1687,0.08960873484007928,0.31811512237070705,0.2727637723790365
1688,0.1400165416531568,0.44059632576527025,0.4431650414246896
1689,0.14813531425259385,0.40148321864778685,0.5100595603499293
1690,0.10262730093368488,0.21932369130153986,0.4610708073870686
1691,0.18279290843532303,0.31577753750904464,0.24844669493685112
1692,0.08900832371944997,0.21337824388729668,0.46609173801168335
1693,0.22319115919534693,0.22854930782107832,0.36123329981473484
1694,0.05167050118532543,0.28493944980323727,0.21193288999860888
1695,0.13304117808551913,0.31598071168260733,0.3264356837071431
1696,0.4791638946349403,0.30128606891835064,0.23918850280254783
1697,0.06369362457412157,0.291838656102255,0.37944883030181
1698,0.07805582737975382,0.38403116296476775,0.42781788766873496
1699,0.17375621080252704,0.3526455935866183,0.47218616720947204
1700,0.1379640320812851,0.49083410648922154,0.3277104865127643
1701,0.15517048109476472,0.422981764389995,0.24651348726375216
1702,0.1707960623996626,0.39180060912474984,0.22206685753806077
1703,0.18902783674185264,0.44900157354886233,0.4140083039649284
1704,0.2642313495426543,0.25646733224372453,0.45183864184788414
1705,0.1616499628498332,0.417017218344092,0.39810953583058994
1706,0.10383914292257318,0.29155406018886115,0.2521344030511249
1707,0.19410029521979816,0.4861276636214288,0.27178218398395454
1708,0.46581709776007213,0.37708413116875183,0.2781566918520207
1709,0.11165705087066664,0.2828528534496018,0.1981106470867201
1710,0.0647205292108976,0.5123012574023406,0.3929821844179904
1711,0.2637400164244845,0.4141388801336098,0.3208898324941435
1712,0.11257897443073335,0.32744006870199,0.5154505507195583
1713,0.03279205155877514,0.528652671226936,0.24180470812713994
1714,0.21946583626865737,0.5366259659196897,0.32056398703606426
1715,0.0855721391888477,0.34581754026145484,0.21864955541159065
1716,0.11486011010764184,0.15933872991793738,0.29675956121910807
1717,0.15318694171488303,0.32234987982923474,0.4282909482150612
1718,0.13899845878915668,0.42031936644083134,0.3421545533796807
1719,0.19918071537707346,0.3089268374757859,0.24241943546843037
1720,0.09133409853712285,0.25681623118001523,0.19850793730907662
1721,0.17365931814795213,0.370848767994737,0.3014522339352868
1722,0.10258353250974797,0.2951489380850406,0.3586957499711525
1723,0.20332550491809542,0.44054116522306697,0.43228388836873666
1724,0.1864886341794481,0.1663104195773766,0.26211512020432604
1725,0.06631413762763697,0.5061555282123603,0.25979272201731013
1726,0.2598166495148933,0.4600512615911125,0.6242312741648036
1727,0.08553682336125666,0.19702312453706344,0.3335731733134699
1728,0.21346574159444717,0.2568277492589878,0.4495882291745458
1729,0.15696538307080934,0.3297087555866817,0.21717681578838083
1730,0.4454981827128826,0.5061322233885743,0.37188307829700296
1731,0.10507701843116278,0.29419132897113015,0.42191527639884163
1732,0.0966609086197839,0.34296241022752677,0.3423879114057069
1733,0.12050233482338436,0.4418493834499281,0.18019048033662644
1734,0.09965568170146401,0.3710452251903173,0.2476191247682183
1735,0.21225024176999127,0.33057099709088467,0.3771456219276399
1736,0.04419106146707062,0.2567824237288402,0.190891249286323
1737,0.06163144614108612,0.4259113372324542,0.696437585762624
1738,0.06109913168729345,0.5040172485703018,0.47454013913283744
1739,0.23599902093404002,0.09973304371132538,0.19790804009323276
1740,0.40631527146606566,0.3896056765304961,0.3651122463615645
1741,0.11379031052610189,0.45700108999899525,0.3443526945574237
1742,0.10898243380324187,0.343073620943132,0.4676321684018223
1743,0.12803604290004922,0.21728804295068604,0.12850158505998827
1744,0.27422059568051427,0.238621123447842,0.3546919177645482
1745,0.06664955351850875,0.4041159286521098,0.22241324937433277
1746,0.1436338121332204,0.45390680844915815,0.38549383882908705
1747,0.24019132999909718,0.3528646779936896,0.23203023430316672
1748,0.17221509755486508,0.27105164395339104,0.5066983934577551
1749,0.13891115392065592,0.4535491472927732,0.3704279550860301
1750,0.24462755466190045,0.3000765010677043,0.1756561117958209
1751,0.025524809468779913,0.4015269647254537,0.12506886395010852
1752,0.19482215650452941,0.21025394340374312,0.3925438238139717
1753,0.07925080011398516,0.3657960656457684,0.26687741502471957
1754,0.03923749862111543,0.3371192740932602,0.4016094546772322
1755,0.17342963020949753,0.4058288983330898,0.2701363014061382
1756,0.3189657617227734,0.476819668647532,0.4833235270137368
1757,0.11129705317154409,0.3157031125592485,0.4569375093798379
1758,0.23642782016453007,0.35520679965038326,0.38468642060191227
1759,0.37853726541011057,0.6020308728577988,0.24838318926484015
1760,0.3058438053275141,0.36700975318604756,0.2770560487551377
1761,0.38615489358574123,0.32662505221085203,0.30912109559504014
1762,0.20379947788457553,0.5296687629723426,0.23526805603778383
1763,0.12850526917282032,0.41822381711075995,0.41234460286490726
1764,0.044551494747906595,0.38137403739762454,0.30239279051708373
1765,0.10350762596100843,0.22130806636688574,0.31702131690554275
1766,0.0702601748394328,0.3553279304776139,0.28333213520198863
1767,0.5669373468091066,0.2954641811719914,0.33421980158471953
1768,0.10846863506639899,0.5264443180875289,0.35533002855257567
1769,0.1327534940873346,0.33740368012851274,0.28069037371785066
1770,0.17836085460069595,0.34860114719336605,0.31140176403460634
1771,0.12575677560713516,0.40059571399185195,0.28860149641480326
1772,0.4017834758054683,0.4482382993625349,0.28884848578254857
1773,0.08087007697318516,0.42854173401983126,0.33836374722657636
1774,0.13938982208616932,0.1566962354440169,0.12469225175770793
1775,0.07489292892280214,0.21952262216738525,0.5115185511623934
1776,0.05247053687517363,0.46734098422464465,0.4250196860922755
1777,0.08143952587308431,0.448885954568599,0.3536625662828691
1778,0.11907679109881641,0.34300732299824255,0.4344828795441237
1779,0.0917051815330043,0.45334272092577754,0.20978913359284396
1780,0.07732533175573937,0.2885891587090334,0.1797472392111586
1781,0.04986910842310539,0.31979414276880486,0.16936741005892503
1782,0.11543564567744351,0.38162289475163697,0.3847802254994003
1783,0.04709842531758864,0.3374722465150713,0.35152826662457226
1784,0.20638153587293387,0.44190713520806085,0.3762436550067504
1785,0.12911895806736168,0.4719556381395118,0.447236988081514
1786,0.04840138319603744,0.21624528095542492,0.13634472645216988
1787,0.09925848733988528,0.5184160937661386,0.22247967621474501
1788,0.07443251176693509,0.36464043764100657,0.2707514832034948
1789,0.15184070958004633,0.24011260332351705,0.4128590993564216
1790,0.31147790984918744,0.39160128778184977,0.35236947985207456
1791,0.03830300171057693,0.3801495887639006,0.7151663738654478
1792,0.13201547847181483,0.3444657862353995,0.23156535031698944
1793,0.10961810691374854,0.4355611655743446,0.3954146632440174
1794,0.19393273215847692,0.3049078928531738,0.44914009893074724
1795,0.1411758273837857,0.32703699739983755,0.5205672241270398
1796,0.07444137314767446,0.24040750461792873,0.3146248072675347
1797,0.09861372944382307,0.49183156683695295,0.21418847065345448
1798,0.07238798706561839,0.28273687877979903,0.4116831731842091
1799,0.2579829712874961,0.15285815304132674,0.36844405359997745
1800,0.12387022614033574,0.34876790865085067,0.4018343107572607
1801,0.4662582295018111,0.30911072310785037,0.5040315312845018
1802,0.11719411714135329,0.45347430608739747,0.311301533961616
1803,0.0765386146882451,0.43341693705038026,0.23622631152101986
1804,0.04685510103793643,0.2843163919468671,0.4007556696186728
1805,0.03982990069836196,0.2777414088589673,0.37030618770333046
1806,0.04500486003671285,0.5777886022673113,0.3032383121069958
1807,0.14649847954060913,0.2849524812926552,0.2385879506356065
1808,0.17313110747834254,0.4809923202792218,0.3742099770076478
1809,0.04508032670643458,0.4833776062740995,0.43694460851301165
1810,0.22696130034650286,0.24438333866928247,0.1914133981925913
1811,0.08853541714402369,0.43544886520428355,0.34088132334377874
1812,0.1349071809844225,0.37064998332678056,0.40358573066296743
1813,0.37852157126882063,0.3747915978116353,0.571560727427079
1814,0.22725001574220222,0.3967120880840717,0.3433676354778512
1815,0.10197294335505455,0.5194313063360089,0.5339075218317517
1816,0.06817442227607938,0.402966101117141,0.4346220918045257
1817,0.0331400879464392,0.2562470745589557,0.43724405835609825
1818,0.0760149442508576,0.2970155020202226,0.2567517152278708
1819,0.10594490616458639,0.5491953926382845,0.6862138928476262
1820,0.06421460873296249,0.511193560094103,0.3428999566415637
1821,0.11176022790884835,0.2192169245265929,0.3584644666626431
1822,0.12862924126703823,0.30811136578100673,0.3382693924783524
1823,0.10497971986022889,0.5380335650175099,0.48840039055587203
1824,0.07945855405168534,0.2105278654935548,0.5969215447500484
1825,0.13693706422764168,0.25358417896328933,0.4121224601960817
1826,0.1652870070178137,0.3318597580257645,0.2966269534045184
1827,0.060258786695219065,0.3071995774086172,0.5556893024370732
1828,0.32759241419723867,0.35008279563815914,0.21749989222640326
1829,0.11423954451124163,0.39660446993126025,0.26680151410263697
1830,0.12366375752825139,0.5095371690386425,0.20729631295366074
1831,0.1990079921612452,0.28680297402439436,0.2982892487581961
1832,0.1431269231239362,0.5633046143872364,0.4562558217984819
1833,0.23647164649340333,0.48629761327394466,0.31278319559367934
1834,0.14852674276560177,0.3119203284473443,0.34250691722744464
1835,0.08140441713485885,0.49064473679299186,0.3767892615099948
1836,0.15633964146840928,0.26221596612449427,0.3122263486917174
1837,0.058330382305152105,0.22449898691317885,0.22956768726857013
1838,0.13143513145492958,0.22980301738951517,0.1866587125255843
1839,0.11938325776736415,0.3263149113920933,0.4977543323517778
1840,0.10615812059696163,0.14636579138008782,0.272442675226135
1841,0.11196433532445867,0.2332903359729771,0.2677491372905876
1842,0.038165553502105085,0.19847206948816884,0.19890259592760512
1843,0.08483088224967691,0.5692079107678789,0.3216292043787895
1844,0.1300362695944855,0.29369827842329366,0.3978494287036014
1845,0.1361161831861397,0.4257419050617297,0.2985586420776696
1846,0.06262653950937032,0.2947921795986458,0.3752372726090669
1847,0.29528276857522834,0.3348185906433675,0.1631864564945137
1848,0.06925350760639816,0.190521464800312,0.35477866505066114
1849,0.23921759120065794,0.2798035519241548,0.29413483009155095
1850,0.16360660979620734,0.36712578503200144,0.20315466998272502
1851,0.0796516765223509,0.19668372814609744,0.18934877196598704
1852,0.42572480983631245,0.2839193249974746,0.25191959222628363
1853,0.056593160075141535,0.35831414118743427,0.22138696460059687
1854,0.2308593638803646,0.25604455545169347,0.3748091731033839
1855,0.24454721003057725,0.4979234402792749,0.3850618804010325
1856,0.07841333096017157,0.32790197774597657,0.3549255392124443
1857,0.32328866282928775,0.40248490125683767,0.3781791329008608
1858,0.10323363406516607,0.322243366772949,0.193007368974643
1859,0.148687200349994,0.39024910176883293,0.3937009905203773
1860,0.1458151102751839,0.2881156270491668,0.4130013684764271
1861,0.11153166689271064,0.21001525030234866,0.3664058715354619
1862,0.21387933259475908,0.23773752308017349,0.32573695268950836
1863,0.21128895785273621,0.39442802542945393,0.26249622249347243
1864,0.04104288600318459,0.32793378547537816,0.3738212938572667
1865,0.3035417590342964,0.26436548385564373,0.296771949688696
1866,0.04305632869281133,0.25030247159924546,0.44554608580635935
1867,0.25014968365173074,0.3120879761512404,0.3667963719238492
1868,0.2674446499611288,0.3501102150706158,0.3184309829812484
1869,0.06023786724751671,0.4013247860629658,0.30070191282520214
1870,0.0928247381707477,0.40069450780974786,0.31942362722076995
1871,0.05969750366044096,0.469813363913745,0.31992384202107826
1872,0.10567735958583878,0.18774375675035157,0.327871004348125
1873,0.09933574076225524,0.38124710599331285,0.2150302235146801
1874,0.20924446034498798,0.3132471562380574,0.36240236730276054
1875,0.30483891116992523,0.3468125999190293,0.35475716211935737
1876,0.3240345121839443,0.2991599320599393,0.22439710969175175
1877,0.08409440598934043,0.20049913179477613,0.36146377587475575
1878,0.10607987900015112,0.2790456161693269,0.3349105474876758
1879,0.04255429608080739,0.32059832550651074,0.2545430882057725
1880,0.0719382440824778,0.362694432255832,0.4055790585082215
1881,0.2384393411431278,0.3875296661884292,0.5023959574913442
1882,0.37943830843662013,0.23952457006036953,0.2783214252970521
1883,0.05522284817240467,0.3470756792976358,0.34753328655045956
1884,0.08246124730526429,0.38726165676752855,0.48963761269943096
1885,0.11993480717960783,0.3622184703908723,0.14831177028623976
1886,0.14781710704329704,0.1523967006595016,0.5862859646167757
1887,0.07176853216083383,0.35148005999925946,0.3448434097920262
1888,0.16325191123947688,0.2867612463794583,0.4243399484755319
1889,0.08907023539198065,0.28555254133850383,0.18305199151457652
1890,0.12090764961990917,0.4589067019489909,0.20912722275807183
1891,0.17771586516590504,0.43493926400243355,0.24260759695135237
1892,0.12262730422046861,0.2919456199468898,0.23467559955506773
1893,0.0912802636466391,0.31304330440299505,0.13916915907472904
1894,0.11339637706643407,0.25020858989147815,0.2233303099180703
1895,0.11502795054386189,0.1945861360245004,0.2544668999065025
1896,0.09535048643836656,0.4507197746941668,0.20366551395011212
1897,0.10263473144518336,0.5030404683885185,0.5240375795612577
1898,0.37484372492074114,0.45383144524290814,0.409391794685132
1899,0.17953712139841332,0.5648704756214843,0.26312142836519403
1900,0.1001654851165142,0.38647970773241186,0.40241176897044206
1901,0.19744349229688868,0.3180650194605203,0.37347474801693037
1902,0.09765546640752952,0.38284056749836703,0.18150281471145813
1903,0.276424614347779,0.3641150127112341,0.38442742931929086
1904,0.15722092273613317,0.3832712086556369,0.29334044264418385
1905,0.11357234648803434,0.3419548794122563,0.4159560587814609
1906,0.16595024915878226,0.35185481741990055,0.23250004593904783
1907,0.04534591910802744,0.4123565206029924,0.39800416322420673
1908,0.05893541095250151,0.25194255616184025,0.46257038553551943
1909,0.05658331476111017,0.4312824485229409,0.3807577997227184
1910,0.13455309850265385,0.40335789571900477,0.17640694614871566
1911,0.41278211791352265,0.16180760504449093,0.6828780525113993
1912,0.5923499787453659,0.3897229708490246,0.40419635250672103
1913,0.1894683546704075,0.45779871919338533,0.3111405638862701
1914,0.17218521137462753,0.2557511267293684,0.40766306046681944
1915,0.039875253392695945,0.42440874328689593,0.6223539589242184
1916,0.08516478787054686,0.4932964672490065,0.2052614370910692
1917,0.07276706347848017,0.3713822367319903,0.4681811372087251
1918,0.08096406084414086,0.41118570551402744,0.3186165307469564
1919,0.10903188179038299,0.2269278717075067,0.30323899074070365
1920,0.08917206850624897,0.4348222638548767,0.3092691458258223
1921,0.03623475384919379,0.368697538209242,0.1551657376873934
1922,0.20462857292523956,0.46951423402497006,0.39042548455381465
1923,0.06091420882774673,0.44238472945298074,0.13290359298161253
1924,0.14372036263762575,0.3711813864082048,0.2831016308227748
1925,0.5284546828242924,0.3688642854014586,0.2850155512396232
1926,0.06698208357680219,0.3000879891417984,0.29676380916527617
1927,0.027588311446145097,0.3556965388717215,0.1506871255526987
1928,0.1007969235785962,0.5020204413232371,0.44132570192488274
1929,0.26259547107893944,0.353321772244808,0.17286530384849524
1930,0.48594630141231154,0.5018190967419396,0.24599758586646736
1931,0.05538224777535788,0.5046532561927686,0.2809513923137611
1932,0.17168986880935863,0.28059430394622265,0.30353268652408066
1933,0.08956813164535171,0.33748961448532044,0.37872703356869974
1934,0.1136757189220911,0.279384591629738,0.33826162234408674
1935,0.8003259789968724,0.46089731375357756,0.5924471414209425
1936,0.04714595951738365,0.3594835920923309,0.3748965509633503
1937,0.1451573640481781,0.36398902790832255,0.3665822428441087
1938,0.16826592903466767,0.44252271793508535,0.2780357665008727
1939,0.2597805272990292,0.5557997380711458,0.3697515736075372
1940,0.1304918657781824,0.5551849697845691,0.2863898195384377
1941,0.15068159081230084,0.3349261493659638,0.2872851278023808
1942,0.09400161682383745,0.5123256900311456,0.8222203778102415
1943,0.14670001261792692,0.429729238414238,0.5321038227257788
1944,0.09705259481111926,0.4278252885059891,0.2510895996171319
1945,0.18729868355090118,0.5659053613197553,0.4108150194496262
1946,0.09537566960686587,0.25152753625533114,0.36598787968752544
1947,0.15803319336271293,0.32045506801965473,0.2698604837042904
1948,0.1197035547506015,0.5041188112841298,0.617661987569211
1949,0.2673201536267896,0.31984166290605165,0.31509426211575764
1950,0.11792872201004674,0.4022336755211626,0.5089880342131996
1951,0.040492598941759286,0.29031081550620197,0.270243048213223
1952,0.29448593774810455,0.31851393889313634,0.46910856616842733
1953,0.06755637444225132,0.41980366606001746,0.5019332529113539
1954,0.07926655667893302,0.44219531111581084,0.24217744232896604
1955,0.08229103231150682,0.3090350388036353,0.3021293070212763
1956,0.3191437555447215,0.43954304994664534,0.32695968757425303
1957,0.033413179912221126,0.33692747893183955,0.5458895680221043
1958,1.0,0.4324842199805339,0.5336447753407891
1959,0.25435589198068526,0.3630978134788679,0.29544238809241996
1960,0.14215093414298205,0.3954588392601795,0.2966295030127911
1961,0.11765066203719478,0.21551882891439364,0.36314772765704306
1962,0.1483664074551671,0.44444692990004897,0.1929352044013281
1963,0.17463036466187826,0.4268258698082002,0.49290963109631747
1964,0.19041991943124592,0.3830948384554854,0.2515969010792019
1965,0.17887342488621033,0.261066987830943,0.3467005865356795
1966,0.1297477374967181,0.2563991884742062,0.5113495435942955
1967,0.10692466060482704,0.2642333066729451,0.3862535274451345
1968,0.11027048062982407,0.27748951913948,0.29525533220524847
1969,0.10709833310250563,0.438443508445533,0.2375916611289493
1970,0.26879156788181785,0.34724938182785287,0.3302963821172643
1971,0.18367034132672166,0.4975279549393962,0.30605751748860827
1972,0.023091963879795757,0.18608157279290508,0.7135015149485223
1973,0.19184849643729518,0.37289090330355545,0.25678265947051804
1974,0.13940210681395565,0.43540700009075206,0.2822079441933169
1975,0.12056024603301392,0.4425760583899862,0.2393577394570413
1976,0.0941954128112959,0.5142786098433169,0.309098912899391
1977,0.2669521746374911,0.33754017259931435,0.3953851818518702
1978,0.23553536281533693,0.11566794919671212,0.24423722713415597
1979,0.07345853170167559,0.2597428463086427,0.37545642486437647
1980,0.16134076123730906,0.344115020865601,0.22157098829173905
1981,0.06483607305215341,0.28224843716795794,0.4467991426331429
1982,0.050656310560861825,0.1941211698380443,0.28942564636214824
1983,0.08065834858574779,0.4357124616677571,0.30227965139996726
1984,0.22179419241633486,0.40176581696522545,0.5121482825800882
1985,0.23646970847029758,0.3575254443839272,0.29146207642980776
1986,0.17365685710198983,0.3130604501680884,0.380607073559738
1987,0.20137808914079078,0.37629782955366226,0.41788985840257253
1988,0.17403080525441988,0.36956416431001293,0.4969978493772015
1989,0.07989520804515861,0.5010840237042221,0.37262247551142147
1990,0.16414340951343284,0.342828960920469,0.303276479850879
1991,0.2123200787217914,0.3083114601939711,0.2831624228640151
1992,0.2055475752126232,0.540961078758943,0.37108076925080613
1993,0.2795499428117234,0.44398440527230804,0.2609877507433827
1994,0.1990204692179644,0.35502664624604807,0.39756874187231706
1995,0.1552581210255546,0.4263065906502152,0.35818608384445083
1996,0.25691259824255747,0.3723855912650829,0.22534990753471185
1997,0.11992544884960392,0.31790507772314563,0.22022560481606712
1998,0.06857398919851865,0.3369637639702328,0.345101666104352
1999,0.10940298905266184,0.31322780663340516,0.30627041422152795
2000,0.07477701019596777,0.2295821962353972,0.43171759021543366
2001,0.07818440097375433,0.46508744369015087,0.24678465297243812
2002,0.11077073978092367,0.204892994559961,0.42108816674345917
2003,0.07255354931606245,0.477887013486292,0.42466096965812095
2004,0.09934052725008219,0.37219077019567376,0.22407523403516993
2005,0.03792498511494779,0.4055915526855825,0.3128144380933841
2006,0.14118521914183932,0.18352821230937283,0.5062840222060742
2007,0.12219505001694003,0.4387062716604088,0.38101800982542744
2008,0.07142968945446651,0.3515323435370913,0.3256861439115641
2009,0.19229802390314407,0.3762359679480718,0.4371657368331805
2010,0.2338832853207941,0.2455216425817504,0.2861140461866312
2011,0.04441048114372816,0.277882337073677,0.30218737032091825
2012,0.07393389164624416,0.3989681559942213,0.3545571588905069
2013,0.07363300490033879,0.47486354073338916,0.514180282311981
2014,0.06612979759951522,0.41426669333129074,0.24647638045828363
2015,0.2167085849440766,0.31610038580998534,0.3892593909449752
2016,0.10717577001204104,0.40270299425085754,0.29506439618999936
2017,0.1022453733011862,0.2168007773862868,0.4887741138681304
2018,0.0357696635405405,0.3579615199224348,0.4253684481684602
2019,0.18911990368337422,0.4908304108378204,0.32801511591770555
2020,0.05506037147877042,0.21711596771895741,0.4044464080872031
2021,0.12715873497630154,0.23818531467951842,0.2779769618888106
2022,0.1475343742598435,0.2890972746110055,0.272573493801126
2023,0.3160125685109413,0.2070855704298856,0.6946726612065202
2024,0.05282057533117679,0.25577288224006334,0.29771180715621304
2025,0.022370717549846694,0.3793067303320102,0.35561361654426393
2026,0.13836739103441176,0.23339644108376423,0.2957513476372694
2027,0.433539990922679,0.31608071206470756,0.21557905788797477
2028,0.2896984138545384,0.4355869182905864,0.23777200339202909
2029,0.14083408525637583,0.2342067975492445,0.3737949475747322
2030,0.08804136027901566,0.39407574961902664,0.2054225018138084
2031,0.21332530621620022,0.49266667311113793,0.26535761472926567
2032,0.06476004516360727,0.5093076322932683,0.4112090704403314
2033,0.16928103335787545,0.4038547278988264,0.3610361586858436
2034,0.17273976011353215,0.4148793878826405,0.2938048119027599
2035,0.255106542477947,0.4078337839739666,0.2907794941617305
2036,0.8706702512112582,0.5408582173243042,0.2369858841253279
2037,0.1597153251406715,0.2545913548313557,0.6422951219618176
2038,0.08705255288209826,0.3918613843529025,0.24104857576999666
2039,0.12000219684316622,0.4834760434227928,0.4571142198387539
2040,0.04058079041806673,0.3983855900999362,0.14711879651363935
2041,0.07721195472715722,0.304996693294113,0.4393766976493111
2042,0.09291818970253148,0.2536366529021639,0.45269926667278415
2043,0.08619974277722121,0.22987525755710292,0.2454694198212884
2044,0.13542049741505532,0.321898699389836,0.2741037593385815
2045,0.07118948888934191,0.4061217833355483,0.46480483722603194
2046,0.2663679119121145,0.34829605432820954,0.22745819522276922
2047,0.12211251353560598,0.6020380872738478,0.3852581496029216
2048,0.12132960467856439,0.2201280782782174,0.26852640536952915
2049,0.09803871867497532,0.3465490240426834,0.44265466384866425
2050,0.13568303487986186,0.26178038505579115,0.5814228794509184
2051,0.21604172587352038,0.2175095261555228,0.23903011141490194
2052,0.06921193152181873,0.6242470343597688,0.40345690065076834
2053,0.07904531113901572,0.49179312312095536,0.45283212023038477
2054,0.09961962340065264,0.36902482776043843,0.16191263383477716
2055,0.05167382127191026,0.4505496377723128,0.45629563326467204
2056,0.07133184102785535,0.2750037241746543,0.3751808282819874
2057,0.08893176770467216,0.2645354147405704,0.40984457903789373
2058,0.2236784170373339,0.17174047940975956,0.17395274653583448
2059,0.14603963009729556,0.43510604994830826,0.4226212533302425
2060,0.13929276599514623,0.49721123187991156,0.31690994497413794
2061,0.2200041583309397,0.3148850415679975,0.22768559351601864
2062,0.11130277990331695,0.21498806685042565,0.41728379919501957
2063,0.1594999702707223,0.43328369820454,0.43113690734550836
2064,0.11388423075798347,0.4068979586694721,0.32798370997410586
2065,0.14632097012148088,0.42060301364742797,0.3766182562000875
2066,0.08298046130759304,0.28905873461412035,0.3190977412720293
2067,0.028791240476548345,0.3368574944380229,0.208303591174624
2068,0.11153387974192205,0.14689450579182753,0.3209104409577713
2069,0.3303770800844134,0.263586133308698,0.48281558543127645
2070,0.23201395826044124,0.33647710588239277,0.4847902154343613
2071,0.23853144083191113,0.1898091764010768,0.2549655303056995
2072,0.2891172745626619,0.33646488571509364,0.3625064420588533
2073,0.12966626966303063,0.25103148561581984,0.3444474748144769
2074,0.13964849879378025,0.30202642541927766,0.39205947694307475
2075,0.08113106404357132,0.28526113445048906,0.34176865386558
2076,0.09880847040098348,0.4105323521088405,0.4198990912284969
2077,0.1865412239161011,0.4899470399849023,0.2936632299695814
2078,0.2825473245707243,0.33133564804900634,0.46958261167723603
2079,0.11114805761039656,0.3282847955748557,0.2822886630765755
2080,0.09045862981493956,0.5173532968690064,0.3572293384218487
2081,0.12213903451168173,0.35750741388408863,0.41286899171979874
2082,0.1846536714257309,0.32665029453406286,0.3600101988237292
2083,0.04878832664497436,0.5000858949808895,0.13840993718432565
2084,0.03083728310472643,0.19031595357715828,0.3692803062364839
2085,0.08473118811392387,0.29746640674299546,0.41580731634204626
2086,0.05567724342473589,0.2730364648567547,0.3691474566710524
2087,0.08709925631508707,0.4323242581187726,0.44796482938087145
2088,0.1105288639700277,0.489222746834401,0.47895470317113975
2089,0.09027766988613473,0.5058560636364097,0.2668853123655173
2090,0.33748972488082385,0.2611437277922888,0.1821644726129994
2091,0.1526350029235756,0.4577077945996036,0.22262305555300516
2092,0.14989759501180025,0.27841750548993827,0.3438604797852819
2093,0.18738183257725882,0.3447767872644011,0.4063853803980385
2094,0.05850417228494486,0.43682700071444475,0.3229305292329922
2095,0.2513169586887624,0.4219169292976303,0.20768813245578227
2096,0.11600760068386563,0.24029842819601677,0.3690239393184681
2097,0.19381608229315,0.3108523800368938,0.3373692133575248
2098,0.06094731699007055,0.28754016971044954,0.35370884941142366
2099,0.04579117666681648,0.2750665249038516,0.5730375400725185
2100,0.21494804635169787,0.39709003286640293,0.4320575675836762
2101,0.15795776266380931,0.1994898219549329,0.32198651539609235
2102,0.06771220224366167,0.29129405013513043,0.2122549415612892
2103,0.06910184732640107,0.3501013218380894,0.5032127793181381
2104,0.26720320609217,0.26037610295312896,0.17827765838836063
2105,0.056737743797167124,0.36159041445075957,0.3068354517348934
2106,0.3869085041818909,0.4783444835325282,0.22257919038356938
2107,0.06777289193838806,0.28965120517681636,0.29423675420256146
2108,0.1895135077244728,0.3485473310845327,0.32652119703340976
2109,0.09799181117759853,0.4317056781661729,0.21312003028994353
2110,0.18490917542495264,0.22533444037919115,0.13152572522754835
2111,0.08508518060623324,0.3892002072800292,0.2424949634882414
2112,0.1094230617768237,0.3707199746993782,0.2100258551997053
2113,0.12552803039704194,0.29553816625914786,0.2433083621202463
2114,0.06362050468389839,0.3343099507817373,0.30671189870790694
2115,0.20361313056949115,0.41472218822078055,0.5289530849561159
2116,0.08681195532717562,0.2935311688113736,0.2758484842846774
2117,0.10471814537698142,0.44249676364686685,0.28238655744624636
2118,0.06392996013153307,0.21959949243687327,0.32505733564484357
2119,0.027185760373211687,0.30360855154722816,0.41240196890441916
2120,0.10737630652145913,0.44963728139502823,0.4001307889547805
2121,0.6758842845119113,0.24296843521001243,0.1672470116863009
2122,0.20997299372735576,0.33628973801479906,0.23568987717367673
2123,0.12051530395196176,0.36788942087742726,0.47017765789843347
2124,0.10235577535681216,0.14577128128937694,0.2832289277543146
2125,0.12396715207507383,0.3438425790059383,0.45083225903810376
2126,0.17781922951785156,0.20971600531845158,0.4192772613689226
2127,0.05703341663578885,0.29731408774713214,0.14492670052438966
2128,0.2651006929122822,0.31328197056163415,0.18647433155146903
2129,0.20001058967991142,0.25703612945618914,0.3016496541411793
2130,0.2004043560790798,0.27739838955717483,0.38099863790329425
2131,0.16489051768913152,0.3877401238785589,0.30826917922997477
2132,0.12372804171508779,0.30899065067981824,0.3156668327053756
2133,0.19413937300264172,0.43977223497966217,0.3398928713627648
2134,0.18344712710253538,0.4773956664155413,0.32544936170693095
2135,0.09636000640581342,0.46514024954326133,0.33265436794876063
2136,0.08347375054241875,0.41542939448184246,0.13655783148816053
2137,0.13083643423396216,0.30878489512162566,0.3038181779133914
2138,0.36170687122064654,0.366340034422634,0.3029032516526316
2139,0.05506537045669316,0.25020584512908217,0.23374705828162046
2140,0.04812207222472693,0.5578040196745803,0.26034210024379045
2141,0.13657311001805955,0.31705122737763924,0.18557593640548303
2142,0.12638012860547365,0.42458658023628093,0.3792981923109505
2143,0.13737654756372447,0.19687725859389554,0.22653554855354846
2144,0.14418532066432094,0.36928674122913796,0.3233580492469665
2145,0.1050954904039804,0.2040534035882975,0.2861713465630089
2146,0.34666463034068135,0.5381023927440646,0.3166756692082819
2147,0.04457832716309305,0.3226738026417834,0.44391542318115207
2148,0.07091683977933781,0.41853973674105016,0.26332525971172077
2149,0.11388170407596836,0.40500017600976923,0.3255348744357634
2150,0.043525920338770334,0.23124305028200903,0.4094665333122962
2151,0.10847091355532586,0.30651162285123607,0.3529496617168092
2152,0.3921805829110843,0.33277768540053226,0.2577850470219884
2153,0.12383454478222028,0.16930790888591177,0.19454657670215153
2154,0.14288019980920916,0.41120751107968845,0.25393074497319956
2155,0.05437506086298194,0.18344470144679922,0.3559888108197439
2156,0.08119861519347452,0.4353108881750038,0.33125400730059884
2157,0.0950252653143291,0.3962549128377757,0.4094052410947524
2158,0.098701136837182,0.47614819913030826,0.3018132335806212
2159,0.2986610445064566,0.1684065256164964,0.25956890461638943
2160,0.1791336726488577,0.5343460794123547,0.19962186853945657
2161,0.05948815842321828,0.15347951108806426,0.2216112444015303
2162,0.1444380793291191,0.4156643576841988,0.23544917799370807
2163,0.17187162858954066,0.18991000797894117,0.4983121260394705
2164,0.27001376027971424,0.3225450714854012,0.22408310979893153
2165,0.369994753882131,0.1978567338414694,0.22506210653061082
2166,0.06311482743596016,0.28652995687207505,0.2653141470132563
2167,0.0717116344451435,0.40242646467922055,0.45999070497549044
2168,0.054459286135539325,0.3922664587376815,0.389386444118631
2169,0.10434075562677453,0.31076394210034713,0.3094505793936108
2170,0.1681101279113757,0.4832822524747832,0.19214332966894482
2171,0.24226375268639017,0.21991292857398714,0.3222250577141605
2172,0.11599301357879878,0.21637122265188546,0.4172055631065824
2173,0.09856196016115991,0.2081731946849897,0.487315478680991
2174,0.13536530883154466,0.3382405338533351,0.1382740624939638
2175,0.07062007196522337,0.18458147410264533,0.24475894172282714
2176,0.5344120148238916,0.3576297994515451,0.3284650533688923
2177,0.04440793642424383,0.3604354836575205,0.4663093219741973
2178,0.13845176613512078,0.3118688748393118,0.19939805457687437
2179,0.5094669303331795,0.19876175116668438,0.21661833085443077
2180,0.12265865417027257,0.4489692905287019,0.2718628098998611
2181,0.10744725977317064,0.36272282287960855,0.19236381370674138
2182,0.09614378543788624,0.332532047902031,0.15165721245921587
2183,0.10814230539342576,0.2894665030672694,0.5943564909657756
2184,0.3187809074397574,0.3805430045377761,0.2920561818080114
2185,0.03215231845590378,0.5258858104781903,0.25449245426678985
2186,0.3576794916240474,0.2887378248212944,0.20923138324242913
2187,0.04935748458986257,0.2652470467411502,0.3135340191703976
2188,0.10210026664217473,0.24574325343558656,0.2637521414168613
2189,0.09170865812058507,0.3671760878639065,0.4057194516195306
2190,0.18303020394372257,0.4286573792911947,0.2181125489017331
2191,0.04464866791191689,0.23375614157003358,0.31528005772264117
2192,0.1676225572433591,0.3475350069478433,0.3108722119394319
2193,0.5097266883096783,0.33594595625126483,0.37568346352121695
2194,0.05114894441945018,0.37380209252223945,0.2986021044098417
2195,0.1389229948468619,0.39118760885580084,0.38022514434002364
2196,0.07884930155622981,0.31413179246883244,0.348581247299974
2197,0.16345853688441342,0.23529697884927048,0.4141318511005794
2198,0.12368874113388326,0.23576369080479412,0.3818792619256953
2199,0.07989493488221315,0.2782911581242538,0.29829350677543975
2200,0.17064012917504398,0.1802087044069889,0.5221607806447361
2201,0.4347427415166812,0.26577986650086843,0.26700218038651197
2202,0.10738520009667195,0.3577816505926274,0.5043034310363486
2203,0.20062546814567803,0.3702771975386119,0.4432597229360401
2204,0.053311226624901155,0.3180209119947417,0.39290309714037974
2205,0.06545239788656247,0.11850011337888847,0.31736070451890935
2206,0.1688172877065864,0.2945633399113336,0.2582846018502021
2207,0.3452379712351863,0.11676563205334668,0.3482734510613755
2208,0.15570513556394328,0.31124863057500524,0.34719898560439655
2209,0.09900585309945219,0.3182387113427623,0.3166638846344411
2210,0.12203687147316428,0.3819023260546025,0.38779907534293057
2211,0.05469357748950314,0.2498326159704266,0.4324521337040925
2212,0.1850806809852617,0.33499464791115446,0.2468967108781001
2213,0.22493543597430582,0.5039122973022163,0.2623925579671265
2214,0.09034612629910044,0.1949133872810357,0.21026786905165734
2215,0.0892915189016217,0.2580661588293335,0.3684108211145499
2216,0.14637284975529033,0.5597031256807816,0.5238621282333676
2217,0.09126029261765568,0.4300208650062043,0.20656020743466785
2218,0.11676272473879179,0.44043103563006486,0.25384518341876416
2219,0.5383743313536455,0.4181341435384267,0.20261279990812547
2220,0.10344130928074473,0.24023774340338191,0.2751718648102323
2221,0.09608705471822444,0.4046291628189417,0.15176692841911787
2222,0.0795843728049879,0.2771377125928775,0.4677092172596913
2223,0.20409506258343674,0.42000837177059197,0.41375339672942646
2224,0.10808213262220884,0.2981273686548095,0.3562746374445257
2225,0.07949072058589693,0.5378358753757595,0.44246290000639077
2226,0.30724359460637213,0.21522514144301969,0.4356196565828816
2227,0.3296334756932602,0.2558860248221923,0.3291908397828471
2228,0.08203822702424728,0.4316103597163616,0.2104218026566131
2229,0.03848172549043048,0.332663561685464,0.2611006861844362
2230,0.24575088323336505,0.3849983861583246,0.32682006832743105
2231,0.07771214730560679,0.41821347782628143,0.25932499859719543
2232,0.21086392679071678,0.3737412164003811,0.5603541686098287
2233,0.03641106516759339,0.28069344369923527,0.35328674751778866
2234,0.226570605333808,0.29779748948335477,0.3473484867785619
2235,0.05599788937410952,0.24442068415382948,0.44872666045236953
2236,0.20218056827903222,0.43645983720618775,0.36674822767579485
2237,0.12328095956091054,0.4548621833183594,0.3085145211506125
2238,0.06555417258125518,0.2592001548325953,0.5278098066634621
2239,0.09305540770848258,0.33104689780492647,0.3849685608372765
2240,0.19597762344432024,0.5301461799837089,0.2858690407086928
2241,0.13119673591635195,0.36409688008373275,0.35564579627522963
2242,0.1825022875189677,0.4441988036480565,0.2824029591014603
2243,0.4923540904830189,0.297990522643593,0.2554262834559789
2244,0.045517827973248944,0.41218306068509936,0.4284197893306799
2245,0.37988349811712807,0.3989276914307399,0.2851562347933282
2246,0.13105933605235345,0.5416292248777853,0.2602316539060184
2247,0.06785089109992858,0.21936530291363954,0.3559369522773592
2248,0.052151511368756544,0.5939331742659477,0.46221967765682126
2249,0.10751323021503516,0.47133799917662866,0.15457584926848505
2250,0.2312667903274783,0.3633876456406942,0.2641667691342414
2251,0.11203862033236484,0.4393617177471147,0.14550140930485556
2252,0.35200291572457904,0.3220128692270131,0.07757600644182197
2253,0.04858101777283549,0.4465403472154016,0.3413031939312914
2254,0.12110101089324701,0.2543909006810827,0.21291308165549733
2255,0.05462856784237432,0.38418037479764555,0.42535576282419474
2256,0.15656959480686491,0.37664009108564084,0.22253446022546675
2257,0.2256594394047536,0.48278075655934855,0.4032711392858851
2258,0.09222045381909597,0.3106406098049887,0.368159906854017
2259,0.026673859617625154,0.24221281129665082,0.24522031736426642
2260,0.13980467056291448,0.5009368740213571,0.28491958196492106
2261,0.1646921137506102,0.40452365062009615,0.3551217183461204
2262,0.161033176525554,0.33903664931292526,0.39638216990925734
2263,0.2890454229927068,0.3544058769234533,0.5058780519585365
2264,0.06097737007725283,0.48559642450130375,0.359690778059112
2265,0.19514177686237852,0.31920018122551197,0.33127411203445645
2266,0.2802665064773989,0.355691183165538,0.33866532678118955
2267,0.04036921069007713,0.3465557289663459,0.30949686916665087
2268,0.1518906596417462,0.3777520467784644,0.28836349401368166
2269,0.0873242794391552,0.3912502711552631,0.24536681474593625
2270,0.11555870585414812,0.558938129886614,0.37930616715075494
2271,0.15485451576565468,0.4483355002106161,0.25351019126072544
2272,0.08829491419270959,0.2945273485938797,0.35495452940718186
2273,0.07815784147009759,0.2646796092235024,0.3324286523755019
2274,0.12495318580311669,0.26695230731951014,0.40993848532170574
2275,0.06037520944257834,0.4305196431597595,0.36218419081939013
2276,0.060427758564154485,0.3744860813023778,0.2594681545675202
2277,0.19502663070765452,0.31819588161754303,0.23018788012323693
2278,0.05815104802018906,0.481495085033607,0.4608171017411544
2279,0.19325141667778614,0.47869777116683204,0.29294356547070094
2280,0.16767125290721732,0.16552045325872455,0.5107632673770333
2281,0.04156229382239623,0.25193270145868807,0.12076003451018569
2282,0.07806485209593816,0.3832620885999388,0.3559607130149237
2283,0.28058648962080085,0.3234771684551412,0.4368319109618427
2284,0.06445453619816591,0.3099114965678258,0.34559520473815775
2285,0.08962121797147436,0.33860330511555775,0.35940772423288914
2286,0.16760955811193393,0.44459360735922543,0.40142409484387864
2287,0.20979387916504097,0.47866936907272956,0.43315768637601526
2288,0.10313120750836169,0.33012049980504987,0.40523423713803997
2289,0.08219277760349454,0.4082983366808701,0.48683186608797147
2290,0.330287552998711,0.34054358718638794,0.28791630864874557
2291,0.41468711265988056,0.2783782481240576,0.5514509746566316
2292,0.2408144032335498,0.3867048377787886,0.23665348736106168
2293,0.12937200907970126,0.24953504880525515,0.4501624995570378
2294,0.0718292906953256,0.4244734142337031,0.38029460384342306
2295,0.07082972938639044,0.4671457817628965,0.6443435326934153
2296,0.17479952452427372,0.27361845212770186,0.3692219071193529
2297,0.1626129488783332,0.37691610655896585,0.4155128477357688
2298,0.3254098276302873,0.42801856182588016,0.18673931513806896
2299,0.19111834588514093,0.46676414393327836,0.4366728291122931
2300,0.047142970642361254,0.44970497902072215,0.3673060592623463
2301,0.2536154438088789,0.5198729125178001,0.42168202024729473
2302,0.06378321241187283,0.32516512904003336,0.24365800312722868
2303,0.09447774488420706,0.34696626053070917,0.28539587172701464
2304,0.14480499400527655,0.22152742497882308,0.3559959643483174
2305,0.49925806793225685,0.30227292550820933,0.32857450737826405
2306,1.0,0.47202947808661616,0.3662691955081939
2307,0.18536619595092474,0.31186144114358383,0.35420639517969255
2308,0.10793971140612654,0.47191676975624874,0.2856410643191612
2309,0.17626434789654466,0.4382358426390126,0.31115415942011854
2310,0.22578177492468218,0.6702296296640219,0.2620955583491666
2311,0.0985084931275115,0.3084013589430252,0.7387240516776739
2312,0.43188427475796104,0.43592716132700393,0.3739428305587744
2313,0.1428184594041558,0.42629326397328204,0.5646455066908728
2314,0.17181446394015276,0.3527111261248256,0.23607606728171282
2315,0.19319890818010851,0.29565624034731075,0.3267528035835915
2316,0.16297238021483748,0.35852282025158866,0.29050583496663634
2317,0.21815827313244565,0.24616267502109454,0.38046483562435474
2318,0.08115192775783844,0.4050284781090928,0.3585317248439952
2319,0.08430546851506089,0.36332340472881347,0.22786977985113588
2320,0.05990031386182274,0.38827983776507397,0.38987100807812547
2321,0.16500775873148116,0.3447901591402846,0.36568424897117224
2322,0.20913798781549797,0.3190296149086209,0.3687616469443956
2323,0.16711167314866202,0.3380316292002904,0.4762666589882961
2324,0.3958761806273357,0.24277477135584374,0.4488119194823925
2325,0.12163398988218847,0.43603161928170314,0.5444954750166171
2326,0.19358028892252474,0.33303728479839645,0.3738519837109735
2327,0.0602107997727668,0.43469421366252353,0.44438707095194674
2328,0.09428340037472255,0.31981985048399914,0.31614400246024776
2329,0.19724758056670108,0.3697702394854649,0.3571739070848111
2330,0.21972588789921962,0.2619206015517457,0.40249676174536997
2331,0.10026603158142779,0.5613735181810511,0.28583534534939276
2332,0.11633347965989398,0.516974616341846,0.34281625014422845
2333,0.04674312013115187,0.40763827261889524,0.21588452694671595
2334,0.09617018898630068,0.5009833057338454,0.4875579901595015
2335,0.22621682109009617,0.4151204017587484,0.4916244172239266
2336,0.18133398709930348,0.31801917800356183,0.2214790152926806
2337,0.17216381961769894,0.3313277876429605,0.4770058315933301
2338,0.12628459173556822,0.3440021613803911,0.4514758942691264
2339,0.12268052226374031,0.304555114360419,0.3716643792399149
2340,0.0789334557575436,0.29360051315497304,0.3719448378674931
2341,0.19770297036642626,0.461522389975508,0.4014720622560918
2342,0.16290313492096878,0.2980923320911591,0.21323644255101915
2343,0.17113240366222512,0.2736603915395313,0.6553136036556243
2344,0.08609068389644572,0.33252268743825153,0.14986119140862547
2345,0.03311441243569232,0.5747213489737651,0.20140960332598834
2346,0.26188624080586026,0.30229075882402984,0.46392237498176736
2347,0.08877991428701407,0.5118173580332245,0.44487725251012944
2348,0.06940166886070583,0.17798882718455458,0.556571124219559
2349,0.1969632233060251,0.17598758861554842,0.3474821433104447
2350,0.09397910498074033,0.2976498638658773,0.24628268339726495
2351,0.25505703359093107,0.1653321190746066,0.3431967745541894
2352,0.18670219165845292,0.2538671575835242,0.4363941851205406
2353,0.19560060414187327,0.2405441933468408,0.2668819840352769
2354,0.05106518840454718,0.31946122476323163,0.23382709492830822
2355,0.28417473871287435,0.29751287214297484,0.3395619241227956
2356,0.14590817108582368,0.3269097336701974,0.26435392851771156
2357,0.09539661634563854,0.2704904559096464,0.3178322375885906
2358,0.13459400850220435,0.29295920095995887,0.27407241338115457
2359,0.04042139838296891,0.4802686177150182,0.40268341377163375
2360,0.1615195772766057,0.4575080637167544,0.290145253833699
2361,0.0625610476341561,0.40250105812376724,0.28355397360837226
2362,0.05146676567888742,0.3370445005612412,0.4177769371731074
2363,0.04662274564947236,0.345889811922687,0.23011250686633672
2364,0.2647931354067127,0.24243033151368465,0.24778852051204525
2365,0.08052614675836578,0.24767025982145305,0.37383217656766776
2366,0.35775503153040006,0.2885321797804408,0.25053594139849367
2367,0.08554582681927267,0.5191070028879788,0.4969689874299047
2368,0.04199042788622584,0.2455104323349008,0.2349635493676942
2369,0.059304540372145366,0.3825205488349548,0.32350524693282295
2370,0.28905148907542866,0.44470320654018497,0.25116755280072645
2371,0.10992939128807278,0.5718230442916604,0.5202898007427493
2372,0.0848549799275791,0.5444857595402413,0.23470646480357016
2373,0.13613123412911088,0.46004387164125826,0.5902864164487791
2374,0.1722975411680399,0.325074997139972,0.3451610019990201
2375,0.2656811317867731,0.3496409452551721,0.3167382097066285
2376,0.33653093343553336,0.21847436740664838,0.15552796756967308
2377,0.095996558206726,0.2266166863007238,0.5507157531001965
2378,0.05228346123538931,0.3216282742692277,0.39368725030938934
2379,0.09266326985519556,0.43460013494703686,0.22101332707921945
2380,0.14581097001649188,0.43611320005183424,0.28324242918914994
2381,0.06515501631481294,0.4609583281132815,0.18663514713089502
2382,0.06542330826311626,0.4290510035702637,0.2592672363303104
2383,0.15443958096023572,0.31339705772234594,0.32403165186668526
2384,0.11814699833876519,0.34182054832181175,0.5462673973216523
2385,0.12483838651599491,0.3554739624848251,0.6888819262689002
2386,0.07413297077126721,0.24688571104001283,0.39671886024700376
2387,0.10459258816997859,0.24712775899831232,0.19405273519265553
2388,0.06677951833578424,0.4331738325381503,0.6597623044709693
2389,0.22618732725454752,0.2506904321878344,0.1778508565722191
2390,0.25062957848558237,0.24489964441472736,0.4372580748284891
2391,0.03890763100051627,0.40599299356727303,0.34325940934607224
2392,0.06655984761063455,0.22259604354830942,0.48741362584681514
2393,0.04732144098212223,0.31121378029778873,0.2613085991813532
2394,0.07945746325096142,0.4548820638936624,0.46034618867533417
2395,0.11540982225521869,0.39080872838764275,0.5185908770456374
2396,0.04862426409797542,0.2061887578624545,0.38212004015345835
2397,0.0668785817631936,0.32939283621705046,0.3375530631551371
2398,0.06355087456997395,0.16734174392569576,0.45843162677483706
2399,0.140603484072699,0.1879789868982053,0.5028339252945484
2400,0.12797446441133337,0.1911835517216331,0.2885956281649609
2401,0.07588963641580507,0.39663827682427405,0.27247793139456544
2402,0.13770376786623265,0.28279541867325714,0.271533823935547
2403,0.08494355027726562,0.2549439977688402,0.14463673600695764
2404,0.10176154077125693,0.2948288898644057,0.4469225924072254
2405,0.3955796307544779,0.2611642503431445,0.3354571975110704
2406,0.31148027202151213,0.28806737347560346,0.3065742317442632
2407,0.0531114672855761,0.29456852880771744,0.2907535850930987
2408,0.21674789910460118,0.5675979104354647,0.3853562315348369
2409,0.21396790220387382,0.5133822366243771,0.26985311702092923
2410,0.058169797941519705,0.4392850926645068,0.4422530612648512
2411,0.21508245551970556,0.3773844569924099,0.2972394387950652
2412,0.35883702188201894,0.3142386769702474,0.22695937887452183
2413,0.059087244828298705,0.5253410119313604,0.4054096943953909
2414,0.06706089704427486,0.38002900665609834,0.25105836580114954
2415,0.24752427397935506,0.36250943392330537,0.3286266497873987
2416,0.1469390162992454,0.39796511605674995,0.44716464804658285
2417,0.17835972384587867,0.4927540230430744,0.34138135926794055
2418,0.1540991597520271,0.3506422767083508,0.3479006206252012
2419,0.15952545854471106,0.25767391152487124,0.2912443547295614
2420,0.05227031414190378,0.15542798501651445,0.3545272188391043
2421,0.2527838578356857,0.2419490494112814,0.2734924604603096
2422,0.27572992962793663,0.3917622999092326,0.3960025919480886
2423,0.10466298577927313,0.28286129083323686,0.30138899542649716
2424,0.1185602881219002,0.4130120080432441,0.3163424405190424
2425,0.04638911565419839,0.4466810589727885,0.23896171742242844
2426,0.17379813699575916,0.40018802833657824,0.39481127400995775
2427,0.18093644659865707,0.23717699628830022,0.2811043404719212
2428,0.11707330120720212,0.2800337609296373,0.23154313933000842
2429,0.266997848674232,0.5450792455048947,0.28350360218896786
2430,0.09763883215138526,0.5380486053758883,0.43155402190031433
2431,0.17999899721731658,0.5449730833850066,0.40237218901248095
2432,0.06293692650287727,0.4606872601272068,0.14533278599382632
2433,0.12016626870907098,0.535354009775351,0.2669257803554598
2434,0.10857980314667573,0.2255740323711609,0.5167454543124992
2435,0.14235273654435945,0.27879945653213944,0.49059068976946696
2436,0.09538091259731649,0.41000068353224267,0.21818131463534435
2437,0.11174406157430347,0.2735916883629192,0.4423754750165102
2438,0.21618612754178526,0.35254399087160115,0.20330023566526229
2439,0.09125763087651283,0.21127341237688343,0.25395475033308845
2440,0.04443521219050406,0.2006795147082121,0.2334621106080237
2441,0.41789516930610676,0.25675216700972825,0.4218872630694227
2442,0.32075033976280065,0.5013148684728334,0.33973896059678155
2443,0.05334330451565728,0.30227821175750996,0.39357740262063756
2444,0.1964434991184087,0.22802362651384314,0.16432507614238528
2445,0.08739288040354615,0.4365184845930416,0.440453941158088
2446,0.14613256345559783,0.32519357809606453,0.5461229508457096
2447,0.14925411027042979,0.3716639835960229,0.3626321162767877
2448,0.10431380133211429,0.41256942528742957,0.6014790143840033
2449,0.07295270573658066,0.3746283366544189,0.4387854843316902
2450,0.07741846250615458,0.41059575777803103,0.5726088047413771
2451,0.06711586606626395,0.21337105998112152,0.3120876303543462
2452,0.0707681732425768,0.2919994336072181,0.3717445172123899
2453,0.11668048307917826,0.42650909914119284,0.2684086295314055
2454,0.07617984884974066,0.4173337265980768,0.20224761461186597
2455,0.19539285386910815,0.38336082449259323,0.2560982394010718
2456,0.3460141992106786,0.34094703355514744,0.3676340985853961
2457,0.08312585677485106,0.49826956437390457,0.21765987397316316
2458,0.14373590999851654,0.23261841292115834,0.3484831815099453
2459,0.17204651845619984,0.41118374054683304,0.1494620188722553
2460,0.16876994993259037,0.23633996143350056,0.3019097689627294
2461,0.12855085088731363,0.4181277236098096,0.36486890162926855
2462,0.2038788859704246,0.1865963096385854,0.26596258356060504
2463,0.16997494256029785,0.4436307395581561,0.3036483467825277
2464,0.05511312417811986,0.3896539746189307,0.3340297536188571
2465,0.22285436934197672,0.29833344503438863,0.29610917326169195
2466,0.22572369326475505,0.3124660266639849,0.36774043583122695
2467,0.07390751694449492,0.41463687359692647,0.18392868794057454
2468,0.12527440716485475,0.29021657834240727,0.22372432960446292
2469,0.19556768139175754,0.2634364799225732,0.23732504844543806
2470,0.10607337158187605,0.3619976126302973,0.31391445339916424
2471,0.25742881324724937,0.3105951466786937,0.5727074579810322
2472,0.6523155419953703,0.6846720616380658,0.40226982716477677
2473,0.07285005288299934,0.625134712317139,0.18202294533760366
2474,0.050613859143749704,0.39947157357329643,0.3590516605455437
2475,0.15024312050941777,0.3500438075082298,0.2803641563042048
2476,0.20087957396128936,0.19361245017173273,0.2896594195032143
2477,0.1045601481642003,0.3315392167205659,0.26381010523859316
2478,0.3376816923429834,0.4139089184975821,0.30697900439096903
2479,0.05189621430000061,0.25141141731037425,0.17672435464478053
2480,0.19688591400215297,0.36402304497135113,0.32322592576729603
2481,0.08175067706481766,0.27468995408035474,0.3711572187857236
2482,0.40889058827150704,0.5177862417031371,0.25707030346557946
2483,0.49811946136204915,0.4207172671848979,0.2824342211385641
2484,0.07374937997059945,0.33088520637697016,0.22302379388152155
2485,0.0847850759567141,0.2966942226234751,0.29444121430970976
2486,0.2213559128183855,0.3927045984735118,0.34581719264359256
2487,0.09428148010992081,0.18068832255645878,0.31623999006492903
2488,0.11840563891431677,0.16675955183779256,0.4114328011327464
2489,0.1242129373842496,0.2288247656681393,0.44966838478340876
2490,0.03739957039434655,0.3516363695115153,0.27665344124977964
2491,0.12095789600651091,0.3578509266944211,0.3118170629080965
2492,0.07745879209116976,0.259428730853139,0.2306387929534966
2493,0.08795602593118201,0.3214781289532037,0.28695131479507946
2494,0.33535878814141973,0.30722481741982616,0.3417188566300772
2495,0.05449420212923491,0.4093767074437441,0.42385332800731923
2496,0.2142404451840361,0.3157539686768055,0.3256714736336301
2497,0.10126899405751737,0.4654367241337132,0.37029889090026435
2498,0.10121542115812433,0.387266812010158,0.21133306962380144
2499,0.21082630790419574,0.29520066710531856,0.36298380141845266
2500,0.15404198995375437,0.3009967298246622,0.2510482429025245
2501,0.18075432204558428,0.3292542052047932,0.5360948683838772
2502,0.2390022918709676,0.19905084336235251,0.5738471652390927
2503,0.09781769578079051,0.4830868663600333,0.53205986647369
2504,0.08141495607676974,0.2774180335451232,0.24646951623903607
2505,0.06045272829652288,0.2955010550453397,0.41172380026446154
2506,0.07105516237052045,0.5287168305209448,0.12883145271654312
2507,1.0,0.49721788998520566,0.46510106761357906
2508,0.29088548625636035,0.2833904053097367,0.3323315497139358
2509,0.051515271458287035,0.3202167211477457,0.17417586695730386
2510,0.05239481831381338,0.5183315568736793,0.4049533630151668
2511,0.16992975075086,0.3320427267485625,0.3003649826368614
2512,0.1778372728776546,0.36792355214008776,0.2999543127667999
2513,0.1780379285516261,0.27253249064410107,0.39596765610220563
2514,0.10289711886929216,0.5786827321023783,0.4554225903946162
2515,0.11219624448744416,0.4365923529930993,0.3656101057079395
2516,0.15275444906425922,0.4490266266881308,0.14124199962113804
2517,0.12942261228818092,0.4655225869483312,0.36535938145448965
2518,0.03203298147121416,0.4585225824156735,0.23622605687211645
2519,0.10463447896367381,0.3563868946717236,0.39013533111680676
2520,0.06989995768084287,0.428007616071592,0.37182548527306936
2521,0.1375522937246022,0.126988032939616,0.3022962691359722
2522,1.0,0.30295488454858793,0.32036813805533904
2523,0.1569864563353773,0.22989963608523795,0.1717646550128885
2524,0.09897494442451762,0.24264782037831062,0.5327012967826037
2525,0.23129152680822435,0.40860044221587816,0.36392337174126654
2526,0.17002676482385778,0.43011590762256197,0.3556539833476049
2527,0.1628040660197665,0.2577520253543207,0.36088275962234007
2528,0.18538270354231814,0.29805312714833504,0.1697189074660191
2529,0.5217764581608795,0.3452717135894443,0.4421698691791245
2530,0.05878769035949134,0.5102158781825431,0.2862025519557286
2531,0.16896100202717018,0.33721310331002907,0.33913275719830427
2532,0.06669001069937497,0.2508039631983902,0.2673004833262332
2533,0.17886198202569076,0.47979851814848207,0.21313332109028604
2534,0.06701130819480801,0.22150859729930142,0.27248032639342284
2535,0.09242619011742755,0.3357668558828028,0.3067375126619641
2536,0.10019141229118288,0.497789543076182,0.32498655339166765
2537,0.24029659229863046,0.2300951123198357,0.2760789853806451
2538,0.23074527790748714,0.33690659225231,0.31519195336953093
2539,0.05484751358056968,0.33164363543464204,0.29532543865512556
2540,0.12672780804284942,0.5918299437964707,0.20116741160041057
2541,0.07648124847590942,0.4202267564194736,0.32269246004174373
2542,0.05442908437243652,0.4565052625427675,0.32264592065639613
2543,0.1055297484211847,0.3968557330612757,0.2581021111458362
2544,0.09930623956312123,0.43559343961996555,0.4342577690484012
2545,0.6828625962265285,0.33186358725256654,0.3251623868636577
2546,0.16426142534206672,0.39631204928813224,0.3688139211707675
2547,0.05071592670635933,0.2569518056158791,0.24349015057296847
2548,0.08395248404425973,0.19636315557322906,0.26028666225103325
2549,0.2481780319699453,0.6332574982479359,0.29826309052553834
2550,0.533987348372989,0.5644643606967712,0.21420520511160085
2551,0.04495760826199902,0.4867133827762005,0.16640457432280054
2552,0.0382051061578022,0.4039885390399192,0.49358916682089204
2553,0.4561785009557602,0.612122463988655,0.27052189224970963
2554,0.1594061744163318,0.3621700453562288,0.31297076311732014
2555,0.06916138026989198,0.5536722921251888,0.359598184807024
2556,0.176279494055761,0.4588071586459344,0.3064664550421478
2557,0.026298753811885532,0.4542996328561613,0.22238564460732024
2558,0.12237465229160852,0.3764973128533482,0.4518237315057634
2559,0.15274830448952184,0.4786619940834011,0.2808545846402262
2560,0.23169528267339137,0.2575926807886677,0.4011032528350257
2561,0.06316157060477225,0.4689769740423713,0.5103063439953218
2562,0.12940449002166357,0.4636039210742285,0.2133095436893493
2563,0.06672985112966985,0.536102578030952,0.43036220441155204
2564,0.14532135573398922,0.45811934228927326,0.3467689923676043
2565,0.06799716726191435,0.39388114366185467,0.24723681273661896
2566,0.09299034632605924,0.4423759909181654,0.383726587242573
2567,0.06387194365622528,0.35963941179126413,0.3474184798254236
2568,0.1912100976379357,0.31052442286689486,0.27463547932184224
2569,0.22117858897885265,0.349923580679993,0.5879922474142761
2570,0.1042990213054139,0.27478730996409495,0.3788829829219966
2571,0.1252999164832712,0.37878306998331496,0.23152360678690442
2572,0.04865406982319682,0.44065030665811267,0.3727510014722697
2573,0.09988727420317606,0.22366779041150459,0.31696702251033537
2574,0.1180233479093811,0.4080132387755592,0.2281492223631973
2575,0.7866833355767795,0.2978624840745993,0.3117342894423803
2576,0.05946967777743974,0.30441626389354265,0.3794668817194622
2577,0.34033539651736816,0.3310582311716394,0.24586792802203772
2578,0.24390313862478277,0.3928059367359926,0.20651313250491654
2579,0.1478654256250498,0.3972290048349764,0.2082914950660082
2580,0.420628360983219,0.5650216502341326,0.21239172018381797
2581,0.1574887024083995,0.3368000366547979,0.3968409956425094
2582,0.1593560319827143,0.27863685642200015,0.3819441288306302
2583,0.11779144575397466,0.32682644975830494,0.2464395646405993
2584,0.28653923856854385,0.32182172082695826,0.31352212664901913
2585,0.2617591201355217,0.3392162139676588,0.21336341781291984
2586,0.08071241571362171,0.43142367271706195,0.2712472802917045
2587,0.05249467028848782,0.37593794760945126,0.2698017562794294
2588,0.10652263559080791,0.21186043594947873,0.36926771368710865
2589,0.07220426681811423,0.46644857025866376,0.4797916644322946
2590,0.11696812273433008,0.3320634219481987,0.23150316140300242
2591,0.28938697080717896,0.4119574478400195,0.25468189031630134
2592,0.09003853497532464,0.33914213273723154,0.36630811560418197
2593,0.11861259247252859,0.28938196976130914,0.2031663765498919
2594,0.12699389300207242,0.22406274633172474,0.24701490928578185
2595,0.219621974695766,0.3833140819768861,0.43694844998133364
2596,0.03159605585657041,0.37195903394474483,0.48608829834730016
2597,0.08170638435143159,0.5197463520563439,0.24557810041483435
2598,0.14099090112801582,0.2537879607423585,0.2548818142567434
2599,0.28178227350005725,0.3876239497000873,0.4134026801456785
2600,0.08802606969731581,0.43964937611623817,0.4502170405468967
2601,0.03827453160033168,0.31363292427569994,0.30446005458254805
2602,0.18705539294979384,0.23791312850072538,0.2657768575897809
2603,0.08021048639442004,0.21475971389778925,0.3931047742482412
2604,0.056729012507288124,0.260713418544032,0.3713943342513587
2605,0.08078172287998571,0.38721364852382467,0.3280105627770597
2606,0.10784388636432496,0.4575479592525951,0.5709078382167001
2607,0.08180961082796528,0.19518794551631255,0.35894210897364265
2608,0.03225383871656688,0.3956763969087092,0.22443377420106642
2609,0.22728641392433566,0.3966142727797347,0.3786608415796976
2610,0.2972212639258337,0.2851045648672555,0.264174011594194
2611,0.19126170044518614,0.4243272396307524,0.3143233920150441
2612,0.05854501780804375,0.30630289730284804,0.4205947061023304
2613,0.10662857577088129,0.20797396693950793,0.4326796501327572
2614,0.12155787943432485,0.36321464963166533,0.09918230891074581
2615,0.18434298717209086,0.27395270789655485,0.274970320511985
2616,0.19352593600831197,0.3754665908145178,0.28094491766718865
2617,0.07528994995127057,0.5825791824935155,0.3315481877775985
2618,0.12907995490395288,0.39234629361887907,0.2466142529617364
2619,0.16705459423603927,0.2378383318396608,0.30236947096016764
2620,0.3383024815144003,0.46101989242540165,0.3236612828747449
2621,0.19849136820785773,0.1700567120380967,0.18206194828789968
2622,0.21063140298661617,0.4290852192736278,0.3142492665905866
2623,0.1292408166596403,0.3035804122007821,0.4472526762946746
2624,0.32748139130658604,0.3419661206072266,0.21657715521673904
2625,0.1616437129174604,0.16497442948867938,0.3480883044919887
2626,0.0694753785611489,0.24855192383347158,0.3417867559868861
2627,0.325822883687482,0.4303516819026556,0.17315833202975878
2628,0.19757482854565336,0.390707483103718,0.2973186925281837
2629,0.09088289672087799,0.3541612167116518,0.3244647863090184
2630,0.08874191769051583,0.510679528598838,0.486756396886044
2631,0.1494958483515244,0.1668799472991847,0.2963528561652134
2632,0.16774031637336265,0.20427080202176842,0.3757983338493779
2633,0.13964625754575324,0.26566692690282706,0.2640129591683358
2634,0.1510201014683439,0.36987357445592345,0.36728309781790947
2635,0.40320658698387507,0.3388771185274191,0.437033400301023
2636,0.25716673892982145,0.30206463061321276,0.1851018769689297
2637,0.13901138857568818,0.26547950592752273,0.3495438879282634
2638,0.23450251971752248,0.413939661145323,0.3948616905041419
2639,0.062439560750812736,0.350529292361839,0.3204621012618943
2640,0.160325293415341,0.3485488106376823,0.3609939466598562
2641,0.4363020512356815,0.510363625680051,0.4223261873106888
2642,0.10545737623608599,0.35245154528130973,0.20800250431172224
2643,0.0700662251977137,0.3666163115521053,0.3781370444957646
2644,0.0793520609792634,0.5496938636589488,0.4796313487656093
2645,0.060287046082124714,0.25641921764452624,0.29122909789872814
2646,0.07290662621733711,0.4338609362085833,0.2718056211406347
2647,0.09531925658711035,0.25628013296006824,0.27152222673156906
2648,0.0498910228201,0.31738494151420044,0.36805056094072774
2649,0.12339334754156395,0.3342107407869454,0.5132608923768728
2650,0.22812408684144167,0.3757197880018005,0.615434947760356
2651,0.06747087226780185,0.27848631115035555,0.5361098871070566
2652,0.3540633308003863,0.3388617458237964,0.3003885695762526
2653,0.17338012998620997,0.37187179627265565,0.2518475994204924
2654,0.249801323603882,0.3862472929833523,0.19528953581279185
2655,0.07905962859593899,0.24795952303620306,0.38635242581447293
2656,0.22056733829407585,0.23862440668693136,0.7743104457477268
2657,0.06020221490466836,0.3543421665950558,0.3587731262456433
2658,0.22619516353311445,0.4343873873490469,0.3742756550648071
2659,0.137235513726482,0.28619085030334035,0.331544261960404
2660,0.17858040099462116,0.24260218492769317,0.3994809834439125
2661,0.05721376002493881,0.39981316840416586,0.27366898438191783
2662,0.06800894773388994,0.4241138951756775,0.3722146516511653
2663,0.18414157887387445,0.44099692112003813,0.3050330641721507
2664,0.06578275876121525,0.3302274129604639,0.39002996324570505
2665,0.16774281844145156,0.19254331260801366,0.33484925861076065
2666,0.05102964816470892,0.3040168235383882,0.3950578095317746
2667,0.21958225320035443,0.19282780511307887,0.24727708466399695
2668,0.05528341417525227,0.3386533830879209,0.4677549163007426
2669,0.17846209296129767,0.35352063808386297,0.4520519894911661
2670,0.18783064911815864,0.4076600469258806,0.30509833640269696
2671,0.07711028930364439,0.3219797181126193,0.27915670332203163
2672,0.18219873656295785,0.5097280313479424,0.21735631161572888
2673,0.14582717396436615,0.5541577373154956,0.22552954465541714
2674,0.0853770122710543,0.45056646702774766,0.29584353568025
2675,0.06337043752484113,0.3773087628370962,0.35294382280571424
2676,0.03655532738107144,0.3887693560969482,0.3582224136206662
2677,0.15506556273326458,0.3762293875476991,0.5625804364091732
2678,0.04550325497005071,0.3413295584903683,0.28413677198807835
2679,0.13025765991264437,0.37735486023408354,0.27468921914738076
2680,0.1023178686588817,0.334521299679465,0.32625335572519176
2681,0.19499515134063197,0.4550436641308828,0.24689580440025788
2682,0.0997306035626133,0.370217832567217,0.5300993448562452
2683,0.09793809366712644,0.3548951103996728,0.5703772340522224
2684,0.20233762312180947,0.35200415800366536,0.428729807556417
2685,0.1535123949673011,0.221113394064005,0.44658443142245796
2686,0.1515252324759548,0.24460136609806374,0.3191009208613427
2687,0.16844989719185363,0.24177904802623457,0.41375559251703187
2688,0.04627046623716832,0.38429962952634944,0.48956690796694036
2689,0.2059084264145733,0.20537910988746289,0.3028177381428341
2690,0.1861114526206269,0.3882884141946438,0.5159016935806985
2691,0.06305290708684852,0.383245622804776,0.33360522053072206
2692,0.10364423536039306,0.3926527260232939,0.32572156594071866
2693,0.11889441588436046,0.36104194571177645,0.2503315947123482
2694,0.11151760038740659,0.43195650805294533,0.360391080768111
2695,0.153385616970551,0.44697274648109636,0.4718556403172721
2696,0.33242367794957606,0.3420511259685161,0.14381652566413428
2697,0.25904009273908624,0.41163993078350786,0.37434294723562866
2698,0.05271406466068295,0.1850549875617197,0.42036086940764517
2699,0.1873638770861276,0.47461244630219696,0.34909987814564547
2700,0.30892366144392647,0.21825712673555409,0.1637950757255872
2701,0.15909723845240223,0.36465637397056144,0.20960733691846373
2702,0.26074057907403536,0.3839065609182538,0.32764624651429763
2703,0.5052993643199477,0.3835243194816611,0.185211673196938
2704,0.24858756471344187,0.34082717198240836,0.7249328381388449
2705,0.1447163752056643,0.30229803413172107,0.49652071887528015
2706,0.252384476407663,0.4054924218474213,0.23639353211910918
2707,0.13473183287016174,0.35527250824658047,0.4391163389400192
2708,0.12408795038234186,0.1993363168066515,0.41340974166128086
2709,0.09652717687067378,0.43517844977442677,0.2987290243321031
2710,0.3654673962689828,0.48413560609744855,0.45344586614450655
2711,0.07136922532738828,0.2950245789423286,0.15551578076576567
2712,0.3574057469991641,0.39490912419744045,0.300791300664129
2713,0.17206792577969585,0.32020573651365486,0.2831063655580896
2714,0.05007432622382992,0.3816460198404301,0.5711205546862582
2715,0.15700463433553224,0.48605563467732416,0.24300430718713995
2716,0.03402798063444708,0.31526601858521497,0.4153065846225801
2717,0.18781451656081496,0.3929913862288601,0.26756078219574914
2718,0.2253959168860526,0.18866185497982588,0.46409679152861083
2719,0.08246702060091539,0.2904669705134105,0.2919233442008702
2720,0.13278453266557838,0.24833228685435094,0.22139377645270963
2721,0.4844745718108985,0.567339189877548,0.3329493916844654
2722,0.08723517281682208,0.38579040341762805,0.4353202174827322
2723,0.061433819451811034,0.28391325997190453,0.3954702475377716
2724,0.34463100874328845,0.42496713869732505,0.19901524112499613
2725,0.4874401441521848,0.24173059427550012,0.19089190775377912
2726,0.12240117513122235,0.4178375684567087,0.27166444016359165
2727,0.24643947540750785,0.3133676514270559,0.24086407117506164
2728,0.3117063935767609,0.4201100588946005,0.2481339122271305
2729,0.0748922778942729,0.20636945704739895,0.28903497483536594
2730,0.08840578080824081,0.15557703913109588,0.40381950404184985
2731,0.288035639844245,0.436569357288805,0.3073805926263857
2732,0.3988882953843686,0.3251295504296411,0.22385386338165547
2733,0.17978270833101187,0.46433665815207625,0.2467974377582527
2734,0.06866271369989131,0.41108994295267914,0.3860773256199005
2735,0.49615555539856665,0.44304242049531695,0.32436152842813004
2736,0.08581482082546368,0.36872861636264936,0.2653063875191424
2737,0.09757041909926475,0.41444354894146374,0.40866072988786273
2738,0.1542851584017697,0.33815195221462846,0.43061103272365964
2739,0.3630452794401407,0.28724620759316977,0.4253497434872504
2740,0.22048196290090005,0.23707483750725394,0.3254373941570307
2741,0.16221568949192255,0.29892053816915304,0.24833542233907907
2742,0.16775239069018136,0.4103950738307482,0.31254233271586374
2743,0.12574928548873562,0.5179598773447304,0.26550374199692417
2744,0.17918965792043162,0.26305909915631204,0.12003740907360572
2745,0.0275975605587941,0.3935816541223649,0.31146069127335807
2746,0.10009067235874776,0.3327604345360367,0.15125564464760183
2747,0.14392516788642867,0.3549972464961355,0.26401271621439565
2748,0.058072699102236454,0.11312993920870226,0.2773635182827184
2749,0.15904387688315944,0.3276281100038055,0.5323886599610268
2750,0.10641670692097815,0.35922220617765105,0.22377600163921685
2751,0.419675119759067,0.5146145203430245,0.3618022166707452
2752,0.36799963231239213,0.41188519678275337,0.30339700545537446
2753,0.08953914220032877,0.47742056265983956,0.38808317664516156
2754,0.1103026645601301,0.49144495200246335,0.2698357326565362
2755,0.11614962037698368,0.2527567198347068,0.1923803399075253
2756,0.09037161015049186,0.3120342873244983,0.347766357813851
2757,0.13942966825786807,0.3950326802853031,0.33800528192048895
2758,0.0741430256583163,0.4073372533007014,0.35670214356714514
2759,0.058797466017487136,0.5877128437838544,0.30498925983461755
2760,0.18744783988133285,0.536637895280802,0.2993950362244746
2761,0.18834310018732628,0.4027652575150692,0.43026766622528656
2762,0.0720090366523083,0.1865966700986503,0.4186891324479096
2763,0.22701210886041434,0.23471934216241613,0.256879935224554
2764,0.08040619800806009,0.434494592082218,0.32048406905678367
2765,0.14510011465337275,0.40272219414383537,0.2224334344543521
2766,0.21531976289083996,0.4848313157828128,0.4009105488779867
2767,0.11935241964700487,0.2131898165567239,0.3882424507317228
2768,0.1667605834142785,0.3906801745832729,0.5134234089423191
2769,0.08663038895544449,0.3163719447256631,0.4217334498041644
2770,0.10698693143056968,0.2758157396884741,0.35568413500956364
2771,0.10631815845502526,0.13858324932762467,0.7050328596026122
2772,0.07469726283916285,0.26656117185820266,0.37482285114436165
2773,0.10840421171174494,0.521772227866124,0.39943696768578185
2774,0.04592599510392726,0.37875442339732746,0.1750633589398894
2775,0.0880690728771931,0.3587636772764071,0.43127028377686283
2776,0.10087243171343074,0.44370943416741626,0.6752872372194203
2777,0.10281341060112402,0.3883568386861337,0.36784373342601195
2778,0.10382257020070097,0.14835041352082468,0.4276739518070377
2779,0.11710698645114567,0.398245106901238,0.4703857054529573
2780,0.1696438839694871,0.47322466829553994,0.571855534430408
2781,0.22369859610415171,0.22859942810622774,0.40594804637321913
2782,0.07947067991643744,0.393087374367695,0.19209316792214576
2783,0.056267529414499806,0.28403850474929376,0.3613221922805565
2784,0.062074374934255605,0.2979706202404662,0.4267974609447793
2785,0.0882963917537855,0.491561613473627,0.4168316293455028
2786,0.09649487669266835,0.4088751457319725,0.3200663775465445
2787,0.0735930860950377,0.6174002184987145,0.298226137901345
2788,0.05322106179231016,0.3653724819472257,0.29884398787732486
2789,0.09010812787640711,0.2611640848361122,0.320404036389246
2790,0.1381382369703944,0.2234149817458008,0.350417198173932
2791,0.18385921465937807,0.3716841305068263,0.39781004600364867
2792,0.0843535216564961,0.3316862044076969,0.37813191799630774
2793,0.09269171312643783,0.5200984979781255,0.29189641938078104
2794,0.06667680574528849,0.20696007094054528,0.22352132462660496
2795,0.11952772639398311,0.5736712851887853,0.3784110743683655
2796,0.07003116115491771,0.2530469510010176,0.3060384211305863
2797,0.18107153129715642,0.4259286094555627,0.5417983646786824
2798,0.040208299779886186,0.5713710009528971,0.4441523735754993
2799,0.09600535810810865,0.1796350421071465,0.37407828886226335
2800,0.14996292871025987,0.3441106263584929,0.2613019936008507
2801,0.13836596841723203,0.19608401438864376,0.21022852443902823
2802,0.8292972903100674,0.3476894933409092,0.3364070219096533
2803,0.1550816134517943,0.3512059302715567,0.35206968949063955
2804,0.06354705230058946,0.42939866674628663,0.18047151774996772
2805,0.11447977750388762,0.30850740861189735,0.3895988408867722
2806,0.04042115189983776,0.42707267892072903,0.3414730707603493
2807,0.11563052372903032,0.44505243219623325,0.11775145936876147
2808,0.07071310171882979,0.48890551414452643,0.2522404799716034
2809,0.23024638187769664,0.34220452684135483,0.2582118235381931
2810,0.08478600373272782,0.0921567541828009,0.22092053643184761
2811,0.1128525977035548,0.2691461124835995,0.37948021513144914
2812,0.08020039405919094,0.4131015913615668,0.5696685421174466
2813,0.41467266399585234,0.33905599301124417,0.38841602935128705
2814,0.09847101585977423,0.1760722654789279,0.40874993845069274
2815,0.4436909094544611,0.23115981300333568,0.25945080626688816
2816,0.21438323015558236,0.33884758486231675,0.39390233232672744
2817,0.16995343329230977,0.4921840688288969,0.3168644882227494
2818,0.1571222249755917,0.4031146499539879,0.336236027695475
2819,0.1598679778096703,0.3937268607682177,0.27539971399305047
2820,0.037240300187085185,0.49268607546400245,0.19241427129680178
2821,0.1012743404722326,0.44565294033859326,0.445125665560105
2822,0.21911603234127214,0.6252184032093064,0.3537575576204933
2823,0.11812748607568113,0.3301016806761736,0.3121660485306563
2824,0.04990204156076601,0.39357688241790306,0.5755479562728605
2825,0.11784835649560291,0.33107368647085395,0.2398725715298557
2826,0.4044138161655149,0.3839623020901394,0.40973222963960476
2827,0.29134485945957006,0.3248833477891559,0.612459823396367
2828,0.11708805890646526,0.3247299235560937,0.3831457439288164
2829,0.23618963415663144,0.4390472733334353,0.22591702599445196
2830,0.09557096258909156,0.418050955220678,0.4528484910319317
2831,0.04207199334888286,0.34348828317629115,0.2809185282004473
2832,0.06676980874123896,0.4382790645968254,0.27438507770013215
2833,0.36532963187845835,0.37094643217465556,0.2480895751587497
2834,0.10160367183772394,0.3532581165579275,0.5449823256529684
2835,0.1036922884780655,0.28432486761407133,0.29453399410479425
2836,0.09987658102959922,0.3470676308882554,0.24654819080220813
2837,0.46725274928439914,0.19843918033715502,0.4893533282645205
2838,0.38228187613320486,0.3202379931175519,0.19169396001999917
2839,0.5869849719486439,0.34901751505381134,0.3430881297463959
2840,0.10969796165235322,0.47078717997314784,0.26824881944247553
2841,0.14939802405029953,0.5164841418080569,0.40556947607148885
2842,0.046776231352117614,0.18076799929646073,0.2927271225602605
2843,0.34346381172470347,0.25914357044343805,0.20542471995089973
2844,0.05748515680601942,0.4590461059367835,0.35181932112941705
2845,0.14152251180059638,0.3826363155700873,0.28924147225957864
2846,0.06000483806671327,0.3592773161830611,0.43507437844262664
2847,0.08265326204400791,0.4327513722540555,0.3433897333744903
2848,0.07052573204677878,0.2810098524917059,0.6272909129468348
2849,0.08164443643438303,0.3978282490712001,0.2798504065040138
2850,0.08536143769492162,0.31240668784108055,0.47905644803982916
2851,0.08485599891415443,0.437577579265041,0.29995232675041666
2852,0.21729838529690948,0.30847857729323674,0.3233302282637664
2853,0.059728211827097054,0.368723996289831,0.42417188948901685
2854,0.1418882959383293,0.23187606756622173,0.24463767771702993
2855,0.28539568269242244,0.40927321322545673,0.48126362757400853
2856,0.08681292764018725,0.3747082158161313,0.41619808121683055
2857,0.07607488548616001,0.3209715526148764,0.42861011852031117
2858,0.10458395486675995,0.2767497505897983,0.4472401498688968
2859,0.27772673683097704,0.2858659587951669,0.40221044260928296
2860,0.13934213836228726,0.2449842888445108,0.4146803293571665
2861,0.08580124406498735,0.3082752744112642,0.499160301008442
2862,0.1701671993050661,0.44281782341688003,0.3367576784062687
2863,0.05982209680453994,0.4892877668828608,0.31734509647104103
2864,0.19529810331668793,0.2486445240889605,0.3908286078350188
2865,0.16151449051458258,0.39809672856173295,0.3469994125248941
2866,0.09935059773880549,0.5558053804045834,0.4472062076209906
2867,0.0704669041411443,0.24912936006760222,0.5818630664698569
2868,0.06836753724802526,0.37573109710416247,0.24428013058711806
2869,0.17630259557125738,0.3089910765562907,0.34679670562079123
2870,0.28764691562622124,0.33619259651084193,0.23410736312780273
2871,0.08011010140510223,0.31456041279228447,0.3140736874895409
2872,0.16718284928949295,0.2555708823426257,0.3204588705905428
2873,0.0342562422031519,0.2842214719112658,0.296025658181408
2874,0.08288071887534591,0.49521386967183967,0.44318374578184305
2875,0.11955842546403662,0.25983252739449203,0.3761389762702858
2876,0.06738957182067214,0.2197006963648117,0.27577045709265036
2877,0.06626999682165577,0.3993845226984034,0.44342717860124015
2878,0.0785563943816185,0.28820743589971914,0.32406387612805837
2879,0.14904560976760367,0.3248735540235188,0.28219508263616655
2880,0.1076420027585536,0.44015386439142296,0.2379658852284059
2881,0.031732215044711166,0.49340300908205054,0.20117547330704383
2882,0.033669457733535045,0.4182071161090152,0.28867385371320137
2883,0.08169768794537466,0.2988808648551992,0.34246688498978084
2884,0.1671016713236306,0.2623297656629699,0.4461795004568754
2885,0.02503766068971216,0.4798000957944363,0.15844628503953584
2886,0.08757789103220529,0.2861679833676935,0.5816573751671292
2887,0.08607875830655969,0.31772239950934317,0.2600390332765298
2888,0.322334756908918,0.30560801493467493,0.2964587940496066
2889,0.09441243303802542,0.2092925390129432,0.30002626203639354
2890,0.15867769171896595,0.48018314892531355,0.27278607177842135
2891,0.1343983560246547,0.46659462225556236,0.30451811447175653
2892,0.0335002788423823,0.39283384769701896,0.31122995024601263
2893,0.20756685139390257,0.32804607095096244,0.3200945651430125
2894,0.1413888164349441,0.39434891988977383,0.5384674601783872
2895,0.173076177555541,0.25052489467882255,0.2631953710633344
2896,1.0,0.49946093242383255,0.5768665241611439
2897,0.03430771320312234,0.29556883010401047,0.39816996227239554
2898,0.4104615758374414,0.334207509618966,0.19438226066188874
2899,0.10070046364627865,0.4782728996772722,0.2544469907288978
2900,0.1485476641597772,0.4575503579400394,0.2438714204435845
2901,0.11839756762187244,0.3366884162104289,0.33376332820604215
2902,0.09201043052631606,0.256377820327045,0.4996227686909608
2903,0.08367775413628914,0.22642389434310084,0.4315127839809908
2904,0.15292611721656033,0.4805040754654506,0.23805999152609353
2905,0.04676194323713618,0.29941468077224054,0.48491887063284744
2906,0.20501242185828306,0.4363998150247087,0.2358441919540855
2907,0.09249735837497702,0.2735975060107935,0.2490228271142702
2908,0.058817015922063995,0.3712810328682477,0.4622347487410263
2909,0.0904690774403913,0.44933443422082414,0.45941969423553886
2910,0.2934847904017106,0.5114138218434043,0.43163370528880973
2911,0.08557175545038187,0.3649026229022036,0.3383072317471807
2912,0.15601075199878023,0.37842837057834205,0.32817816548097634
2913,0.07544457302875796,0.39269886919704466,0.22501232559042778
2914,0.20607238226291139,0.37793452937072797,0.3348239631192679
2915,0.1958663609127983,0.5356919131082974,0.2688663471619893
2916,0.44886668698466664,0.2518589462775233,0.31738287888431277
2917,0.1084919873662448,0.3699722987570306,0.6537186082016115
2918,0.19356852039152206,0.4834342914794506,0.37206921010350447
2919,0.13049936254668962,0.4147320981450801,0.23025022598916645
2920,0.3017110842987124,0.24057527301460432,0.4888528177538799
2921,0.07603052274660536,0.3144674117085277,0.5029256129051285
2922,0.2042116378188294,0.2621318076263619,0.5161512657728868
2923,0.10711342604724639,0.37871190778550295,0.28754034594025557
2924,0.11691582266672214,0.371052850532458,0.32435014980638627
2925,0.12993963072562661,0.169079009988806,0.21750397671101968
2926,0.1450079922499174,0.47205782080642433,0.5345751714642402
2927,0.11289329383108791,0.22286973103198954,0.34964302909924827
2928,0.14132262100665668,0.2457604479560103,0.2086959484430283
2929,0.3693508791091692,0.44538918055113913,0.5488389392084846
2930,0.24194068843398966,0.41512953325494434,0.26839041987116297
2931,0.22285413801468937,0.4746630095982267,0.2955586309917628
2932,0.09014240962013144,0.3679432762156984,0.23553911529685329
2933,0.06825787648116848,0.5063466690320717,0.22201108556221671
2934,0.23683382437216413,0.431265885717087,0.37972500972994827
2935,0.2239401036297892,0.37437959450515607,0.2667228146692441
2936,0.3424149356679527,0.3262297340586765,0.1965148447098154
2937,0.08184998061871203,0.5625094170349838,0.4545106147220268
2938,0.10465197547224361,0.3566140371688437,0.39312240844591884
2939,0.04361681345651097,0.41101314319819465,0.5696051159412463
2940,0.09395076508049881,0.4040894346598788,0.2977217124606555
2941,0.24385335097775787,0.37653077473932106,0.34046526378471553
2942,0.08949877065581825,0.28753670135952925,0.35936464050869654
2943,0.1897903614057199,0.32337548613839895,0.35134387757821595
2944,0.1074139505621393,0.40275386310326544,0.36382432684073374
2945,0.152352488282953,0.41230029711470556,0.3028824851908242
2946,0.05819000991900113,0.4595257091006711,0.1756528303278741
2947,0.1293624436466112,0.2524210189029608,0.3680112954146204
2948,0.022624537631931962,0.43189919642576924,0.40177951247955357
2949,0.10767314446250899,0.5229126553454585,0.30133155158159614
2950,0.04383893789409371,0.4135492232704567,0.6878715940028496
2951,0.2829724625105062,0.1815884962078004,0.28748851188602853
2952,0.20891330486095777,0.42530665542762014,0.2733455063783064
2953,0.16814660250475555,0.27108960253298076,0.38607654268676495
2954,0.3545014673831087,0.34633816808111717,0.3620022172097732
2955,0.06575947366975571,0.24609305936962042,0.19274028868197757
2956,0.4172262896404925,0.32649999810025004,0.4292979986772314
2957,0.23299585474508533,0.5408473185043244,0.289508399003849
2958,0.10416473301962087,0.3340397729992276,0.4881888258763224
2959,0.26914544020856146,0.3459899890842249,0.3809118281734297
2960,0.05967603640996708,0.2290437209492072,0.3115621199461753
2961,0.07109539272381678,0.3111525328978546,0.493298423929477
2962,0.08160679402666521,0.47304012134321655,0.2805974266677973
2963,0.08592609368959535,0.2438354987675255,0.21149952521926302
2964,0.061522604701945635,0.35518066082849165,0.20929397955376805
2965,0.28644001623799226,0.22665617027807108,0.3628681887575038
2966,0.10263075125096463,0.27684858160889364,0.5747346270627782
2967,0.15537140516955086,0.34723795173201233,0.32108598179449904
2968,0.08364965787333155,0.3752878924664061,0.42463718849868304
2969,0.039452213715574176,0.4795557616933766,0.37068825842507913
2970,0.1467938555962551,0.19102690912801412,0.29374678941624993
2971,0.03754811260086643,0.4679866045675286,0.18638390350885115
2972,0.11656609474212001,0.24423127071618966,0.35432368767150146
2973,0.050994285004059094,0.5117074001338039,0.4302796465126084
2974,0.4962327799873992,0.3984560908100627,0.38742174093697224
2975,0.2295923489924827,0.3371968118150151,0.3010080591484169
2976,0.13118416736472113,0.30065312777611647,0.2825160458263994
2977,0.29486134805604314,0.531531600460345,0.2725644658926255
2978,0.07012442137132636,0.39833089382792464,0.270227045762317
2979,0.17736906330218621,0.3802572507501072,0.3410033023397083
2980,0.13988723974748507,0.37917591804231815,0.31962506153948955
2981,0.14618607731823746,0.1371151911751134,0.3934363860056054
2982,0.2966867477091727,0.554078302126755,0.242150184266327
2983,0.2024258730244027,0.5091000966101518,0.33333673550907716
2984,0.14869027271200808,0.3034579604725151,0.3324103667438493
2985,0.04324052580596493,0.26206765553381955,0.2844658007525931
2986,0.06530559143977568,0.1786566388433967,0.37023193477219485
2987,0.11240318200374774,0.563789491815468,0.24897866615468034
2988,0.13008295961499322,0.2382773709136531,0.48181256145308793
2989,0.058812203383486826,0.43762717344514895,0.38375410874490057
2990,0.6754222987084487,0.22024209799779576,0.3980864221794198
2991,0.3533294305262127,0.5200758587828326,0.32851377660605974
2992,0.18477121580401387,0.17709655574647104,0.30209934313275416
2993,0.12820887702538414,0.42680597468301984,0.26437400321222926
2994,0.10586869506466501,0.27274596652105587,0.25432858431537325
2995,0.06563668360740597,0.33872612406568103,0.19620403747602133
2996,0.12868423341743687,0.33941282847864973,0.3462096410267368
2997,0.14555798330181507,0.283450575414213,0.4169722313875305
2998,0.05497779057215616,0.4228445912485103,0.22078850833610586
2999,0.15341909260357697,0.32313269270123096,0.5000708368804633
3000,0.10997645806514438,0.34581752544450667,0.1928387926416758
3001,0.03763755966580908,0.30102344876203574,0.43667350974131935
3002,0.06950610179997894,0.2303901463636572,0.2531664814109914
3003,0.09265472841069657,0.28349832085490406,0.4662881337889677
3004,0.46172731966404257,0.37051596825028776,0.4250233908154648
3005,0.17899169526423914,0.4155881136145808,0.7182134636315947
3006,0.05199221839297831,0.46847668862477154,0.2735482423209457
3007,0.17042264409015562,0.35316985418463803,0.14535633547102844
3008,0.04596054773581787,0.5219973662348639,0.16924212191740312
3009,0.2592101644323241,0.5311714472263936,0.3145230365344794
3010,0.08922837213088643,0.19296236047891832,0.35409228775339774
3011,0.1146206165429746,0.4308481679405789,0.2647913126986878
3012,0.30823177804626856,0.41892489564043817,0.3767649372561397
3013,0.053505578500210406,0.29180222654173504,0.44172174027689304
3014,0.050138586082349425,0.490390118269347,0.40286576089014403
3015,0.08293534100905961,0.5144958956237677,0.3319180692538932
3016,0.25118637085478457,0.38392241143289624,0.2531329663716386
3017,0.04670356361132634,0.2907199399226944,0.4338120161962097
3018,0.024149484081991086,0.3193593688670939,0.5085255124459428
3019,0.09040123035933648,0.4344394099753088,0.2756291660729751
3020,0.1783925935690533,0.5301992797707153,0.22498844814502472
3021,0.28181897291253805,0.228628543513466,0.4765639079937932
3022,0.08969408696401661,0.2538921510100693,0.37184116321981886
3023,0.09278741284373497,0.3326294242633707,0.3695651102065144
3024,0.27266825852697263,0.45853540535116843,0.5588964791728627
3025,0.038415304739009414,0.34562446304678784,0.17630285293452402
3026,0.09419526887618455,0.3994796597959893,0.313922711077305
3027,0.1389912491711143,0.4401638121100148,0.3783394881360356
3028,0.16612315265904481,0.39406763523337573,0.6061394064220681
3029,0.0870047650006688,0.35716839313472953,0.3309007173872882
3030,0.12497764354390445,0.31366175541471913,0.2868822279473373
3031,0.02813003551352316,0.14348641943087684,0.3599417682887144
3032,0.07903861273350332,0.3387695851081647,0.4209924860140798
3033,0.16661812388203207,0.530071610875395,0.48178545631367464
3034,0.06440943334160505,0.2193553701223532,0.5214576778216786
3035,0.12707684925947896,0.38521989651762395,0.1676666235365012
3036,0.1658531138399662,0.4366554093109509,0.26023073169325833
3037,0.0970938249043465,0.3033852545879425,0.4378518145407706
3038,0.1371065167414418,0.31798953854504636,0.3649077401941083
3039,0.06519660162230798,0.39489960910280575,0.3850875582162462
3040,0.10626482724199551,0.3758957119345282,0.273356711356347
3041,0.18581889599957452,0.42058570469462186,0.3626392018098267
3042,0.135848318914425,0.3685594323366066,0.311891825332503
3043,0.08277819741833092,0.47677491115513876,0.3897186711069698
3044,0.14224623596416688,0.44124588094247685,0.3937707376211633
3045,0.1999024033242149,0.5009636467590824,0.3722038446750029
3046,0.03491963547724285,0.18164400998163924,0.36653137828213833
3047,0.2736738808917711,0.23666590406212343,0.3182827393968662
3048,0.09749842538173109,0.40604637769703855,0.5390685024922397
3049,0.1634135626801901,0.4407700863574267,0.4716654411703044
3050,0.28121431988808654,0.4549339768896302,0.3421322086849977
3051,0.050893562580153116,0.4235966021164326,0.43732630351959545
3052,0.07648803601958142,0.4244371354731339,0.6082734267018566
3053,0.1006269379304597,0.5792161204026708,0.24801894616543907
3054,0.07295326766773703,0.33419757283423474,0.26658566481018736
3055,0.4135035856389002,0.4943330191720435,0.3454601535417091
3056,0.06966427220280189,0.24241648951262337,0.37091337383137046
3057,0.08445623325807497,0.466916724002127,0.28199271272453613
3058,0.14032655159865773,0.3930194238985125,0.4178363559998136
3059,0.05630321189652443,0.49747420935183423,0.3274654257084852
3060,0.09375263354978446,0.36704543329975936,0.468166392253207
3061,0.15166073088998305,0.3030149826026452,0.2693926432866852
3062,0.09771739229576347,0.1807290747038749,0.2519189880369396
3063,0.1146398404179789,0.2566233112598137,0.31563365786059827
3064,0.08590629652822232,0.2613367185535745,0.32022668861393694
3065,0.046834724119246746,0.2798138677166524,0.24869404062614137
3066,0.15209400339189694,0.32648293492824826,0.3476625591526933
3067,0.41951086406609267,0.424564252651111,0.2705781491216944
3068,0.12362622875696087,0.44044084744390893,0.587402474853033
3069,0.142348460806222,0.3532256204276546,0.3298024485744292
3070,0.1968588954802612,0.21468036905829213,0.3772545629178823
3071,0.054077934156129465,0.35082813559501064,0.21877740074643542
3072,0.40395039245629977,0.34528892195251426,0.3987638311362196
3073,0.14012868996200753,0.3743362295598062,0.2567437790287972
3074,0.38390797470825055,0.4932181763178814,0.44438265636555574
3075,0.07534473091943408,0.22344360100942892,0.1953303028494845
3076,0.43906958483781816,0.3256387417621513,0.3327565253942214
3077,0.20858289453231516,0.20060258427239147,0.46008573435580036
3078,0.17855413570749434,0.3061394100519395,0.3553458835166584
3079,0.1432063106149739,0.2046117615557829,0.3213612070565806
3080,0.10333792855817267,0.38477921706863505,0.5020844150162661
3081,0.28187317156288666,0.44640469834557955,0.2553572298417066
3082,0.13431608025987557,0.3607708382474697,0.22503392215629325
3083,0.036469500750121626,0.1943953397030415,0.23578603235146461
3084,0.059280598364032065,0.31369693074107724,0.2390625092098545
3085,0.1077487563592249,0.27288147529710377,0.3827649678427457
3086,0.15088393037561612,0.21036625715559415,0.3048623526342521
3087,0.11751631130038305,0.5264536198921138,0.453525020080189
3088,0.2856015566443148,0.5159122514210481,0.38805380242739584
3089,0.036779204539097554,0.23132246450212943,0.3768868265365214
3090,0.13461233524779245,0.40902351502796114,0.18050156556336172
3091,0.03950865373335414,0.332006668632424,0.4014606622996698
3092,0.20633171817190882,0.32677687816475387,0.4897256249277373
3093,0.11455722315261997,0.6239429052938037,0.347372270281606
3094,0.16274945130128013,0.4010360650369394,0.24245361436123186
3095,0.06935336681614691,0.2703653788825322,0.19440730277065071
3096,0.29819679173884983,0.3423160433358843,0.4551755652470848
3097,0.25178307345808104,0.310225751735162,0.34722487962185433
3098,0.18239173001113387,0.4014303965422266,0.20956501396604438
3099,0.11189075443769284,0.3238014876013591,0.3788374533451361
3100,0.18192326925453703,0.4283207742385483,0.33382555764332267
3101,0.07661273551746531,0.36737196643283454,0.5390715133025021
3102,0.22072760205449501,0.14369045536036396,0.25679700889180695
3103,0.3888094740666637,0.24932793680172893,0.37776813557116884
3104,0.25699655613096695,0.28651063751193306,0.4809406174717944
3105,0.07550974236530812,0.3353074119029925,0.3881678519361067
3106,0.15633033496375806,0.24129761032238384,0.31958439314323445
3107,0.05331539793307199,0.24401023917940606,0.30123802839161834
3108,0.1809784444509063,0.42186862377833995,0.30376731397619566
3109,0.16628274414709737,0.4396023532651033,0.28458371583259223
3110,0.038413758200085295,0.3197190099344505,0.2663404774757228
3111,0.05769443858478518,0.3094958174548499,0.4741617811791743
3112,0.10098872737174769,0.31034188800481377,0.46221836656517645
3113,0.09980899230298464,0.5179720426201567,0.42061270243259696
3114,0.05605509343929455,0.23578646243732912,0.36048800052046814
3115,0.15933614790055617,0.580618659509292,0.356715366138613
3116,0.1449316612115355,0.2674789080095868,0.1934357302766293
3117,0.10714406239124225,0.33520548302618586,0.4166970229899353
3118,0.07426056652498794,0.32181233104410134,0.33751566281450185
3119,0.2530331147657416,0.28095849812199475,0.22284167086612977
3120,0.3904720543386699,0.20593294291759195,0.4621688660963227
3121,0.08850649851979274,0.28643931092653885,0.3191048448321468
3122,0.08141862371109801,0.34136229661515227,0.42335077730842996
3123,0.17103598229332617,0.4817228950968413,0.38553737512143504
3124,0.09610675512207947,0.3368846914486883,0.2477786199651173
3125,0.11115171505012882,0.34896086282692246,0.42293317619180326
3126,0.20344580534081122,0.3123856272619261,0.2693861565341109
3127,0.037606382027652575,0.4404327973574419,0.1858883031820296
3128,0.3065851750698178,0.3296720823540434,0.42251327471901234
3129,0.1282649838623091,0.412694724378397,0.3581135331260582
3130,0.09278335791856193,0.2716626120001013,0.34834581886085536
3131,0.1149605449031714,0.3511904366878826,0.42418127538663397
3132,0.11903388267120538,0.4717678095998309,0.22703493908426303
3133,0.041438203964618135,0.33158779933947263,0.24375234116246358
3134,0.34792937951063685,0.18271481649270316,0.22993360256653606
3135,0.12556265112009904,0.36485244622937596,0.2879752640044395
3136,0.16540867565195772,0.3157814670375436,0.37324727777283595
3137,0.23620642004255904,0.3307464386448933,0.6100221046700778
3138,0.06287874038841021,0.37018196802252334,0.3107904175310786
3139,0.16894221516566943,0.46950576001969335,0.35399296646603307
3140,0.10203322061340386,0.28476395996639237,0.20419582618464982
3141,0.21936519426819495,0.3475799413787444,0.2805782154405268
3142,0.03355739584713285,0.3853990054499403,0.15756129786118522
3143,0.11420067142586797,0.4277459859619446,0.6509250835199337
3144,0.08191131403014786,0.28268070512411736,0.169177773740308
3145,0.1641821289624807,0.31567571748409246,0.2835900494163643
3146,0.16854072028073644,0.2255177770980086,0.32097171180612744
3147,0.07657682841714322,0.35700528951227584,0.5665728140179981
3148,0.0763545731288103,0.3916169181072559,0.36074230184218237
3149,0.11331598560541141,0.24449022602981133,0.20595885387971236
3150,0.06794198246958495,0.4074786987260414,0.3047945623100958
3151,0.21862650628813493,0.4171163973560177,0.3427334322544189
3152,0.09540101377149071,0.36051816844038576,0.2714678465311656
3153,0.023409325707022043,0.16859827949028428,0.26251396908957453
3154,0.09504870084849067,0.3951825748610636,0.2559079944820012
3155,0.062208351042108596,0.21532435557820334,0.25851247997219695
3156,0.0438190939079128,0.3654189984336934,0.24556051090027403
3157,0.05512092298251386,0.36430646816005174,0.24864856758603315
3158,0.1315111487071288,0.3569238785445144,0.3005317794824051
3159,0.30885907616680425,0.2205092312997019,0.42131234211057444
3160,0.1512153620959841,0.3480562962204298,0.21523397966957603
3161,0.08171677115615705,0.401260668702046,0.25469509805650253
3162,0.16689519444652862,0.27062826853184546,0.3402813264579928
3163,0.08993323505166581,0.4334836060144774,0.39336841116419086
3164,0.07721752779260312,0.21985377895669916,0.5203757608681888
3165,0.0579547655589689,0.37192333324769744,0.41550932047107425
3166,0.04096825629168323,0.49527003837148165,0.35096554493384413
3167,0.09410835329518626,0.3346749193031464,0.33099877271282147
3168,0.13594863069583996,0.21059994817758068,0.320966805933928
3169,0.11439055077811895,0.43362718767797903,0.22386252321351646
3170,0.09251117396795605,0.3485663725800238,0.3779095839169473
3171,0.06588945326011685,0.531604374783315,0.2894788582141312
3172,0.1855634470211069,0.2495086836784453,0.3504090094674792
3173,0.0525605832464497,0.3969730454637341,0.24347963348290824
3174,0.20871083748126404,0.4231786828343126,0.32411188782571254
3175,0.06361934089408364,0.21386516571401745,0.24404955431545822
3176,0.07441930624076494,0.27163910102456285,0.3941888939209163
3177,0.04814272699405292,0.2565835831832415,0.3071034627844514
3178,0.08748249781752314,0.465575100025889,0.35299165632546026
3179,0.24021085040278867,0.35114658471667753,0.28912486103962076
3180,0.1739642200032748,0.4142346942234597,0.4128781851050721
3181,0.2407401096369658,0.44097725649772435,0.3733033076887108
3182,0.17475434403443504,0.1471686010515937,0.25196331918797615
3183,0.05977175905071876,0.5422546781765574,0.24489802784108694
3184,0.09785127351073622,0.2535699872090237,0.43574978089621297
3185,0.07311794855853081,0.4426779197970631,0.14014615050239848
3186,0.30928640069477237,0.48810919886359655,0.5046784633363262
3187,0.056485594187056024,0.1888326002333675,0.26188235390083625
3188,0.22674663678597493,0.46300732604174377,0.4077071187832142
3189,0.2266276267211763,0.3210381589653843,0.3753310278464853
3190,0.44275058030661746,0.3905506677637806,0.2963233749312321
3191,0.09289352369866288,0.3765623589448545,0.3670298745816837
3192,0.1995819851011128,0.21495827955350302,0.34017759658008484
3193,0.6144354275847678,0.44850976638278256,0.4224045814128409
3194,0.08113159868237779,0.5008716108241952,0.2577078221823256
3195,0.046284580533314676,0.3552557975702407,0.41024577118033523
3196,0.038203344838671986,0.1632672580587686,0.1643287861844286
3197,0.1996365540182658,0.31676643215993633,0.40028813396361784
3198,0.0381388459003129,0.438568613048823,0.3335462894069575
3199,0.09520557496408555,0.4880037188829116,0.3865741161027043
3200,0.16475771456436822,0.33116563150468203,0.4021359406590025
3201,0.13849297400984312,0.23847578703269878,0.5156524986124164
3202,0.16340846136811613,0.4223575556007916,0.34643598157934685
3203,0.1420584702382237,0.4470453762246293,0.24857712421681893
3204,0.2980692680609952,0.5143292748983574,0.5690495949959734
3205,0.06562042768417266,0.4354852782350201,0.37312875966137415
3206,0.07809336351159382,0.33640003763600046,0.43437803621856685
3207,0.07346871141737084,0.2561330380200189,0.2937402371633249
3208,0.21681803561897975,0.21170927989197727,0.29283936463098714
3209,0.22782172892342883,0.4118182758751938,0.3483510851194178
3210,0.1663544746807761,0.3319446062591212,0.39727831508345923
3211,0.2784730128190135,0.48004813277756175,0.36634202437689034
3212,0.05712912956546421,0.42613630663038105,0.23990048658373697
3213,0.39380910972285305,0.2950232741080278,0.5287393799621127
3214,0.35507019731020034,0.5155655236849362,0.22314450150703496
3215,0.20287099233153916,0.444888484893177,0.37272979858535216
3216,0.4277229854374096,0.4033794129095065,0.33881601028468866
3217,0.04319839071356339,0.4106331377486631,0.6953924155402784
3218,0.08617957488450699,0.531580189652264,0.2916653094180915
3219,0.07523574952416531,0.38413517548940435,0.22042568533268958
3220,0.20086785348897435,0.33226170536870236,0.4109722246785956
3221,0.06176583484355329,0.34244333420216616,0.2850613127588404
3222,0.20601062776659956,0.4551893282035679,0.4642484997781904
3223,0.3182538534375018,0.37755290676978165,0.439447471505812
3224,0.1972013022622859,0.38450685541449364,0.4179147964072125
3225,0.1481825121078269,0.2322550344248615,0.25934957123884167
3226,0.06418699775169134,0.1989618326514207,0.4380202339578283
3227,0.07010079127714125,0.3010685970706397,0.6555365536107092
3228,0.29191222493170466,0.27741326938972727,0.2970275581236319
3229,0.2091986413446443,0.45437859647375156,0.31551613667135425
3230,0.1189175136746506,0.27285166037985015,0.3212526010888395
3231,0.09239326575900692,0.32355939194880623,0.3046657877197682
3232,0.035361215145026506,0.44736024168920513,0.3510869657177048
3233,0.060984900083031486,0.35600040261360877,0.3383367786249014
3234,0.4697205991353841,0.26534512267843335,0.32994895426586834
3235,0.05371998743789727,0.15614813422987212,0.24940070128358605
3236,0.13890147715746978,0.3716424737254562,0.4814978963776535
3237,0.24573874577840332,0.43229120801519444,0.37801058019244416
3238,0.05454590242530125,0.4582258069184903,0.45172267567688107
3239,0.1384489145646463,0.5183340526641395,0.4045128736193194
3240,0.23394039486417892,0.43540140389448173,0.11857383293314971
3241,0.12313294581333238,0.4847356513713961,0.44312699184252435
3242,0.9427338818054637,0.2619800039008281,0.4311381519024924
3243,0.04290914709384264,0.5618838550435457,0.3625922659383225
3244,0.2548385266984132,0.4415890679493292,0.6322090206162575
3245,0.10869262167009333,0.439356854537346,0.46173117852041234
3246,0.20810914271708641,0.38346368098471145,0.456796253352713
3247,0.16521443999102936,0.2841974785533526,0.1832506109446395
3248,0.07533881259587567,0.26709505899297903,0.5030872251744214
3249,0.14271326159996264,0.2965294746732225,0.4143388212236955
3250,0.038661719302012364,0.38834122169589863,0.21107394526020984
3251,0.18491693011845972,0.3951648307185843,0.37166864006887945
3252,0.14965881801034658,0.49361621679012724,0.1840800610074531
3253,0.1895490530946285,0.4141551526326158,0.4151765145470976
3254,0.2547282117934265,0.49208533095464063,0.35600447379496336
3255,0.15700144022967558,0.30546310719506053,0.27592127021003454
3256,0.1350266406404888,0.3743030344061976,0.41781858974261266
3257,0.06860869616171704,0.5695135178489332,0.26116017114313544
3258,0.0763522850856342,0.23162772342945842,0.34920640853632223
3259,0.2791164919241462,0.28830343094186744,0.4701069816211597
3260,0.33360947882508685,0.5472204566217906,0.30092812281282316
3261,0.10405692972531096,0.4196642283839561,0.24388749660255754
3262,0.12596178311530848,0.5187005680747035,0.4679450268176998
3263,0.06760365800900321,0.3051721374567781,0.34820095623491576
3264,0.2763522452466552,0.23104614279884,0.604979946441827
3265,0.1931303040490203,0.31903887377304807,0.3949844971452192
3266,0.4799581364705635,0.5321222454302281,0.42502731991661746
3267,0.06872701832471356,0.5436059298259058,0.37669380260890717
3268,0.09484944995586765,0.3157184507898288,0.3995559067459685
3269,0.1429532320967651,0.4954966006933829,0.4059314132073467
3270,0.19058965053783403,0.47147241076934254,0.41442050570750133
3271,0.10562475389901925,0.38827640822099346,0.22950973209140874
3272,0.06895881701963877,0.30887610216135036,0.251977974259588
3273,0.22478860152503483,0.377362464535598,0.41237038234106016
3274,0.20081939611150987,0.1715411169783241,0.34620870776860346
3275,0.06711241830669376,0.3171127548500797,0.2605977878106023
3276,0.3148356588545024,0.35902042087796876,0.3694938307200616
3277,0.275849434896284,0.23184162755256552,0.5427493816167992
3278,0.1337615246216216,0.314490860617822,0.35709350752601043
3279,0.12886964390851877,0.2840908067390092,0.3835083023354867
3280,0.17868077450095046,0.2800421837719651,0.38729697787841266
3281,0.06944850345171215,0.5163663656471205,0.27476550965477076
3282,0.12460451414220362,0.5055979244705356,0.3307455428138104
3283,0.03313053484106186,0.338147065247309,0.15535207664337725
3284,0.22400469845508122,0.34699464781227607,0.2444179462502234
3285,0.04558928954813724,0.4090342029225333,0.3277848341420908
3286,0.3500538094255651,0.3379487531069875,0.22328166023986384
3287,0.09789457000063378,0.3181523690892614,0.33397331484011894
3288,0.10590697828447924,0.35922956863412786,0.3053648402584546
3289,0.08060553072892636,0.1720040420174435,0.5001840644199039
3290,0.10066097137175901,0.33334229261560894,0.6075142914865997
3291,0.3293804978879264,0.39543803250884285,0.3301840573977461
3292,0.02813683789325276,0.24668070176656479,0.37824816474153067
3293,0.297665131666436,0.30930703046131003,0.4842146779313705
3294,0.15382668036455419,0.3815538657611977,0.3355645532551482
3295,0.05613808383894749,0.5041310235936621,0.38336453160761286
3296,0.06081829655180254,0.3521776982145629,0.20684038112055442
3297,0.39641853475447253,0.3437751522689176,0.3947171905574789
3298,0.06589927134363062,0.27113191976766293,0.493553124903522
3299,0.05799038185916669,0.3541577117312913,0.22947327811079066
3300,0.2694699644480645,0.3913550151468646,0.186253601224595
3301,0.15388285944327615,0.34831125635186694,0.4959733858917841
3302,0.06621137669418634,0.17990557324398676,0.30331076860633505
3303,0.1415079060982896,0.35229035968262556,0.25902030593825376
3304,0.06270085948818242,0.25081904823636886,0.3466447765638172
3305,0.26256968262513225,0.15168959653514577,0.2808227462159304
3306,0.2553168102619735,0.27115087817728806,0.23652689701541696
3307,0.17595795547540707,0.4364231122915757,0.1965380632580696
3308,0.15635664967210533,0.26136317749331767,0.5721762585255656
3309,0.42140830528324974,0.3963362048548318,0.5508055302908973
3310,0.12206948944775343,0.34418289560881327,0.3101215795890161
3311,0.05699682245688531,0.34862088394839413,0.7122210567268689
3312,0.16615255226423975,0.3021388581681002,0.5008796944414331
3313,0.5330602336341204,0.4956248258359913,0.33090986333519873
3314,0.06312787981642368,0.5279759351500464,0.6494007628006235
3315,0.09588935783693907,0.36461576494137715,0.15842306621258212
3316,0.16239329484848067,0.3804929674728651,0.31428549510609854
3317,0.11772916669480836,0.2380310030399186,0.565244843557554
3318,0.06440905197253517,0.3569090464004971,0.3008973632302321
3319,0.2665245908141484,0.34543886143217395,0.4792005650545572
3320,0.63183515257758,0.2646608392419758,0.24122735778138538
3321,0.13953532241835961,0.537676168327094,0.27000102669525455
3322,0.06762676934076699,0.37523108961678314,0.37957125613589093
3323,0.04591700363874065,0.40080576719715405,0.41241399207625085
3324,0.14558032515378017,0.3475318955243418,0.3590278074244183
3325,0.26314039415330404,0.41422582497728516,0.29371298850828603
3326,0.16914123001220738,0.3203657101121924,0.2457276126060749
3327,0.12189696339827757,0.42217422337254884,0.6657785603325008
3328,0.08263162878088692,0.27544649367826873,0.37517616396660936
3329,0.0601937527635484,0.4609634214196972,0.46991741385058095
3330,0.2175154387785102,0.33792931909510326,0.4541664241593989
3331,0.22998329500383785,0.4163091687871352,0.28792895426142523
3332,0.04600197706389575,0.3699847524118325,0.3415717720909679
3333,0.3724767511390306,0.2879233645615412,0.2600818222688041
3334,0.1811906814199257,0.5114610174798119,0.42592740369537185
3335,0.3249431919983955,0.34827515778807766,0.3196397913005376
3336,0.05178825449626838,0.37518909688318974,0.544986901187459
3337,0.05106914561219202,0.43322569878713046,0.19012887733987333
3338,0.11044083637327225,0.45601012451578093,0.39321841986416306
3339,0.17241755090379066,0.47969699521970544,0.6990311964333257
3340,0.43224282816036574,0.26576228400132296,0.26351226713996406
3341,0.19871027596890775,0.24373698149798556,0.3538388998378157
3342,0.10374079501918845,0.47619047575227125,0.3000814116012978
3343,0.06267701386730641,0.23932063933182557,0.4423572810694293
3344,0.2878562057993111,0.2086434008924626,0.16146846779196605
3345,0.06511669474474756,0.22663689390756206,0.22245437850971228
3346,0.3829729270410186,0.5407396215335522,0.2404427434897487
3347,0.10090528718321741,0.2389221025888488,0.4402596066935873
3348,0.37267584337991205,0.2542376125699867,0.31729511715951225
3349,0.194966274462349,0.24502124606617323,0.27247057269356467
3350,0.11133087100565962,0.37927184570915884,0.38209733824155445
3351,0.08646328242360873,0.3641198529560685,0.36087973892023695
3352,0.09719914569507723,0.28810597507700486,0.31577990321855026
3353,0.16373386024883035,0.17061410889992487,0.2856014798271074
3354,0.12865588521076396,0.4625531315987189,0.24795810618530728
3355,0.08238947397064374,0.4792181309606848,0.5152839725326623
3356,0.10921535928220448,0.3968511115346835,0.5251748888041518
3357,0.12878021589692976,0.25450440992197604,0.21348181373862513
3358,0.033531605638840244,0.23403755023097597,0.29614710804706584
3359,0.16715749961350834,0.48216368397129783,0.3872008259846088
3360,0.06451231571835846,0.3017684397548997,0.24837548803911585
3361,0.05799101927375445,0.37968325765760047,0.4225623287726399
3362,0.0424615320525348,0.5110690254199521,0.3601532875891663
3363,0.040031874715111875,0.4409535536649682,0.4340249619932013
3364,0.051382492402269095,0.35995138819243144,0.6578942956354566
3365,0.07650857339222523,0.3296512047767483,0.18555789180370286
3366,0.4841596419037134,0.36128814335840814,0.5205679203897997
3367,0.08609937209823448,0.5379295446795973,0.2830445873508187
3368,0.1377913051540854,0.31444602350527573,0.4176856315575591
3369,0.1606088526658602,0.4562538374096714,0.40021788363953625
3370,0.13346700361232566,0.21369488913492934,0.513322736964884
3371,0.11587650315102892,0.4140374759032233,0.34783215900677367
3372,0.05653658064037283,0.21241021208557057,0.2595818473466869
3373,0.3371173109399807,0.42302696087316743,0.36831013905512333
3374,0.43563787368789536,0.44736469999904377,0.5610512771599127
3375,0.042572839838931814,0.2759841720506025,0.380603161449675
3376,0.06276760088265777,0.5015686329643012,0.2829676051696316
3377,0.10121205062473321,0.45456072585216334,0.3248301985354599
3378,0.06512347977336984,0.33809493859162226,0.36929743904506684
3379,0.17279926288203046,0.4530933825417117,0.3542364850986225
3380,0.07557384221483741,0.15112923102613554,0.3391656521452182
3381,0.5645190479144153,0.5268699273338924,0.4598554149534919
3382,0.27987572087973683,0.2540001337923639,0.6159450032357742
3383,0.14111561125410874,0.2649855023822644,0.45563481504800896
3384,0.24916562241249254,0.13946837667827877,0.4137038507127633
3385,0.26351892410187827,0.3699183117661489,0.4668040252355663
3386,0.08399746661692005,0.21830713552080852,0.4166600144253899
3387,0.07146903972818856,0.4307552968929644,0.357519317949897
3388,0.1287422195566475,0.3662421127572847,0.2824569408979693
3389,0.22167579229890336,0.20852896055734987,0.28244360112780886
3390,0.13419702120042393,0.37387877146576365,0.3402135395545506
3391,0.04518808048490174,0.29891742674357114,0.37424641330944675
3392,0.07207703678465235,0.4454605963123849,0.48122804004911535
3393,0.11614764143055047,0.26051915275837795,0.33014268430745647
3394,0.11601531013037153,0.3311842067452197,0.30510469682230845
3395,0.49096618818865434,0.32891725021329504,0.3720322414230379
3396,0.050467089384159024,0.387134460002647,0.39024895599956166
3397,0.17275406137296243,0.30591619655299024,0.2824376504855301
3398,0.34647803409424943,0.5008928005541321,0.26934443377602074
3399,0.6098938483256368,0.4419251181981187,0.4164555890062793
3400,0.09321691165352755,0.40924829815588243,0.32850321504528096
3401,0.17106233933606027,0.5333044975532624,0.48700924418062363
3402,0.18064690719238183,0.187529243919846,0.3726809290381423
3403,0.13947327130300585,0.43172121753670323,0.33397698916920227
3404,0.11421980010814563,0.46018634307726436,0.22862226257920187
3405,0.16460503365617596,0.31224668783088877,0.3425968220836475
3406,0.027563433996358695,0.3925108377720938,0.24557247251820902
3407,0.19539523837250108,0.4108006571071315,0.22004456145451712
3408,0.13302288299649773,0.2605822113054473,0.5349436951025104
3409,0.10514645455788636,0.4219410971250677,0.29155092410781847
3410,0.5181271076097467,0.47732011819780984,0.44820973332063685
3411,0.07819664923604963,0.33611925976666435,0.2346770284759262
3412,0.09329790391730126,0.23441354814632606,0.27012900848553545
3413,0.4977724803229005,0.23097398056758714,0.26185067290911057
3414,0.0707574974930046,0.31683541775129187,0.4217136842614464
3415,0.08475437103464328,0.5007798743221292,0.39245554923317527
3416,0.11058479326228969,0.40054838810387633,0.21661062582040153
3417,0.21843417182987823,0.3844247438282125,0.20916781274933693
3418,0.1406550407160694,0.4034752022720172,0.39668375197961026
3419,0.053331786819621724,0.46741310486960214,0.5053893728679649
3420,0.08574803819935918,0.3876785662386445,0.4983219768808642
3421,0.08167188946074738,0.6510587699223567,0.2640147795404385
3422,0.11589385835745745,0.3770397446541431,0.2967704264835211
3423,0.16345360633667466,0.49513197822876137,0.395713161631732
3424,0.16259127916808996,0.5296296241853862,0.40429810272987654
3425,0.040426361061074306,0.4091553625400819,0.3637356419121687
3426,0.25578288484934364,0.3485635748331341,0.2986128460928993
3427,0.1450407015148631,0.3138143260466931,0.3898069646369715
3428,0.3214577968990702,0.3441302048468809,0.35406270524189376
3429,0.16554590019217855,0.360007162256388,0.35820082413485654
3430,0.2626632626165701,0.44277253468144695,0.4416909125271671
3431,0.1681319384367823,0.26409943786971396,0.4708001081383354
3432,0.3127669640221266,0.3984370572835961,0.37499153539141805
3433,0.1747674861805354,0.4160404763971036,0.36893809543728895
3434,0.11429124387016655,0.24951815152718532,0.31967021105969734
3435,0.6103308280300607,0.35532113301032603,0.3504927630200494
3436,0.22600203160721447,0.4138203165745451,0.42456429916121063
3437,0.18114939796416882,0.48157436314063634,0.39206002257812733
3438,0.05385320546950392,0.4257495352470225,0.2811977015387903
3439,0.05346911714653895,0.2993959320844365,0.2761387056049786
3440,0.14909923464804872,0.7184837278492748,0.27319547184797827
3441,0.13479009882114018,0.5258632116641782,0.4758081868173507
3442,0.08131596154927878,0.3589202367599782,0.1861962463094194
3443,0.1343731852332156,0.2468276366414309,0.2098903056200922
3444,0.3721522495365403,0.3238584098827286,0.27435239675679207
3445,0.19722888266960276,0.41772459169165965,0.423858533507517
3446,0.05842683027223786,0.4343916046025777,0.30827572387309476
3447,0.11325179317880871,0.39977563500621305,0.2548522181821413
3448,0.07197938895259136,0.2529802654262542,0.3757005739732512
3449,0.09424616525325974,0.29884365869502494,0.3816903497120584
3450,0.0926541119153087,0.25421578210850393,0.42801962039192754
3451,0.08884904823449251,0.32271379765283853,0.505855359439338
3452,0.05453895743391201,0.18017277674774043,0.48721216308474335
3453,0.11203068402924926,0.23335223407437444,0.3993880759814107
3454,0.08417951610877816,0.14533712544949345,0.3272014912863384
3455,0.023195049965787494,0.2307807168303189,0.38454891009038406
3456,0.5204271379067906,0.26611053708454663,0.2940597494836355
3457,0.2603315001532058,0.2603586084377675,0.4414060739979565
3458,0.09495616267740309,0.1787864884086592,0.2856040849214241
3459,0.12366119598354446,0.35981054964385045,0.26113694185768654
3460,0.057350398965900676,0.4409578229737849,0.44915001035997915
3461,0.40197804111576924,0.5070677952958365,0.20306818600972315
3462,0.46494427251623166,0.4531555886094719,0.27595460651693354
3463,0.13582240915365598,0.27563917783200437,0.40487012266738487
3464,0.2485560442917661,0.45225069540065244,0.3269834817990098
3465,0.13755938223064898,0.3840303258116909,0.3226477404171392
3466,0.05195396908716163,0.40024096734867726,0.2351996839041815
3467,0.09276323633559251,0.2928227072081975,0.2420986031362723
3468,0.13354557370962386,0.2513842569467772,0.31696706297651217
3469,0.09020093463043168,0.30441330232966907,0.19829976265390253
3470,0.10541467692716135,0.20081699191757507,0.33514504006984047
3471,0.11479319252332056,0.4050154559274069,0.4740783158904942
3472,0.11560882757175366,0.5154785026773914,0.46213218756978625
3473,0.1264977942713317,0.3799368189314457,0.39673614643148114
3474,0.06136978148263015,0.2787350029298321,0.3571310739909662
3475,0.07611875537384594,0.24296024215629375,0.3273745378183219
3476,0.05358789534611089,0.5664365223847045,0.3422418387072511
3477,0.2406367778633234,0.38008864394850367,0.2528362278198534
3478,0.03392996757831059,0.5925541877603555,0.27903266214848654
3479,0.27260804521000653,0.32027247861182945,0.19801753736253175
3480,0.3218762634208442,0.36725338258370344,0.43508814499341864
3481,0.0997216774442612,0.43153363977083736,0.32513167421548117
3482,0.026686823274268044,0.6078846572419571,0.5722101217466614
3483,0.0958989835364735,0.4723289586966453,0.2821571462849582
3484,0.1169161390856721,0.32758584453305684,0.3353253262883551
3485,0.06329042885663971,0.27553523981826467,0.40930494015767394
3486,0.08669872039928064,0.3610333368822011,0.3784165496091808
3487,0.35684850650054184,0.2661834134767379,0.32834500161753216
3488,0.1930641264176443,0.41908107279813794,0.5404440846288607
3489,0.06676571737524777,0.5508065929719336,0.2539531957122676
3490,0.0446619743374777,0.6498395370086762,0.401471030401916
3491,0.09809561738788496,0.37820087873073116,0.295825588846983
3492,0.10578061460327234,0.2973470535105603,0.3229542164918603
3493,0.17163021893665745,0.3727112762120601,0.36173023914307956
3494,0.08557277717896783,0.3385089964037447,0.324144942193276
3495,0.17346544951210757,0.21821103869683153,0.3203623258574063
3496,0.4778566645625263,0.3755269661174327,0.20777031838238896
3497,0.21458693054544406,0.2737119601019291,0.43044890401746905
3498,0.11819194823455349,0.34193724199322,0.20715858016967736
3499,0.10794304114326829,0.37462004739373156,0.49482007887106927
3500,0.09619278295850846,0.5291409047746831,0.3260987848323011
3501,0.277907884389804,0.5107202306819132,0.4338611245256774
3502,0.08062736933400805,0.28915167525635477,0.14898745743097613
3503,0.12589512082812052,0.4134031421459827,0.3325006172247152
3504,0.12640674509028038,0.49316158835143303,0.3348828157070136
3505,0.08746071698859509,0.27195803667892005,0.2577702368628484
3506,0.050869852295212625,0.3897535299281698,0.42645910469171544
3507,0.15223886002377224,0.2879429101562383,0.27965300478510874
3508,0.11716701148310928,0.3647720598296476,0.2581546200323106
3509,0.17211294032911736,0.3991942745626654,0.3025953626232356
3510,0.08566828083325516,0.48088548396253394,0.43733215784467283
3511,0.28597854461247973,0.5329588471192602,0.36306383704668066
3512,0.06879389996471529,0.4945615534196856,0.3752231900751499
3513,0.40673340925496876,0.48159557281812526,0.4147259412782096
3514,0.04106318786833189,0.3551218150144622,0.3158799302271363
3515,0.16446760099458324,0.26157331763782227,0.44670458074056596
3516,0.1691721090261674,0.19872652769931073,0.3737673970045511
3517,0.07240948598049182,0.4810245789597365,0.4234682031708512
3518,0.16328955649562785,0.4786499018536336,0.2664298726438276
3519,0.2982082327763626,0.3784147423161499,0.34553214104544594
3520,0.03207272032215333,0.09139959218627185,0.43645263442846005
3521,0.17241280252556765,0.31392876807544184,0.5472256080671327
3522,0.028065335902212947,0.25957043233078575,0.44854320208443155
3523,0.06507787913787198,0.39037174294991994,0.45404936977061794
3524,0.38316530316474634,0.22570899116265924,0.20622699110411585
3525,0.08303291384352612,0.4525936645608439,0.3083143766590709
3526,0.05727317082581213,0.4926077308200638,0.39983061514224183
3527,0.10688187835426317,0.16438240915308985,0.2199001230366991
3528,0.5260930800983503,0.35351401107802793,0.380819943467293
3529,0.0392151258934507,0.3513377395585569,0.30215332053641175
3530,0.061721431781045534,0.3238151793023993,0.30702775882100936
3531,0.3485525453681226,0.21225467543624252,0.3431711173958729
3532,0.451826207028871,0.37755649956525383,0.37546535811521087
3533,0.113868196901656,0.27573342844787824,0.4209590637046954
3534,0.0550671668628611,0.4071837178329101,0.23291315936503726
3535,0.5368617370989892,0.3907003858224385,0.4484385934531334
3536,0.3737118753680543,0.39077282728555923,0.4088236470612737
3537,0.19496841772082388,0.362210880592088,0.31011773519888314
3538,0.07164161259452681,0.42378089356454673,0.4494365221715677
3539,0.11811695505559026,0.2666561283268729,0.18558248465340882
3540,0.10960142684354346,0.3527256400513551,0.3541692343611196
3541,0.1530677377721369,0.4461393536260695,0.2798280118932903
3542,0.33713516999044907,0.5004734586670928,0.2356756553067889
3543,0.2244731541024717,0.41204510469467776,0.1996965352935241
3544,0.060741392908856155,0.23174404076365823,0.40867333476128187
3545,0.31961423281436246,0.31257780375837596,0.3941123647429121
3546,0.15120991075136758,0.30558677369079595,0.4826543933452865
3547,0.19608024696414567,0.4294881042124852,0.4128134806256186
3548,0.340912795528956,0.29253392697034974,0.30560244409504356
3549,0.059483718219924646,0.164891228164647,0.7302832782825724
3550,0.11917420654247353,0.5159452027382408,0.4576896740205513
3551,0.08578784485457738,0.2819760139849546,0.22671402895709253
3552,0.04542398150674792,0.3501008298182827,0.3224497443838624
3553,0.15475127287418883,0.41338154602344257,0.3610711485902941
3554,0.7264200604785408,0.321666942456398,0.30871478256731316
3555,0.0390367532186307,0.31977396321363993,0.6125415266702234
3556,0.11945982205476675,0.6599134134019016,0.3060056634000757
3557,0.18979874048186698,0.3063650970707529,0.2963599621752817
3558,0.13274203568869203,0.5139516680384729,0.4222820120893741
3559,0.11312867228896949,0.28790383692280225,0.3492338802163951
3560,0.05312299606580115,0.4805433633692832,0.31288162831021016
3561,0.14308477109412612,0.2587696894567707,0.6314288102964511
3562,0.07421464530200553,0.2422616176705559,0.5311273119824134
3563,0.032508159663299355,0.4665118965424028,0.20551924242200537
3564,0.28068300846026095,0.3311174006814636,0.5831068308124966
3565,0.2373512109042287,0.6067247656928455,0.3173281434371226
3566,0.12644649026372617,0.3742845868081026,0.4738330386549374
3567,0.14272092519013696,0.409022782094731,0.6007838753039395
3568,0.2576738004322677,0.29313039954827574,0.43099065312841545
3569,0.14225825753751098,0.24280431622800316,0.6513447185380853
3570,0.2284045759973386,0.3144456343027174,0.43656260121113166
3571,0.10003265530146536,0.1763688169194165,0.4083439421219738
3572,0.30520397252050585,0.43366763876052866,0.4569602738106643
3573,0.15200939063121185,0.2940362217650162,0.2194416577379265
3574,0.1393368268265901,0.3690022659197676,0.31471887513862795
3575,0.05405433703560484,0.5727249529005201,0.23343332440920722
3576,0.14850954619157944,0.3778964628590413,0.31739934060613795
3577,0.07076224749329896,0.4176447816749387,0.38677676017125584
3578,0.08005984452416383,0.414868154308625,0.32061502186869634
3579,0.07150706971651037,0.29146424345277056,0.3209647636641543
3580,0.06115796765926025,0.3718622105658574,0.2098080787168457
3581,0.5482493180297494,0.38947885145307665,0.2829211049802341
3582,0.3094554062106506,0.36222539908114587,0.5510445515112012
3583,0.47277124707770984,0.2937505758791695,0.27982441466009544
3584,0.05560420630830751,0.5363106065150991,0.3005191352576935
3585,0.12814065076821465,0.39825512787967177,0.36180071179624274
3586,0.053303778891873446,0.3004383986161114,0.3775824510747693
3587,0.07716345324224684,0.2294828728733056,0.3216823835893379
3588,0.067034743331071,0.2274969271489318,0.2066583874767975
3589,0.28983019215099537,0.4064742218519844,0.3976431163578521
3590,0.09371879250517814,0.5572456243099263,0.5907571662058047
3591,0.2565898700750487,0.22376941430838304,0.5771707986712711
3592,0.1850297195437398,0.3362170000546781,0.26479253982713213
3593,0.6243404755410769,0.3535072773130418,0.38120462338731254
3594,0.047790978716022524,0.3106638775203473,0.6958618472772357
3595,0.29392154974319357,0.394134729237972,0.3357527333427205
3596,0.2712249257204353,0.3105262831236303,0.36422852104954384
3597,0.06476677513763056,0.260490745584195,0.1989475327432232
3598,0.24568467247916334,0.5186465037823471,0.4613099466490943
3599,0.15362751068172634,0.4390722224727028,0.36689086028973117
3600,0.10479657485749708,0.34228678267949714,0.24903279267644496
3601,0.07112137867485556,0.41040151105755013,0.4163110168653761
3602,0.07601707344014624,0.5865037185258588,0.4528114729805697
3603,0.5192362924579963,0.36233861534957,0.2669849848894783
3604,0.1221518355132897,0.4649925336973912,0.1860983154685973
3605,0.20960803904869638,0.42350703234151843,0.35129576151346065
3606,0.07262349555968134,0.31526364251181777,0.41619750825586055
3607,0.0731340109405915,0.370763711294888,0.36560767447141407
3608,0.259080208246163,0.29148189712707234,0.47705027185495075
3609,0.05156085794724071,0.2964771989606502,0.18228721050666802
3610,0.09255693301393998,0.3412688808580356,0.23829172253651543
3611,0.1249425933981947,0.23395581583264913,0.36049991635166034
3612,0.13168724340800672,0.41658837159379214,0.1940112264251353
3613,0.1082362279619574,0.3330291897250955,0.2610923453958049
3614,0.16009176658180077,0.579333021569537,0.28267830926939774
3615,0.19687724151101602,0.2752568599341504,0.457917378607422
3616,0.20273087697238995,0.5095713989725926,0.49774263678637076
3617,0.06426939869171766,0.6240587885704828,0.4200980110276368
3618,0.10092065671358713,0.40101353171399784,0.5833460921593444
3619,0.2807171291969768,0.3168398259903773,0.5110701278624652
3620,0.2268986503760308,0.35724955143363085,0.42844699199002967
3621,0.05085806286117411,0.4646998932269079,0.42464788210069804
3622,0.15526151718838443,0.40419886322603266,0.2770282662914501
3623,0.036255294169178,0.22714875231319312,0.20674064773357176
3624,0.12604149579346624,0.2526231337555832,0.26511416936963894
3625,0.4651051388242647,0.546286551715409,0.43502908431038856
3626,0.06580141329787688,0.1742329944780424,0.3036456172257309
3627,0.07065660332541897,0.3010353774613989,0.40617505741344284
3628,0.20695849626423457,0.5183987521290743,0.17374914811854886
3629,0.04607917079517888,0.3821476275781968,0.3958350908354168
3630,0.08034525892824408,0.5238700152530119,0.25228861882545744
3631,0.18404044903831107,0.4062912447254048,0.2637658303667434
3632,0.0802661005356707,0.3111861578173945,0.5507386673268916
3633,0.10420533828475584,0.36707530936832444,0.6289456593729476
3634,0.20409416544741107,0.2591354356182582,0.2332042556835171
3635,0.1629678062228711,0.3910120683910617,0.3120006794904949
3636,0.14646744879792437,0.39231959006287315,0.32303606968223403
3637,0.09731386965591861,0.1377293760809637,0.4217799176267213
3638,0.1572664288311166,0.25065217370183096,0.2881583577765197
3639,0.11232596478311918,0.18013206448977478,0.25678701029490286
3640,0.1671154690636197,0.43518553564063717,0.3685938127348465
3641,0.08773780194130991,0.48747981290009756,0.344911535053522
3642,0.10798500817584276,0.24841788207586604,0.4383846765497075
3643,0.06410413020051244,0.13581190002706311,0.2680320844108795
3644,0.11924004323708595,0.4155529003527595,0.3146527255370391
3645,0.07170513343487409,0.3604967725961093,0.42682101973842734
3646,0.059394260996637215,0.4755597188187515,0.32967284180812195
3647,0.14564885792904417,0.30042721506012837,0.18477744190288836
3648,0.14113163902135342,0.36795247374571954,0.5444592427718083
3649,0.20971766874702757,0.2578288065300181,0.3271867584508748
3650,0.09159559420184857,0.5160055853780762,0.3290698469092261
3651,0.16145252237197985,0.5069090250331725,0.6953903938843784
3652,0.17827541792152646,0.5250857502066935,0.6224319425452508
3653,0.16561196107382675,0.3291967825230705,0.4491043448391837
3654,0.07104425390806875,0.3814897681276782,0.23215177785843055
3655,0.13514415292306106,0.1639608365582995,0.507571580925057
3656,0.15662457872671948,0.2975278344231921,0.17790370104653858
3657,0.1226900998963252,0.26712978683127664,0.35094555450504294
3658,0.034265936996101684,0.389413597989977,0.288736596213051
3659,0.1361750855732475,0.42979888551150647,0.2662548467591165
3660,0.5843256141998567,0.42076774706491166,0.36164325609919523
3661,0.09597942474272428,0.3934432563735911,0.4063978487839779
3662,0.07558324876724519,0.40042118930610865,0.42798363488417035
3663,0.1576240219934511,0.40691632554349366,0.32748809633860615
3664,0.15113140125544694,0.3831729441308572,0.3141176653673245
3665,0.28031195782191387,0.30244840480184065,0.43664204170702026
3666,0.05444982652769096,0.2689586678844182,0.4397660427441772
3667,0.20226799868617643,0.39513834495251726,0.3511615761505107
3668,0.18326901833296003,0.1902570628706014,0.2513730185830751
3669,0.11094701833068345,0.41317642914142444,0.1839007935825488
3670,0.15389712980725243,0.4813308421452418,0.4121045261393991
3671,0.2496025069086517,0.29622913839377074,0.4521100334562246
3672,0.2233514783944804,0.4062550918991864,0.3148589091705019
3673,0.05835545055023348,0.4973579512487252,0.3778142687686087
3674,0.21529159560000102,0.2022069428718553,0.4996880178666656
3675,0.11687639974697736,0.2858811893784186,0.6054913291023586
3676,0.12828186252442672,0.2652846750837152,0.2954761888001505
3677,0.12831002256499036,0.3125613164572317,0.3268472481724476
3678,0.11034662470462275,0.41802430849850525,0.38731145643198894
3679,0.2801068425794487,0.4567417248395126,0.2213469673600501
3680,0.11538807518645916,0.214520686307295,0.15157115001893107
3681,0.05919535636642361,0.33611542922711246,0.2115749683826253
3682,0.09388535559701464,0.18227061005810505,0.30748953035586335
3683,0.13788035265513374,0.5699949553711451,0.26419003594715385
3684,0.2876949697975682,0.5672817357904998,0.2558617851267341
3685,0.18489720300436677,0.31957551144527735,0.341655809840093
3686,0.06993831135712764,0.203190498554696,0.33457276184803597
3687,0.712589332671523,0.3023565174853383,0.2612515537609758
3688,0.14626195852639287,0.18450571275456795,0.1896498271726329
3689,0.2973307041642968,0.36740196976422496,0.3818775769801679
3690,0.11023789512819634,0.3546447221380259,0.46290638397639083
3691,0.17612374685581697,0.44059882760870583,0.27399626639977914
3692,0.2182394375187407,0.31670307845722884,0.2965394176571325
3693,0.28544360661277146,0.26560724450241435,0.4313282209921451
3694,0.25459268887345954,0.2748759374272558,0.4621700821984074
3695,0.22333283069671606,0.2617478733404988,0.28935418432212096
3696,0.09887298423131358,0.3733047967425101,0.3251449902280607
3697,0.08357412822436411,0.41583639993472,0.5220893821615178
3698,0.15325320314925786,0.40892595527101355,0.43959669331076623
3699,0.2331501188814735,0.47276040757808496,0.22761122771560993
3700,0.10512922861594408,0.3779182184953085,0.18198629477460865
3701,0.25600643725694033,0.33006043588711753,0.30727498643894463
3702,0.3375258310420561,0.5306116926628449,0.24252104938763808
3703,0.06711045430960576,0.40586019819274793,0.38890958291465194
3704,0.07054093227243327,0.20542325955089932,0.4188149441639155
3705,0.11107886272383007,0.17887596816694493,0.3643881900393834
3706,0.15063615941656183,0.41838712017468244,0.2567444112231784
3707,0.0861729114734639,0.5358501174516235,0.21677882399230475
3708,0.31410683007709267,0.15711343562681723,0.41230510781851437
3709,0.16325256898159984,0.4410606653977774,0.4334094294314561
3710,0.12540272631203564,0.46341687796314623,0.47012826414534903
3711,0.04901459159205593,0.4483230874521834,0.30596665752640256
3712,0.052601645735757346,0.21379124352795023,0.32644709246103304
3713,0.14790334502800334,0.3541317532521441,0.43116254931984377
3714,0.03346563769812757,0.4334937053983148,0.3374115366232413
3715,0.2466446229838543,0.24161231548707537,0.2783426205502069
3716,0.10976345714121212,0.16976724138353017,0.25374166968439676
3717,1.0,0.6883464618249482,0.4194212263824364
3718,0.6262862685120707,0.2212270145629184,0.30580011974810856
3719,0.10806588341592986,0.17045169940871724,0.2810286286950714
3720,0.11364603199465895,0.22192431537858084,0.3868275871100906
3721,0.24368261600462318,0.3059201276760411,0.26526377727768996
3722,0.40414199046361754,0.38458443258962116,0.2778305018181282
3723,0.043652582479763245,0.30757842797555884,0.34046683843280034
3724,0.04019708055618799,0.1779622270600834,0.28852693111252253
3725,0.08090211947353058,0.2900575476409409,0.5132686139426862
3726,0.18228912152303386,0.39133728079888774,0.3967461111145708
3727,0.1717106744773077,0.32596155180537834,0.3499452582864837
3728,0.25684353353760475,0.37334886438426895,0.5117953120975642
3729,0.05638654147076992,0.3616023773618075,0.3447717888624865
3730,0.030537768931225277,0.288293818352097,0.4666801192573651
3731,0.2211104736491756,0.363132851624148,0.24002535443624345
3732,0.07093030421731174,0.30569485419349246,0.27272991864925683
3733,0.03549671832045292,0.2502302747041295,0.2432057739771123
3734,0.13474801311582846,0.35641227975375844,0.3932694419704401
3735,0.21124244428295358,0.2648153847129651,0.19497353775528903
3736,0.1124523753340927,0.291793654735197,0.3713995963051735
3737,0.090006333579917,0.46834532865092865,0.28587179163716697
3738,0.10967467804633109,0.311118609056166,0.35034854733048637
3739,0.09531456659838179,0.20781956768768112,0.33405734732387626
3740,0.05160743817101274,0.39334873361565076,0.3993656751891518
3741,0.07623238667447377,0.3610241271211315,0.6434827042356293
3742,0.17464949738354227,0.5959224526998427,0.606854328950437
3743,0.15210294769551336,0.3567669604304221,0.4318593517810504
3744,0.13688139456079232,0.35767122147431923,0.3006674322706844
3745,0.06389832835550115,0.325829393655727,0.3567942515772512
3746,0.10806197549545761,0.22246453608574496,0.2952688757099807
3747,0.03271937733568703,0.4853605245306503,0.26310362123709813
3748,0.13785979149713973,0.3100004184548995,0.164827348708942
3749,0.3318265220542344,0.4232646076505401,0.3122931698120933
3750,0.04793818131029062,0.3893673176971904,0.36663906759270015
3751,0.08281052055824734,0.4762549210372985,0.40620991976785026
3752,0.1528837442512559,0.40636007900754156,0.348397835826027
3753,0.2925843685333474,0.5062027716064682,0.2669352770709892
3754,0.09057506233780355,0.38029600288933246,0.2854448991791801
3755,0.07733378036483367,0.3643072577451544,0.4456375502434148
3756,0.03643378881957846,0.23886981408834684,0.18248764192767647
3757,0.1309774440020595,0.2510489771032432,0.28437245148312845
3758,0.5163326183525425,0.32934459630674984,0.3386626347037067
3759,0.1475324999991953,0.2620345432410939,0.2940174372621164
3760,0.12026969587568681,0.45928944742586575,0.19703997130648337
3761,0.15214527850369208,0.25736277716883926,0.4471358173451686
3762,0.12118267982489243,0.5490883674657862,0.4778875941291406
3763,0.07161389393694194,0.27331021419147594,0.2406649111900362
3764,0.2157652982771957,0.3208088401394777,0.08693797449281054
3765,0.14239702019737924,0.19347824792719598,0.6036637393364496
3766,0.12356021563236018,0.40062632505252904,0.2934844191711438
3767,0.06468691973561994,0.27034103305253476,0.24193261286524465
3768,0.3033613250819481,0.35339315576233565,0.3243416306348204
3769,0.19303380452270696,0.20292359226105014,0.37174993862475625
3770,0.08460022306305592,0.2935682692402143,0.27302604135628883
3771,0.24476252981716942,0.34325975741772385,0.3503113310205027
3772,0.08770126538022645,0.343436149138183,0.3235036198289391
3773,0.07303429528856803,0.2066098361213248,0.26754841114384653
3774,0.07407605710983173,0.3372532479236293,0.1882309223511215
3775,0.04053634218620356,0.3624400507898609,0.5013731056014045
3776,0.16871608146170453,0.26894468480855466,0.4005122320300879
3777,0.03922658072413915,0.38469333454827837,0.26015786913035066
3778,0.055419054050825915,0.37406490156757044,0.3816119736057245
3779,0.034458926611099054,0.43639136443567794,0.25104359955954975
3780,0.1152055917653176,0.3086514118796557,0.3320613005604392
3781,0.11034089714722409,0.39189070969031137,0.40401679496963383
3782,0.09811645002090863,0.4116917341767334,0.38846439739033933
3783,0.062053995360715264,0.2458067970071547,0.294392443028069
3784,0.05733028153095015,0.3816740917211072,0.43179744740494697
3785,0.16787830871152476,0.31543580560333623,0.33728548507919875
3786,0.0847303588418534,0.1838122820927065,0.28268330966009064
3787,0.15154636009411646,0.1898979851500989,0.5521498954836856
3788,0.06842898176772304,0.36353860492677553,0.22894463018437983
3789,0.13810385783538423,0.40164508911716473,0.3809162680542809
3790,0.30331150656156647,0.4077643022933948,0.513577043307698
3791,0.18272558721184554,0.4037414667421052,0.18305505984870224
3792,0.0927272707061411,0.3590395815949466,0.5462429368461179
3793,0.14550264781767475,0.3058520413817277,0.5543547589175887
3794,0.10388010367861258,0.4855775639547037,0.2883187762287134
3795,0.12274840296527623,0.494398392695922,0.368169731987684
3796,0.09818688979908577,0.3692503822189399,0.2630551118352341
3797,0.1093101526274436,0.4519222573460477,0.2549995360728227
3798,0.1410691402552291,0.4705455080663325,0.22828686788083447
3799,0.06396920087587533,0.3464943421281189,0.5550639084192399
3800,0.06308424136183347,0.5099048639746658,0.3118392187641247
3801,0.05039145202171859,0.34995805925419826,0.20745988703064994
3802,0.04459432984747037,0.27583712692026735,0.4608518607694675
3803,0.0557922526723034,0.49362187006211217,0.4138158825319179
3804,0.13607955843216457,0.2586189026785208,0.37812288658936366
3805,0.06810628693029984,0.44327176282327657,0.2702702612982537
3806,0.17372076140540696,0.20505145236740357,0.29469540221961754
3807,0.1250007622230521,0.4822696934631959,0.6157148243923746
3808,0.03644185643156555,0.1996252636370519,0.3792110618815189
3809,0.19172435404423943,0.5569203444468986,0.282521347299119
3810,0.2138778834218457,0.4610129001583553,0.42256517317156284
3811,0.06394923476820105,0.27628557942397886,0.4353032221162103
3812,0.1628150080848491,0.2848983910651034,0.5736099602678317
3813,0.06967627864693104,0.5602018927702792,0.3432334610066433
3814,0.13046408310856167,0.4116484552132544,0.42118762472256166
3815,0.05423432552785754,0.3842980412019469,0.39650676903711046
3816,0.040049107074729175,0.44200154422306775,0.26507737358126204
3817,0.0945495524843173,0.3118425332626033,0.20905747277049147
3818,0.11232624630478219,0.3611514388484871,0.407433650790506
3819,0.09362947232487408,0.47366432250769447,0.41618690778903733
3820,0.056922556672345505,0.19650668835741836,0.13261205818700988
3821,0.09349294582875917,0.24077601683993377,0.3963283196714332
3822,0.14671693349454487,0.3141843150582393,0.32774570975758277
3823,0.11844704752933578,0.3511973148402882,0.385117594893684
3824,0.13823980130423535,0.33210070079047854,0.28708764532723874
3825,0.0784387426766541,0.24348360335061656,0.5190616788022869
3826,0.27614792515487285,0.24702789106632808,0.45970580611782963
3827,0.0571937245145531,0.2902943074099826,0.2071922519846101
3828,0.17060315144479943,0.4009686447983476,0.2413303819764579
3829,0.2781553973747455,0.30911905318415783,0.34265967694790833
3830,0.16981673976338443,0.35723433158901413,0.2739678213521368
3831,0.10655509386261161,0.28918067030539607,0.46661421147711946
3832,0.08596413024988708,0.31658615323840417,0.23849017164601327
3833,0.2507786023540543,0.3045138012944004,0.46544112875064114
3834,0.0493857980460545,0.4042456315615628,0.1329060242100828
3835,0.06489781451097579,0.33449929905096537,0.2945557751188685
3836,0.09363697934303855,0.3181974245516512,0.5094790363651526
3837,0.28943147506069267,0.3638189515016623,0.3300395839899607
3838,0.15832477161665298,0.4466004963727,0.33913896841767266
3839,0.06498166666614587,0.3923100390779679,0.42690983542308114
3840,0.09918630316083471,0.25575491671064493,0.39605155615372967
3841,0.08130544050157557,0.17161631505591335,0.3242607790200111
3842,0.0764710264854685,0.492657677626985,0.4994382456767005
3843,0.2408197737831084,0.1680334996095759,0.3502044151504885
3844,0.05089148302990693,0.3210978552179279,0.3978377636650924
3845,0.3775860385759102,0.4067370417063266,0.4484596043682698
3846,0.21651864137219587,0.49129464470098405,0.13279713433630919
3847,0.2607185878331073,0.2918195344531945,0.26461659712960023
3848,0.08970710068020842,0.40556229976341834,0.2767150613871763
3849,0.11036897500055927,0.25975958020309237,0.41201957151229485
3850,0.04909343668398959,0.3029774180266781,0.5626408185844645
3851,0.08616756484044287,0.3281865982761423,0.1710348521216133
3852,0.1713270431785694,0.19065436042235787,0.29344791516368157
3853,0.30175230788048457,0.2805239510071168,0.46834752079956476
3854,0.0596445801629994,0.2942087274046315,0.18024518772982712
3855,0.09563405689640576,0.32130390186689245,0.37899522880039205
3856,0.11026856453237362,0.2922457129557273,0.3874686461398451
3857,0.05017766826656776,0.2741929314204925,0.39724207776947773
3858,0.18338762607937512,0.31856502939879067,0.22893285794155993
3859,0.07578059591956525,0.4091276548130015,0.33183138073041357
3860,0.10706385657693768,0.19383721455019426,0.22242939286941837
3861,0.09035446281146772,0.371613816519795,0.4701190187012786
3862,0.0726953792100811,0.393776008859406,0.23402635971053892
3863,0.12151482790920205,0.38260173751834536,0.34018966849933463
3864,0.10562884367266967,0.34050186490259227,0.6187667988389518
3865,0.09523451023634243,0.4376041536389181,0.47289444423544036
3866,0.07556471106485146,0.45975467456943364,0.1781413418668884
3867,0.15187735140108677,0.34180510121887614,0.30459843004694587
3868,0.3899691511186439,0.48338031196432296,0.34326394369872526
3869,0.1342727634641425,0.29557041614789614,0.31618320149433793
3870,0.2437752536205098,0.4012867724718981,0.37957576448364816
3871,0.05034180672885673,0.28766936181902353,0.4067196985608178
3872,0.13592151003129224,0.35246650320377576,0.5767994558761659
3873,0.060002424116044256,0.2440561151467927,0.28845388218413354
3874,0.04786071844096932,0.339120122589717,0.42254646126517414
3875,0.07504094694639687,0.3628843685144502,0.3170228502630136
3876,0.2801451200967325,0.3046894044649868,0.5359322538503446
3877,0.23595033459885573,0.20669948453754866,0.37991527622941335
3878,0.14409148655167495,0.2608584008582289,0.34053420928981526
3879,0.046346734423419765,0.4830393362803365,0.3088755920028571
3880,0.10700021679693884,0.2557354767930464,0.25096217446730407
3881,0.1500241295191371,0.33738525791567414,0.43824993248694566
3882,0.13758284884771604,0.5115504609585463,0.25538840789172335
3883,0.03895815862600406,0.3923164285978308,0.17101482673509916
3884,0.06821180134076085,0.46237154296292154,0.2429754932807241
3885,0.11692452279037194,0.29288297475734887,0.35282808341878025
3886,0.17648353934843228,0.3960606668407698,0.22079089456868567
3887,0.03240691816699268,0.40439214002943197,0.2568047360448933
3888,0.10947207311710132,0.3902951256445438,0.1692519326150564
3889,0.13456280414224311,0.23600957323706415,0.25479647262106403
3890,0.2198048568070079,0.31240025073696165,0.5577673503453906
3891,0.19687749373461602,0.3460855526093555,0.27262464957497834
3892,0.1822679815989076,0.418316185302963,0.32467370780909777
3893,0.07220874985369366,0.35113297623444145,0.6444297584030881
3894,0.037633640102506534,0.2363458730156597,0.37296110285482886
3895,0.09391482438754518,0.4161175749703203,0.3684451736303809
3896,0.2447290668043691,0.36182367666180876,0.24351395649929214
3897,0.32351771484487907,0.4821582281551927,0.3610616149071061
3898,0.1993340136611649,0.3252328398944811,0.5608786672215575
3899,0.16385006894857476,0.22701651404914464,0.22188803043224664
3900,0.15831076708458097,0.4752328843107609,0.31661967903471444
3901,0.08442490732612956,0.422051798407049,0.2247474763559048
3902,0.11184999306958558,0.5306716237465082,0.5431773187418906
3903,0.39433288317450815,0.3029864056599923,0.22426406679834976
3904,0.06602046194541653,0.3668624030868567,0.2660610448954085
3905,0.3792188731197579,0.26689860156291056,0.22597000688300234
3906,0.09841986418689089,0.4796224730147354,0.20772680755387335
3907,0.3081514726712468,0.3084794748941527,0.34613419016969615
3908,0.04985458585046382,0.31156767457936124,0.29997538873566115
3909,0.18269224251275723,0.2593988752492379,0.3752419555544544
3910,0.07516544696590514,0.3190016587318093,0.40740909373693557
3911,0.04960869500508748,0.4207337393876829,0.18458661764996653
3912,0.1416931887404743,0.34023144674289685,0.36959625964958254
3913,0.24609203808306304,0.5668632664832961,0.24718966908701873
3914,0.07018517674043032,0.2880983648994245,0.35182544052098996
3915,0.04725359373704879,0.30514326630363225,0.37325395230899416
3916,0.11475881809341365,0.6453785925578508,0.3091342079217914
3917,0.11509977044577156,0.3790588213367549,0.4991957749607838
3918,0.17796797610631823,0.4433486213908742,0.20372480552098737
3919,0.23588005822841626,0.42621294841953794,0.22878891651087851
3920,0.11729256606236263,0.3858671698741629,0.36301039327506257
3921,0.4511086979763974,0.2158795189256535,0.622300191730847
3922,0.14224802473162743,0.22525455665700522,0.2446683521207143
3923,0.09684553245304175,0.43300750250209724,0.3291991274673916
3924,0.04430981929518392,0.4339913123628971,0.4815821018325839
3925,0.10237151077316602,0.3522219195272721,0.4446720864200663
3926,0.097489907907385,0.3504695157163123,0.40663921606594344
3927,0.2376736120576691,0.19255243766546978,0.2646131705124096
3928,0.16765872717672317,0.2503599392721714,0.33343234175400904
3929,0.05708324162006907,0.4138964130499157,0.3393401583219333
3930,0.13727446142046273,0.32485387785611275,0.4614660727835762
3931,0.19395867859274182,0.4304335756174192,0.32208710590803064
3932,0.3562943835025052,0.38406079275965066,0.5048114314079735
3933,0.22575764457040012,0.3552158142573008,0.33032506630645125
3934,0.20649620147143125,0.23985004580128397,0.35132854235455113
3935,0.12717198186937873,0.32635392095829857,0.3225977451905255
3936,0.15926271015247973,0.33908480514414685,0.3174752294104546
3937,0.2918884844465248,0.36973981117260274,0.32858340670228536
3938,0.0520754938759911,0.29894557077606954,0.3398524080599422
3939,0.09665309038704271,0.4088815804018682,0.1891275700650087
3940,0.0734729427409576,0.5242419146304113,0.3070126993494565
3941,0.1582575426412069,0.2823699609088092,0.5542066410457642
3942,0.2879016934719664,0.602694197324768,0.17483893369808068
3943,0.08222124311956872,0.4234704572299741,0.3105619313047366
3944,0.029463045265022247,0.2901502867166237,0.2794112537234743
3945,0.0927390295122012,0.2574560750394594,0.37244906255795784
3946,0.2299349120682807,0.5143279456078635,0.3939632028731701
3947,0.17664812887565745,0.22098848795111348,0.35204369638686883
3948,0.16371906494526456,0.3466719616428958,0.16064176008157366
3949,0.10119976100498286,0.34259297286318585,0.15956818288476365
3950,0.053765666851761484,0.3484529425981891,0.11815772500625765
3951,0.17392384062163388,0.43506929988729254,0.32179049426582623
3952,0.0706584412907717,0.2878787176271007,0.1874420925715462
3953,0.5723793675847023,0.324802338399449,0.13801028860807124
3954,0.18074099117384534,0.38943371490954287,0.24657198454746265
3955,0.08309385181156088,0.3858596505949209,0.2680046709874723
3956,0.08145969920108338,0.48046903540373437,0.3274181031368613
3957,0.11467397861256703,0.2645174907685047,0.33693481274139647
3958,0.10396057668971057,0.4203851488405536,0.342693613722336
3959,0.26557444888697934,0.34886013931139315,0.4322656682796633
3960,0.1386105843313216,0.39291573878430797,0.3056689005027347
3961,0.07541208206531631,0.323243223223231,0.4232584617890499
3962,0.4626474222165627,0.4413458259750488,0.2999809116794212
3963,0.126244706571892,0.31745296701956044,0.2952093643823239
3964,0.20765911970359546,0.4247843148337526,0.2784530039432226
3965,0.081625928046289,0.41070311870544096,0.33226475549063683
3966,0.1565137840062684,0.31905561532592747,0.4121441964083302
3967,0.1509994355860184,0.567223853061817,0.4096737426173146
3968,0.038005830213164705,0.4106343402634547,0.40594665525554396
3969,0.506400619246349,0.2785023760615839,0.37058201795200796
3970,0.30058677619454033,0.3739777815731705,0.22655678278213526
3971,0.09365929906140257,0.2755617707963829,0.7387292802841277
3972,0.05982291602470302,0.41406988784882753,0.2116681633555652
3973,0.15484224142845604,0.44954554119154916,0.3494438504349484
3974,0.12949348271522182,0.27354515103174515,0.7863857109772071
3975,0.15571111200738227,0.17526430110418614,0.44028859217077976
3976,0.13910102185489479,0.2031443271250909,0.2663776085699877
3977,0.17283235544981063,0.5063529442164011,0.4853851247475901
3978,0.3362431118644972,0.3712422384475805,0.3575211786066719
3979,0.18043833431222608,0.38426496899694956,0.2557879981382124
3980,0.061784274697241216,0.32277352892892,0.36009682177779845
3981,0.31644338438071473,0.2946710825340649,0.2987096815781407
3982,0.38633562588999376,0.20472601649470526,0.3136406023774988
3983,1.0,0.5164439405467299,0.34072599005808557
3984,0.05905307222657456,0.2449350227115253,0.41707621868134903
3985,0.14407935158839158,0.39188117371039477,0.4427907999948453
3986,0.0343433553065816,0.4292361616220011,0.2637963036729871
3987,0.17856770367266175,0.20146159724559384,0.37630577498517803
3988,0.08485977154210617,0.4167664580961265,0.30824603303788756
3989,0.473825360019648,0.4777531310338353,0.4255599548447502
3990,0.0733775480639892,0.24290405049381744,0.23771200041441565
3991,0.04241795921021716,0.4484930524893924,0.33392961158780676
3992,0.08922026218810383,0.3813234078740769,0.17370507141646935
3993,0.03630769512618965,0.4289424592866702,0.4176624096682724
3994,0.20508733903207052,0.6247508838616388,0.5717684273317108
3995,0.034646577790708795,0.5917079543900957,0.532695631264383
3996,0.12447162724648403,0.5506212759323634,0.4345203643576462
3997,0.03441938914564562,0.39221216339926895,0.4017486562028062
3998,0.09853259980254941,0.5302144502353133,0.6146198893185333
3999,0.38710497250074366,0.5174588213952993,0.2798480378592713
4000,0.1562472985298172,0.5317026206072275,0.3097024940842349
4001,0.0693703481547097,0.16171449691834366,0.5129737002804912
4002,0.11954675348617208,0.4467611805064962,0.321426831875757
4003,0.12359400704209406,0.3316093622944963,0.24609180853710189
4004,0.1688435480041049,0.315475268509654,0.19688535131837803
4005,0.051038046948047124,0.26961528569231846,0.25369509199250817
4006,0.18354356413085277,0.3642953441625045,0.5649548791688788
4007,0.02551184831517829,0.39600066434180964,0.325187746767263
4008,0.08049393281364176,0.4212836442852759,0.26085401608489833
4009,0.0882347084502178,0.2252153021000665,0.32675285495490053
4010,0.18884364458425337,0.22575534611637563,0.37227794290137706
4011,0.12398101109485449,0.5944068825284402,0.1715669940956298
4012,0.049891138647319394,0.5136711262169661,0.24914627906378123
4013,0.06430171141763878,0.282789949467204,0.19942024246206425
4014,0.13977900553455153,0.4221148494703034,0.520347002898397
4015,0.11574987729227643,0.4131254566890583,0.3236571434695957
4016,0.08317585767872444,0.2887239074444784,0.3177069521783008
4017,0.0886642545511752,0.35282986544313655,0.3171764098024702
4018,0.19733471266048405,0.38016019706273446,0.22929689293394462
4019,0.08655920727123864,0.27735328641096596,0.3949048783721939
4020,0.11504898243592014,0.37029490991471703,0.5770898479738141
4021,0.5665232715309718,0.25788942030247475,0.27407737356896533
4022,0.04936539564143719,0.38829514577864704,0.4410503398029223
4023,0.03878864825053967,0.5050486315478345,0.3243125933385289
4024,0.20982325706526503,0.44129155222449673,0.2605740130949255
4025,0.07801089690361933,0.3400275302745841,0.4432841229554817
4026,0.09866701912483156,0.20647933178985045,0.18914715190095727
4027,0.07307355500617835,0.2813654457579926,0.2045487470685725
4028,0.10256625037741504,0.35860732680974555,0.5664393321765769
4029,0.3748143238959781,0.2717840335525676,0.29470986499717217
4030,0.2125769996415149,0.38620823176656865,0.48166548632520867
4031,0.2217676158385063,0.48860671848010245,0.32369321542905916
4032,0.04958086774162146,0.37676330925141926,0.12595713859412205
4033,0.05806777483627372,0.17438789261754709,0.41466435970678406
4034,0.024079276204911557,0.47223762077126563,0.3772081425234962
4035,0.07177864226111468,0.30583173777691586,0.2620363189403738
4036,0.23706889334163653,0.2309734222815145,0.4686064251892301
4037,0.1741238219247587,0.2677711627296436,0.4471726119241034
4038,0.10521387595350253,0.1977405679343029,0.26135095104069456
4039,0.12026796438251566,0.2298436022377217,0.46678920284671055
4040,0.07750058301858583,0.3478444828602885,0.3603092263549962
4041,0.14036210340616287,0.3864284050042364,0.34360861187669023
4042,0.20722745903672743,0.4350218322702266,0.2629798579741017
4043,0.04420165582642875,0.24832206220840983,0.246899830284453
4044,0.14981231521089064,0.3714317134941207,0.5138977461503579
4045,0.2330359226041855,0.30498276741247027,0.37899428277382186
4046,0.09256382975910057,0.26388818103400785,0.44836000094007433
4047,0.19796255536390533,0.2937762995701346,0.2872493419719494
4048,0.906390295633877,0.28372923080255175,0.39321670207825865
4049,0.11379845036168074,0.3470657014218673,0.3001174257912613
4050,0.15981378199168078,0.23886342815502504,0.41301542757757503
4051,0.0751038221380827,0.45134533962517076,0.20610338390002236
4052,0.13812165858757497,0.27365025538034904,0.20750044324374894
4053,0.16740161324829042,0.30206866694142614,0.2305004252187134
4054,0.13941223643761935,0.40194110302868274,0.3348511059948541
4055,0.06293572256408736,0.41818456342665844,0.1465379960753329
4056,0.14051629314614877,0.45627982064550504,0.38808228502807673
4057,0.3398521702327473,0.28250702390494253,0.4064040312892091
4058,0.16605601334078857,0.5468356422296238,0.17969492421224154
4059,0.23795664230806776,0.4115629600700593,0.2944025281737024
4060,0.10413306279927219,0.39071553555233063,0.580502290201457
4061,0.2049147049840107,0.5896620571439349,0.291183858370616
4062,0.14772632843510294,0.07818567159090395,0.23888884782190056
4063,0.06567787298533032,0.271265552276245,0.2974505887772222
4064,0.15177235019198676,0.549621788010975,0.47895593280520965
4065,0.0640350989362865,0.3093740863604379,0.22685147387652366
4066,0.08033877915773023,0.3589881951530869,0.3990319673979664
4067,0.1388870754520575,0.4806893542193166,0.3836548222276853
4068,0.14956467400513435,0.36106848313013634,0.33501096287277665
4069,0.05674389409312846,0.36985716045130396,0.2972385939924408
4070,0.2539824237825266,0.2805532305132798,0.44613682155701784
4071,0.18092999227188325,0.5116369793658484,0.2276328032695782
4072,0.07671881516465885,0.29910390424369226,0.38135786167662467
4073,0.04621710650353987,0.3032390168183169,0.19452998268933042
4074,0.11074209131433545,0.39800196199166354,0.45103886276255145
4075,0.09071044971050939,0.4389579414591223,0.4242882538465883
4076,0.13184595996944773,0.3284509033864982,0.29335017950808595
4077,0.09578483243389838,0.2599403304173097,0.3117436707443898
4078,0.03570230807554021,0.3067975276957706,0.3901088024468796
4079,0.09420604484694566,0.3482334638048383,0.20985584214675157
4080,0.09949477162963045,0.39992757303173,0.3051595827865215
4081,0.1888877653087519,0.2746281994979074,0.33592404188029124
4082,0.07703986748301295,0.6901335000783687,0.18273196404589143
4083,0.3970706341088157,0.5349673056402712,0.4422736208818582
4084,0.03756045248218312,0.3396124245559013,0.6169952225008156
4085,0.3050260179227054,0.24791413725782563,0.6731699698183377
4086,0.10501729822891101,0.23560218075326989,0.16492661200751152
4087,0.22135544237060012,0.5334615990147339,0.4773788029567779
4088,0.1288874898607891,0.42948088904927817,0.2728209358289763
4089,0.26989980289681303,0.19847702531940076,0.324411109857986
4090,0.09426712854145713,0.43965564596322376,0.24111944321205686
4091,0.05995650546214397,0.2854083597942478,0.40570100946324095
4092,0.32984638941329547,0.2646997932215521,0.12814479730881512
4093,0.11310188172806913,0.42815754522503924,0.22260960011343195
4094,0.14198725814536153,0.3259501596840151,0.14389633529747897
4095,0.2888331332715797,0.5171171021324126,0.27780528627175843
4096,0.06246145486324841,0.4573967132032144,0.30364408171719637
4097,0.18391843374840194,0.37704129230200445,0.19275715776929198
4098,0.08259834362932952,0.21233746292330127,0.3953153870032896
4099,0.11169184097247879,0.3338511233796307,0.38484264172159377
4100,0.1282299776273576,0.27275643603700295,0.43815060324876565
4101,0.047220736857712824,0.31612071315357837,0.5120547135717803
4102,0.0731811711335345,0.44406394961068324,0.3083989708691026
4103,0.3138531079109816,0.35447051198264534,0.3606028153227724
4104,0.22554860595048773,0.3103618123034029,0.23759134409283156
4105,0.11703791140893258,0.30645248212074944,0.3434237563439865
4106,0.14410322971945502,0.24826368332497467,0.34840073705799013
4107,0.10024771546564283,0.2905436573719318,0.5294912565482511
4108,0.3150926364669155,0.3802651846210014,0.3970688418106949
4109,0.10670968401566075,0.4371828427299223,0.3994366676510126
4110,0.14299208409017783,0.28543236954179985,0.30476119429954657
4111,0.2711456896050466,0.42854770454487395,0.08381014922090674
4112,0.07324926763387356,0.3420963258992678,0.3387064089777092
4113,0.36425486609904456,0.4912699005691905,0.28753153678886184
4114,0.04640631835921688,0.4048741479730382,0.22999193832440884
4115,0.38329652195106984,0.36676246301248844,0.42222139773356837
4116,0.09518321187144113,0.4020992552342907,0.4540182523270573
4117,0.10373958871472995,0.43385483166752103,0.23897683324307706
4118,0.03799846288477429,0.33664668334994313,0.3402451941356215
4119,0.09018635560830447,0.5397288440213547,0.32472149795131805
4120,0.062159984058425884,0.2548245156790056,0.47403722549951943
4121,0.08165650134977369,0.3896061265346247,0.3853170784697013
4122,0.11130731984364313,0.4124183373300225,0.4187208384764066
4123,0.23725147310813718,0.4380459511338655,0.29810057412491386
4124,0.14063585254034483,0.23857913402589218,0.38248916466737093
4125,0.1506427972925437,0.5870387931167156,0.4389761872658863
4126,0.06007030799416069,0.26388099196708725,0.6573757834906442
4127,0.06862222820354894,0.43028444935827714,0.28133533547361417
4128,0.4329812511028885,0.3891876553173976,0.29848016443119185
4129,0.07524066198461646,0.44170312301933656,0.2628397207092506
4130,0.3906973709116035,0.33942221568201564,0.2904070576953599
4131,0.10371456641743357,0.22917211858407052,0.5085538450242167
4132,0.1222846036638762,0.44847664932054315,0.2546587974012223
4133,0.2569517942083583,0.36215097809631797,0.3797350367666099
4134,0.2965891161568648,0.37916380042004316,0.45542717932276044
4135,0.11330478051780782,0.1718902644198405,0.4827088875705725
4136,0.0942124852198855,0.5794651685052266,0.5190598648251815
4137,0.11756925804747075,0.2277571792927443,0.38924763853110544
4138,0.15381968302927126,0.29600711059056817,0.3777869664312401
4139,0.2263638333471822,0.3750604923585699,0.27874279521380263
4140,0.1224454417655872,0.39816371876651957,0.16367394594390355
4141,0.18694759533849115,0.13163068903152655,0.276164801077086
4142,0.3857090756131396,0.47371234275176305,0.35351584479352094
4143,0.15849360039703478,0.27356897908972017,0.45751873288997325
4144,0.15105590870800295,0.18945051836140195,0.5259574883299771
4145,0.04671525283906393,0.35826562072444934,0.33685036712805505
4146,0.026357855980357316,0.3192836658148009,0.4724494967606926
4147,0.15926972758347285,0.32065810511257087,0.3544345925380027
4148,0.11452906455392103,0.2452647991967298,0.3589710781316079
4149,0.08672331601653754,0.4565327686984069,0.30506001162244295
4150,0.14414346513872686,0.3073302389089616,0.287643519811755
4151,0.11721442846810445,0.2870377875360055,0.27746075066585646
4152,0.26764916402249583,0.2629962526405373,0.28045862180242226
4153,0.12944179552572146,0.35745875083215517,0.26878091964866785
4154,0.07468085933376595,0.3743841884871724,0.4361313571778179
4155,0.24274996379230204,0.27861398664802983,0.49244630991289695
4156,0.10552172486398877,0.3296569702246543,0.2609753501944897
4157,0.17528945370771243,0.3897446725557654,0.2489749113395901
4158,0.08886267930007614,0.30147893491912864,0.31655467833362233
4159,0.07946752971417399,0.5784812378683466,0.25073852529450735
4160,0.12927085093878168,0.23370221543511946,0.23804310789347927
4161,0.12316041203030412,0.44743314780355237,0.3000962327425296
4162,0.16968930426268902,0.30530202415961044,0.36296525767366816
4163,0.10196514659762265,0.4008976894887548,0.3615647345787122
4164,0.03911560921809208,0.30865047685614344,0.3036302532455995
4165,0.09149665378258615,0.20973200618547735,0.28292533559070476
4166,0.2113379666499101,0.3912185261806681,0.4058802733006063
4167,0.10003969179433513,0.25486476748658443,0.37959656537916775
4168,0.1034855259255799,0.26655727357931386,0.35496828287453674
4169,0.24209949121643976,0.38378066080231865,0.27912083735625093
4170,0.07636436232118518,0.3233094166956582,0.5015393004404618
4171,0.04607912585199238,0.3830213774132024,0.21350028592003834
4172,0.10958153948563458,0.2511456252396247,0.27960835006964285
4173,0.08847112024763516,0.3006321416725504,0.24071296420951516
4174,0.06505436489308315,0.22921664307203737,0.33633705797415847
4175,0.10850544765458027,0.2794102626135245,0.26943487697420204
4176,0.17107139523636744,0.34768044400498194,0.3463518361532273
4177,0.12133056965183309,0.2686371927321799,0.3955731342200127
4178,0.1505706540597129,0.37077601015139594,0.4918762790775839
4179,0.4375962077358833,0.19315532594407425,0.3596935109771049
4180,0.09707268658505729,0.26967356939143633,0.3579746198626086
4181,0.1476329822205704,0.2289013464607611,0.3844870935821034
4182,0.08703839385392154,0.4812867349339881,0.14215665980758202
4183,0.07012248894651242,0.3674986007026521,0.3423565513224752
4184,0.08286517638647481,0.2805576153560076,0.23036087485313683
4185,0.08878448805390873,0.42513299265683496,0.2711406419280599
4186,0.15612089696540823,0.4029332605729488,0.3234453020316761
4187,0.6453274021101641,0.30351071532880575,0.449430571821427
4188,0.07616605840641887,0.45955513788159275,0.17820445642138577
4189,0.09247119440593529,0.3540351022167416,0.3624573594897498
4190,0.11699978320872209,0.39748808874010905,0.3473847334806843
4191,0.1600894486873017,0.3857092595739284,0.3845823711175659
4192,0.14613894913280015,0.4066477059003884,0.6435993135296191
4193,0.29918439025200083,0.5994987768340755,0.5341519322182662
4194,0.028961013006918834,0.4316520182702393,0.3683735994282593
4195,0.029510678256605617,0.3488955013070467,0.40003120442207185
4196,0.0877981142199839,0.4825978216028434,0.3322338750376514
4197,0.2619136783907614,0.5540956872720881,0.4245764958392162
4198,0.04548131544891946,0.19037312068285342,0.3399744709191389
4199,0.022476332440310356,0.35665758870996084,0.3841353885973514
4200,0.18082571522478386,0.2299553581168094,0.26970504889107355
4201,0.14415603243304664,0.4980215554810238,0.3614964765636345
4202,0.06026581908008549,0.2863091558155057,0.5056705388100656
4203,0.06427992753583804,0.31947312724431565,0.40089324706811025
4204,0.06491315687113115,0.4810402806364459,0.3488095375997975
4205,0.13161214512236316,0.21535786909509894,0.10409865081506631
4206,0.08067924126067379,0.4117432814414634,0.3790338084746744
4207,0.1713757483806197,0.5256654122016406,0.32687870396488045
4208,0.023922905832115232,0.3427933112412948,0.23327781444792023
4209,0.06966077531780723,0.2638039125394931,0.3290048393499643
4210,0.05896103320203383,0.24393597775063675,0.3295063559913453
4211,0.10280241029145835,0.40412104748802563,0.33679297129682095
4212,0.08542106706130809,0.3380226386467805,0.4227550222269133
4213,0.2119371960463209,0.15249637221840112,0.3139831357788787
4214,0.03863173289383289,0.3736699592145986,0.31051880519428965
4215,0.12591808541577884,0.3751915701610039,0.2996695031078503
4216,0.17921424600205438,0.2955371183172959,0.36306014092612227
4217,0.45148186154079056,0.4439018483974037,0.3977478797512567
4218,0.08861030607861323,0.14127177385216114,0.4952872039340376
4219,0.15239466326081014,0.40963953020412947,0.39625052714752673
4220,0.03981416478485547,0.4517717210891874,0.466011364575013
4221,0.02943977194116107,0.48283297254201935,0.4356518027395394
4222,0.21905681447574055,0.41846919496644036,0.3528211119888649
4223,0.12163692950908013,0.3296694200856545,0.26399295885633783
4224,0.2774870612122315,0.3667309846866535,0.38141480751788814
4225,0.05084180355412477,0.27058132427853526,0.5344182803398349
4226,0.1744821804401651,0.3013761980960015,0.46730691793919077
4227,0.45547093714726994,0.3201091622791945,0.49374872654773017
4228,0.16276022983896316,0.39755910292071206,0.17263750613472933
4229,0.14745370638026598,0.17046861547094105,0.16394797184632676
4230,0.12280458923359111,0.3704403584149497,0.2867622902389282
4231,0.04534578198497699,0.3360154721238586,0.3897202290349423
4232,0.31486496766592903,0.5064810783739895,0.2975315833116543
4233,0.081487437561423,0.40245136209308724,0.3151749074494246
4234,0.1726212862795895,0.23174432494774236,0.2000367126462636
4235,0.04554920153093506,0.39279313950355355,0.2750636424585798
4236,0.057080115225799394,0.45082062878404294,0.24932303306860332
4237,0.3333112223131774,0.3765689865288909,0.25216803245068947
4238,0.09678954814085024,0.32890682104807983,0.26310271393941626
4239,0.33768527865865905,0.3972793263041359,0.23129289255645114
4240,0.11581510055743266,0.43520717859422237,0.13489745105378248
4241,0.03899823036980071,0.6167074286498204,0.5128211321796887
4242,0.22648591014879,0.4904637475269269,0.3237867106419941
4243,0.08259847387086217,0.423491432631492,0.26758423449327196
4244,0.1976836278831074,0.36374610337630703,0.3209982457018316
4245,0.12419798996667525,0.21387965110624677,0.37316907420347145
4246,0.04607081369409897,0.3910945572073624,0.34846055959789657
4247,0.1365296163762302,0.3181701226640837,0.26318149691439874
4248,0.5774433805416784,0.4746705361268193,0.45482970206072015
4249,0.17124749456737673,0.27371724084018717,0.2762556717033116
4250,0.11744270429540977,0.38917203255941774,0.31180405401430966
4251,0.25786143750407786,0.5063081474440904,0.5595709323530829
4252,0.14093148184163262,0.3855080568704495,0.6136115098089711
4253,0.140822007084738,0.4622535311299316,0.4756351753444863
4254,0.06021358910858557,0.4345228178976079,0.2693000562558662
4255,0.14318897906150763,0.6016409729154271,0.292548865185794
4256,0.2506640713282266,0.3376534508353065,0.25913425931240974
4257,0.07057913810674317,0.2332800581535958,0.3113073334822543
4258,0.3307910342254393,0.2266206364815149,0.3968292570126305
4259,0.11476952901258579,0.2186572831285321,0.17004122681543943
4260,0.06832087908771105,0.30614726532603576,0.23658478646659037
4261,0.2440367530523956,0.3962515794900962,0.3480201956689357
4262,0.10074411180831347,0.38432940648142655,0.3259399711869725
4263,0.20630310788900036,0.3794079431936611,0.2903000064986304
4264,0.10041295145880737,0.341947448077014,0.20658816915584471
4265,0.11726007551555814,0.6227460537165066,0.2761214549971816
4266,0.1713157767750605,0.3855379740666776,0.28678354761115704
4267,0.14891278725875962,0.44925269406165114,0.21187250181755707
4268,0.035926456455345,0.3347671058480777,0.2540749161605605
4269,0.059134122802473946,0.4014421493207985,0.31572112568752314
4270,0.23253829510196805,0.31361965655849794,0.38947290497900644
4271,0.11169429616347916,0.20808622670096708,0.4445076988517018
4272,0.0862197677958985,0.345609332046655,0.235481282164613
4273,0.05128782688923364,0.3124271327219307,0.299964063584709
4274,0.060653581682625815,0.3377890592695435,0.3104594612166986
4275,0.03543534053220365,0.3157716950237424,0.3153651954488734
4276,0.11403292427259244,0.24490874382654984,0.3083206172665519
4277,0.08214354483336926,0.2681125164582791,0.22501039785956456
4278,0.06504055780184699,0.23680221072264626,0.389763267483457
4279,0.11660620356388281,0.3250584474673997,0.30356478635704504
4280,0.15660622746722885,0.12040146839246017,0.33970331427194245
4281,0.5358324095739653,0.2939575695414762,0.3447495159389894
4282,0.046904505045975986,0.39297116299666623,0.27514150986207175
4283,0.27373367419008743,0.4159468029061417,0.4252224723600969
4284,0.23983529820984534,0.3346245437052996,0.28998897698938736
4285,0.07316929786890679,0.34131607467222314,0.3545580400616025
4286,0.14021577479994912,0.3984263688203668,0.3464615311087559
4287,0.09001900316644465,0.45556438456730364,0.36451810348007896
4288,0.13854159675906988,0.18965843196096954,0.4658041155522882
4289,0.3514918473075857,0.31160639433778564,0.26443477532395826
4290,0.18522170412148511,0.38238507842226815,0.3350070308205374
4291,0.17311706582315742,0.3215180533173069,0.3316896038199191
4292,0.09164463445158819,0.23695813609017774,0.3057581618152986
4293,0.04766363236375283,0.3395724657077597,0.3913578693068748
4294,0.10613323580539062,0.4227805538186405,0.22553908855331722
4295,0.2830962227201273,0.6382690647405472,0.510834711656806
4296,0.046494139580952776,0.4742127317035381,0.5176690794797635
4297,0.06157815723395127,0.388754547277924,0.27269740731773906
4298,0.1330310318483955,0.3534762241019553,0.3257356862193761
4299,0.06431520296535029,0.49196314268882096,0.1763863612776821
4300,0.07254878987729514,0.3109528000854691,0.270681353070061
4301,0.09204893985715874,0.19461431522911826,0.6564398756029711
4302,0.051075365482459334,0.4628920366447652,0.40484217047245097
4303,0.06473690353646194,0.4641065560217466,0.4151523758159411
4304,0.19834134821773974,0.37316099583585377,0.28575688523276294
4305,0.0528661160495659,0.35636551798351757,0.32531646326889946
4306,0.0446550576419855,0.5084039441727684,0.3297732536377642
4307,0.08048665216359287,0.5565863222110026,0.20623432674592151
4308,0.2023496636234518,0.2562180913370291,0.3490346891678294
4309,0.10695441206975316,0.3150015451807703,0.42343710664904066
4310,0.08961085702315481,0.5710128312103795,0.5661705404884262
4311,0.12582133559139264,0.5075820789880042,0.3625249793271291
4312,0.041106969446375506,0.31105150650036895,0.32189770137273804
4313,0.1714521848639024,0.2913707486621149,0.32211168578137767
4314,0.15872662541043073,0.3167758801990128,0.37727301182115514
4315,0.09291660047503364,0.34722273611171534,0.425806625932304
4316,0.2454743676142273,0.21188385380378447,0.46464454338758143
4317,0.05890925962010222,0.3905418091351946,0.1529581871956449
4318,0.26767366505867246,0.34290650460346656,0.4644163394098272
4319,0.13561845436021627,0.3661340331767637,0.22255498961030457
4320,0.09747923736837576,0.40919925667107276,0.24101902983268103
4321,0.12046536205804442,0.5751383370762272,0.31411451078582914
4322,0.11357519921598264,0.5023685488640606,0.3929007804135609
4323,0.2858688073779109,0.4443338400615057,0.21323416715096083
4324,0.06076735175953904,0.39743825016175366,0.27623772578752476
4325,0.07394355195506579,0.46516493864994435,0.3678336346661282
4326,0.25081687973381106,0.21891360080166158,0.3906833340869449
4327,0.08229775221077473,0.5070611213783358,0.387858480233215
4328,0.22784336092768484,0.5010772253914019,0.4479552649491886
4329,0.4030551088769989,0.38632485988505677,0.4750827557165007
4330,0.09337649121514296,0.5442065202802756,0.3478059367239049
4331,0.19529848850186968,0.5483495391561339,0.3288426683943862
4332,0.05797835248005765,0.303075251429299,0.2578459597960604
4333,0.20561138827029168,0.25316844413885653,0.27778160647762457
4334,0.13985022852829085,0.4241348921241308,0.20932332671266207
4335,0.16889136846662853,0.30837524718695003,0.5095546417149956
4336,0.07968524991308194,0.4782437292054484,0.32887717065691285
4337,0.04309036892561467,0.36902231884934256,0.42265429793123355
4338,0.17247360773045264,0.41631981554536873,0.7233887641861246
4339,0.03467672137567012,0.5028798591764032,0.6417928341473449
4340,0.09872495539749823,0.3656463456378816,0.4703214528250266
4341,0.23448118243924396,0.29338642590731984,0.29731106768210125
4342,0.13913152339751061,0.3810555373468513,0.4298455348595627
4343,0.4824396916686412,0.23051073960775811,0.335602373515566
4344,0.24883430300067994,0.37188883446578447,0.24478200385553123
4345,0.07925983024319785,0.3997397527764683,0.2472473070302938
4346,0.12437511745395945,0.32653645322488567,0.4363737306663962
4347,0.11824919906309131,0.41898390063477753,0.42166535815065476
4348,0.045055042291014875,0.3026826681468394,0.48566634127752983
4349,0.06610936236475227,0.44933385954820526,0.3114928115953389
4350,0.0841711517690453,0.47106995832033177,0.2909568810294446
4351,0.03516972329909418,0.581491953186361,0.23189677236945166
4352,0.12608928760197743,0.36311767929733285,0.18640099918897202
4353,0.1033005900663729,0.3294372009211266,0.25299268848094264
4354,0.042806046253480695,0.551443763984413,0.2708522102183359
4355,0.16102405185573548,0.3569564983027786,0.22783556005354505
4356,0.20007953209245227,0.3491191914753976,0.2840202826451625
4357,0.14252137427859812,0.29788430115564346,0.5867966204550232
4358,0.09828713815370836,0.5584893431892551,0.2674989211504154
4359,0.1833995158930658,0.45849763258090787,0.17225666287734093
4360,0.19514235836493873,0.46171002817361145,0.3527222019742283
4361,0.1506144695685964,0.6078873618416082,0.40978747526236814
4362,0.07109098904732675,0.35050993952363696,0.2495518872843469
4363,0.147455659042713,0.5470160615320462,0.42438209590976117
4364,0.2808607024619561,0.4868176587460099,0.5722717636345224
4365,0.08223958638028134,0.3329134999629518,0.3117644102028626
4366,0.5376786083189273,0.40348020859858236,0.4225387203562815
4367,0.08611330190272777,0.5789909641893225,0.44574803714582645
4368,0.12480537778100535,0.3163351176494955,0.3822011879375311
4369,0.07831954811786629,0.4668986537156154,0.4436762924262567
4370,0.14215404531591178,0.2613530015608004,0.3966205636443717
4371,0.04118623906863749,0.5558096505301146,0.24416375378681587
4372,0.08497875420131017,0.325566673305901,0.14516063309356864
4373,0.060195315642550117,0.34221515807632913,0.3565966215505296
4374,0.13385663531028433,0.3432448081101267,0.3119369766627684
4375,0.2434869782196836,0.2719666092211384,0.18871221907517916
4376,0.19052523395033655,0.3987495870576492,0.31357991964066395
4377,0.029727723171619327,0.3964964399543807,0.32191504020480755
4378,0.516330227815113,0.22586899908719793,0.3692707858794717
4379,0.14936260130270979,0.3722782738756128,0.471148030359932
4380,0.07328983579188753,0.3215901484414275,0.2565956368402495
4381,0.13586269964356104,0.3832788648293877,0.15703944373417394
4382,0.13764435495840538,0.5338432539626068,0.29482897548843023
4383,0.07860333956847944,0.417517259407247,0.4315085715372986
4384,0.13970596933218007,0.2786717689660825,0.5022672152188883
4385,0.08166567638122757,0.2930688587447376,0.2754926398412742
4386,0.09321908219770196,0.5101606458498336,0.4029788726104454
4387,0.07763007616540694,0.35301633869920973,0.23098315342101522
4388,0.04910719173105761,0.12989633730217073,0.3368896869680088
4389,0.13481911227335677,0.582307188918968,0.10711594479319353
4390,0.1826151809926367,0.3443004842561577,0.3022209898341244
4391,0.1738741643918379,0.3928608733499904,0.3716554086812214
4392,0.21525629315594777,0.33323583635468546,0.2892449672211153
4393,0.15238222775676846,0.4035127630537428,0.20601985920891064
4394,0.08571700327200392,0.2169518632781623,0.34453481019773924
4395,0.21826947613393088,0.3501793684412883,0.5736283438399982
4396,0.05131979069281865,0.3496442646223506,0.25448031776640473
4397,0.06777074256004775,0.3933369224675644,0.2650463392788791
4398,0.06513715203016048,0.5919301400858019,0.31105154316910505
4399,0.2587256443533805,0.275174251155009,0.5503760799855841
4400,0.23474766584082862,0.5092989539503346,0.21168561977341432
4401,0.1705729273017569,0.29259969611243486,0.26006306735592827
4402,0.2572373421530301,0.26541245728415513,0.4140920685185939
4403,0.06868562719050995,0.4968143490597821,0.21965277475650857
4404,0.15495271363726887,0.7208771842909042,0.25209922135448815
4405,0.11221731843534202,0.19223184697858817,0.56758883541683
4406,0.2193824043935102,0.22488892028855093,0.563040876654725
4407,0.11296950412620242,0.42762493455951983,0.4036234053842047
4408,0.09441733792073814,0.42111444025986405,0.37263148807689783
4409,0.1770518264232287,0.33245036460611055,0.276933077554174
4410,0.22395943559699882,0.24489867549838307,0.3366261119215167
4411,0.07852788323197973,0.36045336330753486,0.26062611756988924
4412,0.11716134889146063,0.3810675010439168,0.528408396299255
4413,0.061451449531523074,0.31066234514885194,0.3521364246618589
4414,0.028002867585199757,0.31734910848325154,0.3197677937635433
4415,0.13994943911462718,0.35374523787165,0.3420076943925233
4416,0.1856488801021384,0.36666198794689425,0.27239257821630086
4417,0.14599002005849127,0.2676803911707311,0.3943765768226297
4418,0.036809270306893724,0.35963128284691337,0.3130674533927529
4419,0.09656316819637156,0.34186534790711626,0.7681273610387205
4420,0.03204822782138715,0.39964354854598805,0.29141221144742757
4421,0.31806374345810684,0.4573028729702369,0.4342316987703909
4422,0.06041926842120345,0.18223130204539856,0.5787438592582637
4423,0.2931194723911673,0.295503942485192,0.11062901614894799
4424,0.23525959818455436,0.3267412938874182,0.29207572791754866
4425,0.06777418132365273,0.42585394769972446,0.5300522803750949
4426,0.05871985881770741,0.4617340535517674,0.14464528229716617
4427,0.15514265221313575,0.3986167741035423,0.4820681257848265
4428,0.07021248633315683,0.5995761168936816,0.37260111013498787
4429,0.13089242734080694,0.46283839101277624,0.5319209122146604
4430,0.08854891188073168,0.21263047926972428,0.3050699075169787
4431,0.04031227972511974,0.3525806366747411,0.36537856139311575
4432,0.03185504481899743,0.4287774850790041,0.22510210186607882
4433,0.14248714886151817,0.26913350796081875,0.312266505914746
4434,0.08412768150428401,0.28954370374917193,0.2593242008313345
4435,0.08459094888666074,0.3067805097576995,0.2771419052171268
4436,0.1972926570266544,0.23239240997660424,0.3523416670372448
4437,0.27648713082713794,0.41747879001185006,0.2587738528275437
4438,0.10170143858905487,0.35901118896383905,0.14565801295001446
4439,0.09721899892531684,0.4702395501028772,0.3630822051069693
4440,0.1721012848094649,0.47711831673750443,0.3599890525302175
4441,0.05133740895030807,0.26097822254137204,0.4225053015700275
4442,0.14214256645003404,0.20437984700893932,0.33547276814445426
4443,0.1784106353028386,0.279938471936113,0.23242808445627078
4444,0.19514370421627214,0.38961685265314333,0.5294909768765853
4445,0.03706065145707305,0.5327395964892894,0.3010781178493154
4446,0.07399828598609391,0.33529402924409046,0.24218155210100561
4447,0.06872959946296021,0.2944509419448205,0.5190627128639165
4448,0.13066111130176378,0.4451050917276081,0.5562594073006731
4449,0.16979745824187453,0.22598355787539,0.11209552102098197
4450,0.3483721655536441,0.3104660645809199,0.2458869114230124
4451,0.08785038580043841,0.3227543548895794,0.3168658892866173
4452,0.08770117046430731,0.2700946386622575,0.36692149042989164
4453,0.27184910989218675,0.4335820791021489,0.41145486952701926
4454,0.14949599172407907,0.35559446235701286,0.6937069115912664
4455,0.2956926794727704,0.26058602137020237,0.23134630901152015
4456,0.14869071670849343,0.33665637625176953,0.3532904766830426
4457,0.05785799308276206,0.3862090045776298,0.20041185447092574
4458,0.05206467666912714,0.29951089826328336,0.36108704499568645
4459,0.04585003274329164,0.3951044465685978,0.5494519929378229
4460,0.19267600982267316,0.31721502683413627,0.11028337076799022
4461,0.27948692382143786,0.5873988933950999,0.20339909182659344
4462,0.44911109856545683,0.3670580248666097,0.4275928968750956
4463,0.21879935001304726,0.46018616529227346,0.4308482140988973
4464,0.27440807192907796,0.34805085203495506,0.25462585416102296
4465,0.08312784234926687,0.36724975903311796,0.43187892847633036
4466,0.05788260022356278,0.37436366885517425,0.4974935375193643
4467,0.21987726431659796,0.39317441002875825,0.3989213277319824
4468,0.16253218448487602,0.217699223903069,0.5199381545747217
4469,0.13133531259598485,0.37888765139032804,0.3721342083099196
4470,0.15915917558509501,0.43848658816878877,0.30880457590087323
4471,0.15226099848662017,0.38070907761003997,0.36765650872675093
4472,0.29912480770807487,0.21311663669445985,0.43525794026465736
4473,0.3015201721498335,0.26870903662544376,0.1898258300861435
4474,0.17746060942368896,0.5216157980711923,0.3659743485746515
4475,0.2192156274203757,0.19002275604165197,0.32253357874519173
4476,0.17377490644408025,0.501323295892555,0.28231459025960004
4477,0.08981099242153191,0.44620821894348134,0.22801779485322082
4478,0.20587603188360368,0.20653194694938967,0.16995873337882217
4479,0.05021576255150596,0.500720638425451,0.28364740473256717
4480,0.2539654469882724,0.3757415489279693,0.2761586222157025
4481,0.05656289342005927,0.5649333197940648,0.4480697850254003
4482,0.1483918441785057,0.32735516522137886,0.47315906684837095
4483,0.0701757792097935,0.22484597728529312,0.2524764127655105
4484,0.17859754106596631,0.2739493990972163,0.25164920567158416
4485,0.11932722346588401,0.2624996232184829,0.2793437980526878
4486,0.044734101968411384,0.4451730239432247,0.47173116835156503
4487,0.16287230471449277,0.30992189977114365,0.2690540961787938
4488,0.08324066571775282,0.22018058274935973,0.5977174518536185
4489,0.22474724287313472,0.2101103246873716,0.34981790695101866
4490,0.12220499191486886,0.6435585501355627,0.3859483249748161
4491,0.16004761312566723,0.4436082002776128,0.2881397335312171
4492,0.06540629652271658,0.2655699822655024,0.5436013461140475
4493,0.08262839205020905,0.3236057538162835,0.3849843319012103
4494,0.08995981241215648,0.26247473913803104,0.2871977628880647
4495,0.22090611161742563,0.4122891563202858,0.21286788170835297
4496,0.3966996463967694,0.16293307463135756,0.4155211426369234
4497,0.0719700395059237,0.31684500586299125,0.27195331548303714
4498,0.2581370497983529,0.4264171926171341,0.3174559706674901
4499,0.03284165809704475,0.3649941758704607,0.2451070436089997
4500,0.056574283720824674,0.34487102426100114,0.24636616933704897
4501,0.06535710665643608,0.35803511433104185,0.27475296346582906
4502,0.05147167457368253,0.25154887480739974,0.3292479732582005
4503,0.04501887769412372,0.3471091438636917,0.22360945157378315
4504,0.1620062078460702,0.5036027014918109,0.30977612737653154
4505,0.10573752069289426,0.46110747628130566,0.2645818659854235
4506,0.15828513857334495,0.2007748616248743,0.32329431396887487
4507,0.196548795842998,0.48960371928464885,0.4447440602844206
4508,0.14634657596527703,0.2807503866864226,0.35913955319232005
4509,0.1920986512118716,0.31067341167919815,0.2749543363410583
4510,0.11649557552918503,0.3549470263520557,0.33103390701286645
4511,0.056820712243723884,0.30230537919124867,0.40445323092732377
4512,0.25467324614842823,0.3067271066402805,0.4172590602464856
4513,0.08264015247168968,0.21680483144776364,0.35893517477363135
4514,0.06630761991132257,0.44859377126513533,0.571132457415858
4515,0.10832133177514272,0.28929803181935365,0.2497730591742841
4516,0.06725788462270145,0.3952797432045582,0.3959863268786603
4517,0.09242233311504977,0.35954101701724783,0.3289493327475709
4518,0.15446793084242552,0.4461222923705126,0.458239272565687
4519,0.15492562178457284,0.24113535739664796,0.3372298167756831
4520,0.06789144600059092,0.4108369137803135,0.6175693994446597
4521,0.08826744527359236,0.17951635111495345,0.34579724875742257
4522,0.257676542819184,0.419538482620417,0.4212602231288304
4523,0.17165418550721315,0.2274769531255881,0.3151613514003593
4524,0.528831300545807,0.38190617273613403,0.3742960241797708
4525,0.27780643763370527,0.31559161914018785,0.27464162405625137
4526,0.2708108441341508,0.39374404700715987,0.38437076603141107
4527,0.050411394146833766,0.4145912416932774,0.16410436652794147
4528,0.20693386202395428,0.3828847393817424,0.28161534863876414
4529,0.11779254611905852,0.4104210977210093,0.2672839465813868
4530,0.08470672690229365,0.3764730687049089,0.5880651206952858
4531,0.1368772343119504,0.3233239286897317,0.26402685756147665
4532,0.23515015477079174,0.3662689344425169,0.2868263453033277
4533,0.1721836694359788,0.5037104855210098,0.26072918041234905
4534,0.06872051579584956,0.24111311868740248,0.382243762592661
4535,0.2038468993266586,0.5091987612413836,0.3017510133160995
4536,0.08009567521219263,0.23899293396256593,0.28961950395524716
4537,0.14151354530238494,0.4459666134027425,0.6268053200050557
4538,0.09964443946003068,0.323615904802142,0.3528437762153298
4539,0.10539970925319952,0.18478718843224326,0.41440162977974726
4540,0.2072805669428126,0.22495355966341893,0.381749080065236
4541,0.062145162186967196,0.2345009240681701,0.2536991132276789
4542,0.48134184825377835,0.3616941640049471,0.27778363539475553
4543,0.039441841993489865,0.28674064714616837,0.22920849260108073
4544,0.08218441451914359,0.33537852758248393,0.22023581824121713
4545,0.15728281038895342,0.2548634007307805,0.33986351259511405
4546,0.18248970776945742,0.41494836115979206,0.34706790044837166
4547,0.11409465406172871,0.4516021450697224,0.32259126118073034
4548,0.11745276493965423,0.4204858310026065,0.37814711061193407
4549,0.16173182160697278,0.3796589711953411,0.31859506430807866
4550,0.10454600252608823,0.33687318567565805,0.48828379236197217
4551,0.32345442350923764,0.4198700883802874,0.2852667520268216
4552,0.2182210821595004,0.512531735220395,0.4531003552698657
4553,0.2234316722045184,0.20795291660179116,0.42406498170143714
4554,0.06505798716164464,0.1727084675637891,0.12439686043498754
4555,0.11572485815125312,0.4436796742964149,0.19774030399169001
4556,0.09983504108293671,0.24285301219913494,0.18134659272229986
4557,0.06348627959572828,0.1383077979111835,0.36962275748244866
4558,0.15619512101015548,0.43922029828597214,0.2320872736989794
4559,0.08544337904349253,0.5370411842824238,0.4615517242959597
4560,0.19178180552174515,0.45344324980641026,0.231470377603122
4561,0.06100963331967437,0.4888723016394092,0.3554584454073678
4562,0.4087911708179902,0.3241308681999479,0.23836574978352354
4563,0.06795516032927024,0.218110878857907,0.4013821015576472
4564,0.14176782871976684,0.28557518381432234,0.30305158960436546
4565,0.21104696114513344,0.29340087948513827,0.289986426699805
4566,0.08363399701522714,0.27488681705502477,0.26754406176635354
4567,0.22024784148738594,0.23985758411409616,0.23029359496602536
4568,0.055394426954298186,0.2754910831740272,0.3763927513167554
4569,0.3374050871754081,0.3743989512144116,0.26820500144502113
4570,0.1232706222787056,0.26456844622980835,0.6712530532911537
4571,0.08225115338100672,0.2838028136733225,0.5392803587585285
4572,0.09992003887202318,0.3141369767060196,0.30819743520441945
4573,0.2135951911608511,0.3665835887297347,0.2938531368923784
4574,0.08288942852550156,0.38725053800971876,0.315704607469508
4575,0.07456521049947722,0.4076257562168525,0.5257452377351675
4576,0.10521223936432803,0.31171936026351266,0.6209142199287633
4577,0.05716643110132984,0.2603900727944062,0.16382398983192825
4578,0.43985737771935146,0.24338452713746372,0.5020868801246727
4579,0.08386436449912973,0.20954397801095917,0.3060809438717738
4580,0.2170357407346393,0.42689067466530284,0.25519649126945293
4581,0.14081581848788938,0.6164717307049681,0.4716285186735468
4582,0.06432001813764679,0.32766515293093523,0.3449766152969139
4583,0.12160447954645683,0.24343338217108187,0.5065455777240493
4584,0.20988421036470659,0.5973179259529843,0.4493524056166307
4585,0.10757496201360532,0.4291927253287655,0.373058901972822
4586,0.2803873993008459,0.4078987347861124,0.5441178613484674
4587,0.24820126863035313,0.20463226094560125,0.3201074242118602
4588,0.23082033797294546,0.31463168733589236,0.2312458962396291
4589,0.0898999159016865,0.21969843472252842,0.5903226855456651
4590,0.060649636921590575,0.44830246010207564,0.3113653222596202
4591,0.08134402961719331,0.3129305670338436,0.3551069654544736
4592,0.1395457812127017,0.3698799979197957,0.27929566457981914
4593,0.1776542961038655,0.4306483219544812,0.34707161598958536
4594,0.03281024490535572,0.3900332047528124,0.3716490342016884
4595,0.121427060342229,0.3919744943815808,0.22996075433323182
4596,0.13595194959092716,0.27150275832760423,0.2318117176032765
4597,0.101364404445408,0.4179694886540413,0.24981617982988574
4598,0.3007219146408963,0.19486255797948893,0.32266693299432453
4599,0.16299421691653818,0.33230402954085103,0.38482935443244126
4600,0.3048134634196988,0.20592230281994986,0.49629676680482937
4601,0.10560412541223557,0.44152371581781097,0.6813323229477838
4602,0.23386796955634415,0.3618419367230584,0.3557799631997609
4603,0.38479583132995954,0.43101650710325495,0.29001483410108964
4604,0.30514067212230667,0.39921839601360726,0.1359448898662846
4605,0.0601945645137079,0.28697847899761764,0.36470875874592346
4606,0.10298472153082336,0.25053881699222813,0.3182127694994754
4607,0.09692625669273644,0.5423427087891954,0.2992748232457931
4608,0.17080406033133114,0.5393889155966528,0.27038308999234933
4609,0.19598244179031318,0.5716603656619238,0.2733115752065264
4610,0.070453270765952,0.22910470212419315,0.3726654774220297
4611,0.12784357007756478,0.38797543202009627,0.409971150342023
4612,0.035470013850990585,0.4501405638049763,0.33334165647788006
4613,0.33495350241558564,0.25572513531504637,0.4280610880584068
4614,0.08685941129693413,0.3784515648378499,0.49498616986987476
4615,0.12680784884875845,0.3488436840215051,0.32627183614418
4616,0.09922952872296781,0.29355696361640776,0.4860513050451971
4617,0.2711451940519825,0.18175051688141286,0.24370656301810129
4618,0.024095188779132002,0.4508257096974349,0.3682154067350447
4619,0.12073137657513308,0.34841500877447174,0.2967023425529941
4620,0.11368562008277563,0.5704318885796007,0.3917169169194722
4621,0.09025474873768216,0.4253262572161167,0.15078851034003216
4622,0.41091460428430193,0.4518434842422031,0.47963764359629935
4623,0.06833973571644818,0.3229114949022193,0.3310100305886378
4624,0.2080910111828502,0.41819628544253373,0.38494295088655317
4625,0.15577388407505957,0.46301527059997766,0.2585162959373159
4626,0.29440141617047844,0.21835096577653682,0.5512395600000751
4627,0.07858616999107745,0.2638442775826649,0.3745068535070021
4628,0.07534781017781908,0.40809259345509985,0.2970245518570608
4629,0.261684878816807,0.47781669165183716,0.1547837420820457
4630,0.16339447710232816,0.5440912432796084,0.30019473563822613
4631,0.04602285049851096,0.29000806895316783,0.13989669799773785
4632,0.08535132921774956,0.2329944607623851,0.35003541276535766
4633,0.15905040150498792,0.4123570880305585,0.4036917844654253
4634,0.2179775703632893,0.5039000509717886,0.4182221279313676
4635,0.07798151648873114,0.25431261348854106,0.25205304827976516
4636,0.02333960024052692,0.4109641786325452,0.27264548183502196
4637,0.17488578103448724,0.14409720065008,0.3262688326114556
4638,0.05569036474926377,0.4586613140390717,0.2807316308669076
4639,0.0355180557891668,0.5262510262200119,0.18621615821396803
4640,0.024147752451940223,0.19731197349796706,0.27383875116876183
4641,0.21435744327331271,0.4349042647307364,0.3808603504108524
4642,0.13324437051073856,0.4135438116564611,0.2891900211536609
4643,0.10492373811335644,0.3788662234011893,0.3115582694092006
4644,0.3224932306844117,0.3532071020512254,0.2833322440488207
4645,0.18937215531598076,0.29177687352550735,0.661943569686678
4646,0.37963416088366236,0.20547693318962412,0.3497877821203039
4647,0.05026761681882182,0.4289314073046961,0.3607286156246736
4648,0.11927684249673394,0.3892192061900193,0.27844595078655915
4649,0.044180996490408825,0.37107305838027016,0.38955192405377903
4650,0.10466357235379836,0.44232113243945376,0.34677721922357607
4651,0.10333193143153287,0.2051585862393483,0.180141897871063
4652,0.18795967953172332,0.5636446082430049,0.5252197034277882
4653,0.1259242727617933,0.5319081113606192,0.3245124639024467
4654,0.1875390076301139,0.22707333148962336,0.3970611307043873
4655,0.19834304665553515,0.3364274103974478,0.27248000411387246
4656,0.5603831717425221,0.6165170988486787,0.38646240974873813
4657,0.0988592467253265,0.4513142122583218,0.4129375438243418
4658,0.0660836634875927,0.47716783540745394,0.20124460901689456
4659,0.14439632617681059,0.37086517362627724,0.3953188214738135
4660,0.07210187947878305,0.3542625638504009,0.324785112043168
4661,0.34470454059591854,0.3688559635037843,0.23713061150299208
4662,0.10098342416085963,0.2947648359523282,0.5517608896924724
4663,0.08390884225203209,0.3617988322447489,0.24538363152268783
4664,0.08921723154569991,0.4569627574124846,0.3618437108160132
4665,0.20043692524140258,0.2574555705476419,0.2192388932775814
4666,0.10979336670385897,0.3894480400215757,0.23087407652834174
4667,0.07988568698469972,0.34861354671081557,0.4636169199473055
4668,0.39327846573819336,0.1991596906442688,0.29986683791092233
4669,0.0696906794620363,0.29027200897936384,0.5173122061881891
4670,0.12507304003383976,0.42881396180892645,0.29381681421096567
4671,0.19136664519386862,0.17981792123547385,0.28957204044028984
4672,0.043817628277914376,0.3404874403665265,0.2607859501696374
4673,0.1697403891831997,0.16874540626970824,0.28602394548639964
4674,0.061577464201030906,0.457666483140072,0.4070832410330907
4675,0.2156897879463078,0.24011235072857065,0.345533304798024
4676,0.06519990729355349,0.3219594694644034,0.3042636740140628
4677,0.19686527865800835,0.5930092834795624,0.4159106066645446
4678,0.2635063119068425,0.3534705228988518,0.3987974567464089
4679,0.2216445990180469,0.3593555823070798,0.3070424126191301
4680,0.14491604165528318,0.40842793007177597,0.5293745225122157
4681,0.10452988414937867,0.3536536399979192,0.19521847382533425
4682,0.08332159697494662,0.3855292656575584,0.3816293868787085
4683,0.3420133633021622,0.3743088756092305,0.32314871472395074
4684,0.07697603555193212,0.37599872511692717,0.39308726355650636
4685,0.06226501223574041,0.2668567722344193,0.34747018340755653
4686,0.19312383084944615,0.4271314825667402,0.3651427811445631
4687,0.07238290009448951,0.2811530991658851,0.17664125906357342
4688,0.06571252602548396,0.35277907392792807,0.36099341362325166
4689,0.04879544159702187,0.3106906648974694,0.46137477977194274
4690,0.08854415739671977,0.3764085428279319,0.27537524871379593
4691,0.11546599491993985,0.39904492727082236,0.4551930745089746
4692,0.14410009140189312,0.38024984549875285,0.2996501720563536
4693,0.23616574490080278,0.3184279246913642,0.2764259203295362
4694,0.1753335222486577,0.2769862127033708,0.2786268037519522
4695,0.10738746519050993,0.12244740110119182,0.23774929840672088
4696,0.10686347035892892,0.40617451320224846,0.3439117624048892
4697,0.17330363588173545,0.3023278553249334,0.27347941215588695
4698,0.29673263674160383,0.4631300119789934,0.28073090928850414
4699,0.13303524681425075,0.419429363817389,0.26785719298259436
4700,0.08934471749968781,0.3130806256092711,0.3724923140509788
4701,0.06398872742683293,0.27466884314207474,0.21716672558581185
4702,0.0487500008220216,0.30613883964216254,0.403852105493701
4703,0.19324562357187552,0.541032667524456,0.39299641377157035
4704,0.181685050748483,0.44478756807052666,0.39375280741434426
4705,0.1816071436084669,0.3250769433167281,0.2412422330657072
4706,0.11195517476355414,0.24997128362927598,0.36240461505493216
4707,0.32665577332171686,0.3691279166980755,0.4973344309507356
4708,0.08847432295972046,0.32546994051748873,0.22195198318752885
4709,0.23682857800805276,0.4509104112040534,0.35595681720397954
4710,0.11893972163573542,0.2025911541833586,0.22979092446633897
4711,0.0816193816610676,0.37743746735841205,0.3076621649261726
4712,0.18353882943850147,0.5385294031774347,0.33266854225105824
4713,0.16162954075100475,0.374184156619947,0.27260851887340937
4714,0.15585132966024695,0.2510760379038433,0.26175506515205627
4715,0.12901701317660075,0.3463629184127547,0.3643845897377431
4716,0.11900797478389655,0.32398087317984975,0.23867776329604456
4717,0.664055592555225,0.296948042386501,0.3947153264570088
4718,0.278624360478524,0.3372687160954264,0.5623812864204499
4719,0.20105781862767624,0.36159493025833345,0.2161780481185232
4720,0.13172552028383358,0.4694694479121853,0.21131286094923774
4721,0.24568882612529278,0.41082417835217583,0.1972451418991088
4722,0.1742508300145139,0.43802399611045995,0.28757123938193013
4723,0.12428168612605246,0.41746393788325525,0.4371505030888234
4724,0.09963029611061022,0.2268441470477716,0.4488182917761838
4725,0.11560580486434596,0.36671680920725935,0.38343146143807794
4726,0.02110680545801726,0.40372101046492564,0.35811100005386687
4727,0.14092495210917338,0.43606596952929444,0.49342413759210313
4728,0.0882230653781659,0.541277072909462,0.28631286903909225
4729,0.3732358332461985,0.32233203504233776,0.3998035204540036
4730,0.12370519238401838,0.32345840842235796,0.6012857735744271
4731,0.05675311777148602,0.37036336403583453,0.48755230346997847
4732,0.11804918225345289,0.29648582389986033,0.22921379723939805
4733,0.06191878746003266,0.2759146929404933,0.27771943550677064
4734,0.16893465270215724,0.26354416263807595,0.6092728622834076
4735,0.14891794195662672,0.30231246255083083,0.2780491929871145
4736,0.2372595311065521,0.20640784837692985,0.5404511248506741
4737,0.07262430517547391,0.5454975874303368,0.2919164609148731
4738,0.12494095684436707,0.3525822499565634,0.3152565680262468
4739,0.05109328899842559,0.32120645219086563,0.24673825410289474
4740,0.19807277802378717,0.39743712870276793,0.26206683689424576
4741,0.17435709144355926,0.17322084926055695,0.3156217753343676
4742,0.17158321391641188,0.5221149300804164,0.3563404017994629
4743,0.12222925567614257,0.41311351769654164,0.29477184378057214
4744,0.1622052893737449,0.36146337248335414,0.4171582577082744
4745,0.37638151001459264,0.4234684066116196,0.2949939404834892
4746,0.10085779223457383,0.3626536792140424,0.1570514507030784
4747,0.13415900284690968,0.37452519867295986,0.31437891917002436
4748,0.060416615068771544,0.35165371762910186,0.28785449346578335
4749,0.06916276120183258,0.21319091907225268,0.5238975610454364
4750,0.13047677698199267,0.31111989814728436,0.44203909256317964
4751,0.26315090247707373,0.3972828525945396,0.45482683842240956
4752,0.10280650154926,0.45361497159748376,0.4174573957333271
4753,0.10420904780983578,0.45688779522674444,0.3855338073852078
4754,0.09306464481334098,0.28222137931953484,0.3851699990879005
4755,0.08560392549215066,0.35316110603635226,0.445567682967558
4756,0.1493308938482952,0.15225420634572512,0.4023844907379347
4757,0.047301554667231044,0.41025883160895255,0.2826849891649936
4758,0.29851091409267666,0.4663840888466996,0.20511660216101207
4759,0.07867534114412195,0.14966948895690543,0.16954954629575153
4760,0.20092762651718826,0.33035139454658574,0.25282338176602004
4761,0.05405635492035002,0.11952666962001288,0.26309378085278123
4762,0.1935936334689059,0.49111095579339115,0.32607457315703475
4763,0.19401482645402623,0.17782002171440436,0.3231054510133519
4764,0.15881081161136823,0.6236113022454675,0.5618477519238056
4765,0.06392682634316667,0.3104377884066444,0.40013709090101535
4766,0.14474018314171624,0.4140490596851253,0.2621942774611504
4767,0.05695609862803611,0.22932587064625246,0.5070350494334989
4768,0.10304725927446313,0.3435482343479163,0.31208148882956194
4769,0.24959465384892035,0.31645530573833147,0.400740257969771
4770,0.21176703244777279,0.4221134025018982,0.38897986287211617
4771,0.12335696126077601,0.2985001731900434,0.3405048869974989
4772,0.06470938947393536,0.33867418080180306,0.5131835899375534
4773,0.1904694820045766,0.27472272377583656,0.277237642068298
4774,0.12370830759093407,0.3624382240857795,0.3501402386347364
4775,0.030475734967925106,0.24515684966823648,0.24815128787035234
4776,0.20968170885486617,0.2519369332135762,0.37518289219770695
4777,0.12011101280637718,0.59540815250646,0.38181667306821054
4778,0.2822589444088269,0.3647676263596568,0.3454436729641174
4779,0.0600794524034198,0.3739067903506754,0.3435021148045917
4780,0.021057221757849576,0.2227899959895478,0.317739300897121
4781,0.14770763997937822,0.28257361475797765,0.378217056959539
4782,0.14898110818008584,0.41319656347769135,0.4070366033148375
4783,0.04238272636931956,0.2709969717588424,0.22162576447182109
4784,0.06456123723359376,0.2753315687780735,0.30725253229004684
4785,0.8678478206142842,0.3619380498646387,0.2988007796608757
4786,0.0994953316240369,0.3317315309250376,0.412311127227703
4787,0.20220821455873242,0.31185416507606883,0.48400985206607905
4788,0.07942498795680772,0.6242944993321944,0.3841746002006573
4789,0.03419851308029785,0.2965198934910354,0.35174197128877105
4790,0.1088777322423534,0.38925433898781453,0.2601201020066963
4791,0.10217136738051523,0.5151014193928765,0.5813111203446601
4792,0.0934942257618073,0.34604475775028526,0.24633311626123167
4793,0.11301377812979785,0.23221250197363874,0.21803895955019142
4794,0.14621100940203405,0.36406929458450804,0.41956309866960584
4795,0.11035594351035705,0.22807046754661517,0.2841715802343877
4796,0.05425028832169649,0.10780581197519036,0.42522144766933156
4797,0.17044022411526094,0.3933399117590385,0.5158084532487478
4798,0.0368129810077775,0.2894906477953236,0.30827272556582996
4799,0.03491208940562369,0.5123507380605292,0.38751396110630676
4800,0.20337831917752805,0.5900642651422231,0.29049411326780233
4801,0.17292601984699515,0.5798692363627772,0.3441478204167213
4802,0.11745239574977087,0.3955167680438261,0.3226078615532594
4803,0.05018769354619067,0.47645275780237506,0.45042888681971816
4804,0.07656287650001087,0.22997676287717542,0.28094283318365126
4805,0.10236557657787224,0.4017978919241604,0.268838355841517
4806,0.044705214292629504,0.45893483896673143,0.31542806894451964
4807,0.0750573376505047,0.4085176254131985,0.4125356552410667
4808,0.19136988306785585,0.2815473894363902,0.2573411488011947
4809,0.33145762123146794,0.3390391820532942,0.22399996490537105
4810,0.09230081119590779,0.36558049729934283,0.479383064239153
4811,0.205864995993796,0.23070299272255515,0.14628083136964126
4812,0.037511892160108265,0.49383708822652456,0.21421016976831275
4813,0.19232568757208415,0.31416228076473995,0.6314574273190668
4814,0.07202577966644741,0.5019635097961431,0.17935917833652493
4815,0.15060845867881084,0.26670965745005093,0.2913337478368314
4816,0.10339130643088057,0.23734147813505682,0.2711585010698614
4817,0.30704821714219077,0.3018684815312476,0.14155905300010024
4818,0.06889498019319942,0.3105932947984797,0.23926652936341025
4819,0.18809011253930277,0.19873658498907912,0.3654095557495908
4820,0.10123239905023063,0.44045952024116913,0.4239949929244482
4821,0.10975231240777608,0.46896902724277634,0.4695963156511965
4822,0.10789229878670228,0.46269961183022357,0.2976251734788201
4823,0.07015282901786007,0.23118478257533195,0.17221688939572166
4824,0.12093653467610362,0.44313482322189635,0.3417338398879419
4825,0.11703722948103515,0.2743598847289389,0.5074676345764535
4826,0.14391709964886373,0.3852028283234762,0.5295922652647648
4827,0.12930048058591645,0.24853962089549883,0.4533839465302767
4828,0.2119596751133279,0.4149363039098477,0.20927799664255847
4829,0.23157065370765595,0.38939570525738093,0.31571046974319367
4830,0.06174750257929686,0.22128260611282516,0.3614328527842895
4831,0.2227940957543381,0.3499314038429068,0.3800238169127974
4832,0.05684327539488522,0.5656463463425728,0.17738940430980604
4833,0.18294116953223902,0.22127160431505358,0.6129849756537571
4834,0.18705896561808066,0.27934882781950837,0.499609596668535
4835,0.03756695498624946,0.5580886730529966,0.33585892573640785
4836,0.1300481596348115,0.24923775644324592,0.3500453782097104
4837,0.08938179297182713,0.3691661624643096,0.2853154358846398
4838,0.0741202469193321,0.35229758427069785,0.48784930315486486
4839,0.3138035999266967,0.3025772134458041,0.22615343150068373
4840,0.07927099879043098,0.34320394052276326,0.3484861337264884
4841,0.07191517607622751,0.42819686474950114,0.25389827315443453
4842,0.1285281003518389,0.28475623507428016,0.3342620809172969
4843,0.1958776125464291,0.31435294313073736,0.4785557039603845
4844,0.11098406147425846,0.413452698620148,0.27169367304909614
4845,0.27509877150093504,0.32478744561218764,0.3559525927357121
4846,0.1758317930446323,0.4730372361544161,0.32263557729397446
4847,0.03270046392562632,0.33153237568929766,0.2632348648106515
4848,0.08589876506078475,0.3680072699381681,0.27408454734810056
4849,0.08411217529391327,0.5393789499234122,0.27512865201512354
4850,0.16963439376060582,0.3025540045500725,0.175436117672281
4851,0.026427788144956325,0.22208775708455444,0.31962364603199933
4852,0.7465358800073655,0.2671781270733655,0.3445687831188341
4853,0.17583796500695498,0.29665264299446525,0.19723222882048985
4854,0.13509925140342655,0.33476851517300465,0.2898318559504041
4855,0.2780913527563869,0.23924092073178432,0.3125175325875685
4856,0.6427859324222449,0.3950227276735524,0.4307590015662268
4857,0.223104497250639,0.19236163275546317,0.5598284281144735
4858,0.2357497464396945,0.2282447328917612,0.3801734380015084
4859,0.13343285471942995,0.20071248432987193,0.20815363454137709
4860,0.11099320123451416,0.3255298996688616,0.24614102033381902
4861,0.08895648530961293,0.26069010096057144,0.344094361311549
4862,0.07102369832280611,0.18479767052643395,0.2898853059995955
4863,0.07759353594347389,0.2665126882696842,0.3318790626725349
4864,0.051531039895200144,0.28610820880905863,0.4333240302269351
4865,0.11599922923191679,0.32366808311085865,0.3180827991202254
4866,0.04252507152564877,0.5039358460161586,0.6807198257789011
4867,0.13903811893062815,0.5445950802158444,0.19244791277054574
4868,0.1191335776101801,0.3656635887296672,0.39741232659453785
4869,0.1349202866053374,0.4057976141494105,0.1855818166608489
4870,0.0863095418350806,0.5433460109888926,0.25252258544522416
4871,1.0,0.23254792478980874,0.4350171479598731
4872,0.31588990104365994,0.4459865476442284,0.15726066462375976
4873,0.054886156386557826,0.33566297073820667,0.369049335777928
4874,0.14309275546082195,0.373948207778305,0.21897313212883968
4875,0.08163753924028043,0.25161061682855507,0.3287093648065732
4876,0.0631387924646891,0.2391260294142461,0.27293204206348515
4877,0.05185123387675716,0.3125962765240761,0.3376636975986351
4878,0.16417686656415909,0.30969071912942997,0.3806496338003248
4879,0.07787414314903361,0.2782776634895476,0.46355462007604364
4880,0.23894165124322675,0.2705934840867285,0.351290082900219
4881,0.243372314939053,0.31941546578529256,0.4067090677708244
4882,0.3190241662426035,0.3527689809733757,0.32897599870318583
4883,0.0698568269332415,0.3293567704375205,0.2109201810920075
4884,0.1691644664785061,0.1671416416904559,0.22766824554351156
4885,0.1887284945894876,0.12893341128161576,0.5245398341667971
4886,0.08905052022579789,0.3908947010799937,0.22087848193550957
4887,0.07351012817291855,0.2929828329259521,0.35700820546486456
4888,0.37778704763756604,0.19659045218779625,0.35521989180062885
4889,0.14256647671132555,0.18805091854934725,0.34897697300731323
4890,0.18919259562886726,0.3819743231835414,0.45874097288143534
4891,0.0712049555828281,0.26654469419134025,0.2714702742596576
4892,0.055725091729943006,0.46712163301593884,0.31395951346394707
4893,0.0836985257143595,0.38289721815541017,0.30088550471281433
4894,0.11230419928337458,0.2218085609582568,0.14339449776495822
4895,0.061233674340424635,0.5268701529571562,0.26083179908815873
4896,0.12128493401714897,0.33987245969573543,0.4644810481146492
4897,0.04243401583297904,0.35845361950809423,0.6076253113087644
4898,0.05917726647726719,0.36740443860825445,0.44917217601832937
4899,0.19387452030154032,0.2555309824281959,0.3795990015816998
4900,0.18498704709373479,0.4745904509531405,0.20829571191499152
4901,0.09398750585692069,0.36528993157291284,0.35643242457352153
4902,0.06301081542698925,0.38038505428404623,0.34685340209088944
4903,0.06263703243183012,0.31061275328853605,0.6618403187772639
4904,0.09514605072124764,0.4073036178710517,0.1797306800347792
4905,0.1903271118722336,0.3341793374586845,0.21837868657113607
4906,0.23234705244530918,0.2592714608322727,0.4844929372211676
4907,0.08776070508009945,0.4578129205005553,0.5323643142830078
4908,0.0579853864631478,0.33970822392555433,0.3729676364412554
4909,0.14657068305421136,0.6928253305656612,0.2984857794880188
4910,0.07113937077125167,0.30813645001113915,0.40152917703911273
4911,0.08652766189763918,0.21012969584415353,0.6334725079773049
4912,0.3081171094245082,0.42179008408763397,0.2712765613983246
4913,0.21634881291187588,0.2990067650146227,0.38863370663310004
4914,0.13594127744992868,0.335288321223347,0.3149494259362605
4915,0.053994386447604716,0.4534834263707493,0.37738512158673176
4916,0.14100180567048154,0.37511806349768073,0.4270000021866901
4917,0.25554997518933664,0.13716268160616055,0.27700959826969707
4918,0.0949978961099744,0.4510564489369847,0.45314787920956634
4919,0.3138623561448261,0.3464496041654237,0.28602662485836333
4920,0.3010381063294606,0.35817504492721325,0.4014719369826497
4921,0.3928201536142143,0.3911711298473678,0.16554725076345683
4922,0.15039056244610527,0.26095188277097753,0.42504992842168
4923,0.1828819322656787,0.3178895284176195,0.249446898054422
4924,0.3283570838902636,0.2638678975479679,0.285296759769712
4925,0.16591308817312977,0.21467359648474463,0.1440092055314381
4926,0.0874920798476126,0.20766501685440414,0.3126120001074437
4927,0.09055619191367136,0.2802331637777459,0.5008592264927602
4928,0.14365214236385818,0.2384880623153193,0.19331746062319322
4929,0.0533973775953368,0.38943440875409197,0.3574559213862284
4930,0.11086431649091609,0.32286158959890676,0.15872968482108807
4931,0.26177360268332567,0.2511834510862125,0.3203083083020108
4932,0.03248638892632761,0.2001479501880105,0.43718446359007
4933,0.35794893331280847,0.280516500810296,0.3246443828456087
4934,0.2666224443026666,0.32708159137232184,0.4272463129852393
4935,0.08989357415379365,0.3498493419352402,0.28505209955045946
4936,0.17735812634795797,0.2987956521990029,0.7059539497728021
4937,0.12235578659688831,0.2004737463482861,0.46924973057491604
4938,0.2878541113812974,0.3073033599596939,0.3591282422696379
4939,0.24146731188066692,0.3544654445138607,0.5577798035028411
4940,0.05005189643773127,0.46335799768414976,0.5103599248176297
4941,0.18286543704611144,0.40020610777896987,0.28168900513226275
4942,0.10633459099819255,0.3492569413326999,0.3928402069867494
4943,0.12915346052699733,0.3824360352542805,0.3053875971761094
4944,0.0755786778664448,0.4287930365067606,0.44500031011491037
4945,0.4174592559375396,0.5422196005046043,0.5364567246263401
4946,0.2514863321006019,0.2882292639364313,0.20002786634413333
4947,0.0750218353425,0.4339570443366292,0.34909148018963565
4948,0.05201902165557263,0.3631686981364243,0.5202351671503614
4949,0.0943719971901106,0.327559863506121,0.42470022819460973
4950,0.16443712621228515,0.21766912021244553,0.38416604478181404
4951,0.14381497291505105,0.30354128164743455,0.46576325454194867
4952,0.2926449515436044,0.49563359117122463,0.21131383697658984
4953,0.21075927744160852,0.3382773968084052,0.40094600585979157
4954,0.2392365204499149,0.3666525194334887,0.4875092756832
4955,0.15264664419039872,0.5001320909362446,0.40109426333152753
4956,0.05036909042912459,0.22682051380230453,0.22098033943435402
4957,0.10704182274126345,0.5703055820249915,0.2973127760167528
4958,0.2550847904085302,0.27906105770384876,0.3373365055232992
4959,0.1179184452416443,0.2896325069899098,0.2555323290736153
4960,0.1724542226499661,0.42504578565742124,0.24819759001405817
4961,0.09863367454390976,0.548616048980606,0.39169904816629897
4962,0.06254406078727975,0.2691259889716149,0.5478805026295
4963,0.1123552696960438,0.23341971962475747,0.1696412998531941
4964,0.1507850795777864,0.352662328850249,0.2869220849299808
4965,0.0791687488308591,0.5520905443184246,0.2643427310757259
4966,0.10422329417448467,0.37003507592250645,0.5259141541327188
4967,0.0661479328496624,0.35181411303823135,0.420023278401526
4968,0.2660299975091522,0.17159311520811119,0.5099209916347551
4969,0.10023354334332842,0.3514074295742141,0.4407321777733547
4970,0.33755942143132317,0.4887329529912206,0.48024299821151406
4971,0.35647776665143305,0.41450341517762723,0.36786053559270604
4972,0.11559579508290792,0.43513535311654045,0.3898711800757587
4973,0.06337458904602575,0.336988945644952,0.3957155513616796
4974,0.03427617290504111,0.3995795610666736,0.33973083165648243
4975,0.04799639643789909,0.3027219512678282,0.336696222796121
4976,0.050828884965043473,0.3946327301898487,0.38976067050326435
4977,0.320065913726938,0.42029549760374474,0.38676013187444325
4978,0.13208733610543205,0.4143355306285871,0.3593372071015227
4979,0.15940511037654842,0.2986146011071942,0.35591532456660957
4980,0.03201505969187874,0.3898722100589706,0.41860984702086823
4981,0.0564454628609249,0.32079648257118676,0.3226512099646551
4982,0.2256900768746023,0.3926288236086234,0.22087191331523154
4983,0.14849097975457265,0.4907483415013987,0.358722657702809
4984,0.11057146516813628,0.48326767413867894,0.24848715705666935
4985,0.18002866268353027,0.4702119261631272,0.46086329605141196
4986,0.3849984599989291,0.22513573992867927,0.27697393094779893
4987,0.10524690180465536,0.41400553001841056,0.2852460477726001
4988,0.1279766792756896,0.4236481974548987,0.38268256533214307
4989,0.1391981220772518,0.2695055848414823,0.334898227623305
4990,0.6658654347631143,0.3682099824388654,0.4804035960965509
4991,0.03403969602370327,0.16738622700041011,0.31421226510057987
4992,0.19555316537051967,0.5499954942379478,0.3055648137013293
4993,0.11300152656550073,0.33722577275632803,0.2606023291183382
4994,0.18027093653897378,0.4080439291049451,0.22380971315931858
4995,0.07908309669409525,0.36614330390047456,0.2827456568047732
4996,0.11812207949717136,0.35423509424493027,0.38228072828857684
4997,0.19945445517610907,0.29055725799840004,0.494517744551056
4998,1.0,0.37134003644804986,0.4362494051003898
4999,0.21346249558143743,0.20691518078159962,0.27853973512508695
5000,0.07004717649875303,0.3681083043591893,0.3538555449803371
5001,0.09203921043008276,0.40096924511869125,0.3391701009788701
5002,0.09026787983013095,0.6335030723335212,0.47713819450772077
5003,0.039993530914825534,0.27132513826935994,0.49903340182862066
5004,0.09789650534533063,0.3386949243689967,0.16526307220067027
5005,0.20247374715295402,0.49033787790913924,0.5101831624261085
5006,0.05391986247754199,0.32797139955946536,0.1930794943416303
5007,0.2529928273356207,0.32789002664281874,0.36631587915830666
5008,0.17062857655736627,0.3986826894696583,0.15527701797621035
5009,0.07528709293748298,0.2658954428909931,0.45778323165170987
5010,0.11099291222237694,0.4960306154760271,0.30112071235373933
5011,0.3747560174578303,0.5337026591198335,0.41421432942106673
5012,0.20257589621269437,0.4767011376407851,0.3061718654927098
5013,0.12282351346028715,0.2952460676372552,0.45192886948178024
5014,0.10408652538474021,0.41351907684177047,0.1856905944040973
5015,0.1286080072178279,0.31174593104200166,0.40601578633743096
5016,0.08689395817830273,0.3600757492801134,0.38291920561964643
5017,0.03394559036871204,0.33787640666901836,0.3780258604888389
5018,0.5163707468172,0.2584511270376883,0.39436489493737303
5019,0.13569548336584464,0.27891790964616725,0.47389035044615657
5020,0.16034971860412536,0.2485787700150669,0.4539646619955131
5021,0.11741182771644153,0.27283131945796124,0.20542008664458733
5022,0.0752447022213007,0.2562201323568467,0.3486091515428671
5023,0.10774308715085999,0.5192118409905817,0.3757412219066585
5024,0.04461650118159611,0.36790530136399946,0.32909457407394554
5025,0.6123988763426614,0.29289393408173986,0.3530253255902249
5026,0.05521744014820383,0.4258559893268532,0.3901277909490226
5027,0.06246102965551059,0.22877786660521607,0.4242765660833959
5028,0.0910488605550371,0.26543056044537566,0.4012038017589272
5029,0.30003587577617913,0.47483749496072336,0.4378874709161765
5030,0.12330066196574378,0.3213273650846119,0.5986621687662201
5031,0.05516364304782135,0.33635515038682007,0.3144034056305649
5032,0.2928967704666333,0.2915754773916287,0.3219630502331266
5033,0.2022141244196543,0.44527451916094557,0.41751535288099295
5034,0.1767471649263913,0.36129373679506166,0.33568810968217333
5035,0.2000600989525301,0.4561248664787747,0.30110904512554076
5036,0.6669584460273077,0.5023355172444739,0.2896693197961831
5037,0.5727944883012132,0.19485948051235163,0.4082848206936519
5038,0.07760838684157906,0.2580882521328957,0.3870915126086881
5039,0.3817117710275465,0.4023442146102721,0.5818994151125622
5040,0.15869734952223352,0.21001397581233788,0.2374318829654793
5041,0.17197606773169227,0.38811030337173397,0.2394995529666058
5042,0.04234491864559662,0.40222559262133234,0.34334132477721424
5043,0.10886844337775839,0.24293814830362662,0.2586868598105089
5044,0.0716225331418166,0.37270471987287457,0.17720857900548148
5045,0.2164925885904193,0.44862469161376,0.2928930808208577
5046,0.25708229787927567,0.2970553564020022,0.6309890743465624
5047,0.034478537260509194,0.3076387361297519,0.6879899119558038
5048,0.12028953790832568,0.13687410208393178,0.3977809576241653
5049,0.26652528210565213,0.3834367080037794,0.22983276205283226
5050,0.10768877416151641,0.18809110439886073,0.2589331086196986
5051,0.20193947474033538,0.12658124115766742,0.3461876333548567
5052,0.1552278264855997,0.37381531671494844,0.2848823840828394
5053,0.1542130539848148,0.42199313608732225,0.3539933330798227
5054,0.10178453058428209,0.24979826670730787,0.34081723896096805
5055,0.05581582507333489,0.39750957746772875,0.22056253092266115
5056,0.05912379954961368,0.504731242845521,0.33092415382219265
5057,0.19916684824846193,0.29601240460063966,0.38834746653772656
5058,0.12371476324557283,0.525779156852241,0.29760270646003195
5059,0.11121769142791717,0.5926612347173524,0.44866313100672084
5060,0.09203133835073704,0.3832226447588758,0.34216453821504555
5061,0.09952313297363315,0.45129417770648717,0.3223688002933193
5062,0.2527110869979113,0.40408381946659633,0.3428376864095619
5063,0.09756356490519769,0.31710031069057926,0.28133010686453064
5064,0.05182081053690996,0.28038047773517705,0.3816211517897612
5065,0.20401767570460486,0.49097154303789287,0.25210277378089146
5066,0.10638791422954766,0.4095077111908011,0.6702935868167563
5067,0.12471983688089894,0.26444854452954764,0.6084447120951981
5068,0.3772595362295254,0.3706505564843452,0.32794813993595845
5069,0.12040944787073533,0.31900313141363074,0.4011046250297976
5070,0.148737339228893,0.313866559052351,0.40508646979270724
5071,0.05709863203550319,0.4401770398084966,0.40415759883194635
5072,0.10534328212931665,0.23158121242701293,0.41524807025305044
5073,0.18572936452309002,0.44785090957011586,0.424196119720304
5074,0.04574892681885027,0.3278146768595147,0.41629944637964744
5075,0.1399863841796786,0.3369941143080631,0.25856256391063376
5076,0.13074156979908305,0.3092398594606147,0.3862175145142478
5077,0.12555939890686532,0.4595199970260966,0.2623017861385174
5078,0.2509691679655719,0.3525389307145796,0.3955226778686525
5079,0.15344682444814994,0.34371579463955115,0.44729899752923963
5080,0.34374418762987585,0.5377780100283246,0.37803131898350617
5081,0.06396005565900635,0.41326244250313315,0.4231976808395218
5082,0.13391018358933918,0.29926152537148737,0.36028396102473204
5083,0.12929710674855038,0.34513452859416927,0.5793030154349285
5084,0.061044724872179996,0.4156580048871099,0.382181590766437
5085,0.2370004598384489,0.2712507358665596,0.24667029479660374
5086,0.633968476101758,0.29242980409948527,0.2866022125776533
5087,0.12069908337047226,0.27744812104543753,0.3849836648984196
5088,0.1726858401779292,0.3377783014901026,0.49862574896962886
5089,0.1293016530400987,0.2961132135379573,0.38116772933066523
5090,0.07628578010635438,0.26404054029188145,0.3609669115841956
5091,0.039448840836400594,0.21023443780279613,0.229463965221552
5092,0.0766675686891642,0.5080568182030819,0.5868228075083726
5093,0.05029053873033484,0.36669962592532107,0.21211507831834275
5094,0.4044128140161557,0.5081164876100286,0.19491737776681933
5095,0.11297819495571197,0.4195849531296122,0.28816075814426045
5096,0.0968779702632975,0.22146446790996693,0.4039044702273906
5097,0.2260206455055535,0.3340023218956311,0.29502352286485156
5098,0.059115836936525085,0.4086576238698108,0.2742084848292609
5099,0.07373965965784769,0.36693141715081545,0.2552479494407872
5100,0.12786387980269545,0.5233193991092786,0.5664510664496993
5101,0.24948070906688258,0.2662489176366049,0.373429716034521
5102,0.17228584184421833,0.22923767264960868,0.442064446781238
5103,0.14461869578096362,0.4859381138511166,0.6131517486426156
5104,0.12874000234137825,0.3104224670233916,0.6078363295487118
5105,0.16058157276311893,0.28754429188525293,0.24845724084578752
5106,0.14006384412749348,0.40596415394064905,0.3636565311890525
5107,0.06253787345895268,0.361531228313346,0.4281179443594547
5108,0.12596832070795883,0.23423208761930467,0.3479097194302928
5109,0.060878887950404116,0.4076293186837029,0.26864944295735915
5110,0.12899982698378867,0.34343992977089505,0.11801194941878201
5111,0.08867501464786277,0.29091344592075835,0.5033595131101141
5112,0.7413113638000851,0.5872231265373961,0.579180005281281
5113,0.11884730771406016,0.4899165483701752,0.4217131559693639
5114,0.049929816759207685,0.4736706987747941,0.3336207443274549
5115,0.11154128273308093,0.4042123201488118,0.2802218146435216
5116,0.1744162371300594,0.30799079840500865,0.35024628309909434
5117,0.3955545157443943,0.32907531059971706,0.5019294866597477
5118,0.08262197195400559,0.27072298226427843,0.3989274754174019
5119,0.04504860373722974,0.22027464392316262,0.1493840354652653
5120,0.21478882776767977,0.556265481784092,0.5412193942787701
5121,0.050627124424559335,0.6791941562938115,0.41445849614657904
5122,0.0912940522541029,0.2764617851839884,0.23336213779073084
5123,0.102714973918866,0.336271768451443,0.40378485501735184
5124,0.11648763602178624,0.22844084100894962,0.3589544244849151
5125,0.19636873570646393,0.6134504788898333,0.3585443911607006
5126,0.07776173492463233,0.21966092576221066,0.2388627474221155
5127,0.10162147297878743,0.2947789956885979,0.30889794520353436
5128,0.12092252169051597,0.44457129790642397,0.18984209758297693
5129,0.13516579165745596,0.26828817762997004,0.4864504537067562
5130,0.13047801002275494,0.4322593075122661,0.2521381657564671
5131,0.16460849985819073,0.2200804755281167,0.47215109830462665
5132,0.2189125640854759,0.24301163576031384,0.4065723343218757
5133,0.1597394226377529,0.3681442984051347,0.29541641438651606
5134,0.16662700050968424,0.33902431930260746,0.2619414158757571
5135,0.045053852877309127,0.33562448343797274,0.35912220379896764
5136,0.1263235178792246,0.32488136154851405,0.46709097125348775
5137,0.16965166246313743,0.3037887056783993,0.43136054499409904
5138,0.20192212539791493,0.3831675806125614,0.4005888109603062
5139,0.07732880738339319,0.4770571989886879,0.31895499156359397
5140,0.07899847037832487,0.34760162239230846,0.4317797953930472
5141,0.08344678808596272,0.508756109393141,0.19515137936942262
5142,0.1764986505680736,0.3479877662897869,0.363262377312882
5143,0.2503865437374298,0.3844131093934911,0.3370947808344483
5144,0.0930295002379164,0.3087149848162652,0.22063848729575053
5145,0.2290416730411872,0.36891290028782053,0.3000129827442874
5146,0.1327783868785696,0.18174658769329194,0.5547472387778414
5147,0.11228427114663646,0.18585916445356337,0.40128541181247734
5148,0.1059269565211162,0.5553814437055938,0.44767630713562034
5149,0.20444203737111571,0.24819342554210594,0.29053057528126097
5150,0.15251227314106494,0.4452656285299835,0.1847341342605443
5151,0.6118375369083705,0.5358785304277758,0.5259248630255824
5152,0.06986395755304382,0.2761284902350087,0.26339741777544207
5153,0.17426379074600784,0.4078380559731724,0.30199460008275286
5154,0.08591361936563766,0.3572553455771879,0.21043189670384782
5155,0.06911818021666608,0.3993240304662514,0.5100540337268119
5156,0.12120110908822417,0.3370858703615368,0.3728978163252631
5157,0.13404071362365788,0.4506549369473857,0.32220436800253355
5158,0.9777008261875987,0.3728069772413337,0.40643900023426327
5159,0.1078712482908529,0.21577876656485193,0.29798236583991733
5160,0.05881309846015642,0.4731892538461653,0.2752984485215
5161,0.14709216318297988,0.3249878787643547,0.2241591174806426
5162,0.03447580052244045,0.6113913226683118,0.21362652922913833
5163,0.11475017094258183,0.29628234845066437,0.4651992944518626
5164,0.12342736739284592,0.2129847753782938,0.4923003585719924
5165,0.2114542271802681,0.31797603558117377,0.18352905475688525
5166,0.23992368921131652,0.33999281964728373,0.3306875659353223
5167,0.0873590095871514,0.49411722753100296,0.3475999621971303
5168,0.11031919730556031,0.5244733541288809,0.27104289001442716
5169,0.07377449037581248,0.2625456307904404,0.25590434165815706
5170,0.058888938634285494,0.26345031345253095,0.34714382951223566
5171,0.15087310176669888,0.3763902503443773,0.26670990384411286
5172,0.053940680827851174,0.34482179712428906,0.3396014333072217
5173,0.09259260644530244,0.21642905777411364,0.2326663295196264
5174,0.06389732014281732,0.39009201472395716,0.2772763909648175
5175,0.17813708487049604,0.3205817838268564,0.30733722162536703
5176,0.43382773053748336,0.2943115990645528,0.3015716270417563
5177,0.05304811642747762,0.5371950861559831,0.47541300994096514
5178,0.038763971990666175,0.3559457517437184,0.28027572005619955
5179,0.11223897767006871,0.5807184542237109,0.44815335355889485
5180,0.12339998955960853,0.3454092848026532,0.09983677312473382
5181,0.14170535530033757,0.32282752505492485,0.33637193499566964
5182,0.0906880681815704,0.22833881828101066,0.15494789896243483
5183,0.10668925937435318,0.29588470415296436,0.4874739950622837
5184,0.15698957337121003,0.28855670258117305,0.6077707195289617
5185,0.2515521631299378,0.4814126125591256,0.3322932647553084
5186,0.036702311710807616,0.251364344773556,0.5594098757547249
5187,0.09541785146504435,0.5083502617885471,0.2575418225781484
5188,0.14123506161252936,0.21428076499462922,0.4533892080547902
5189,0.06704106436263654,0.42496160696799073,0.4355744937075008
5190,0.412381846491207,0.27068354050837834,0.319972068309
5191,0.08020803400727114,0.42835211965621334,0.3351889517404034
5192,0.11873519122873352,0.3416078484355716,0.3730764335595411
5193,0.17892548118879803,0.3618532511562102,0.35872474196744664
5194,0.08252414582380227,0.24314137571720865,0.3744489111717879
5195,0.03889951059653398,0.45025897902659234,0.626948906225271
5196,0.09174414527797801,0.28216487131631374,0.6044875436384833
5197,0.2495995119169486,0.24529175492484043,0.43591106470465846
5198,0.09745717586201316,0.5267796284055324,0.614946983586697
5199,0.0701191942735443,0.49837198831172086,0.2313527319866247
5200,0.23192492553192,0.4627593995730865,0.43270425084443587
5201,0.09785220040792333,0.22285535036181717,0.437658042008383
5202,0.08698470115696469,0.3054668336648801,0.2938653098376705
5203,0.1351526988213063,0.18837479424114018,0.6298314625468033
5204,0.2079381062006649,0.32592123946037865,0.5433574662188302
5205,0.6608438027737331,0.3985002620952962,0.39704728422722324
5206,0.21636719926992026,0.45117182434280484,0.26562687173622657
5207,0.2738230886407668,0.33215289015044186,0.19566028746118408
5208,0.08722269860199816,0.2587155490228834,0.236693985273073
5209,0.06269639441114525,0.35320810194321245,0.5465817392756076
5210,0.12736609727749493,0.27374258128462675,0.30771184444070393
5211,0.13131076194587507,0.4860342135043987,0.47637777280730365
5212,0.06069908497184409,0.5188053756783718,0.37692208929043447
5213,0.10851153845785788,0.3064865145704174,0.15978925306247688
5214,0.16047959339485393,0.32150936833170046,0.3089458815231905
5215,0.15621984367760391,0.38973074022429377,0.243217317323918
5216,0.17259783916751292,0.33488727124651013,0.4339029169083293
5217,0.14891972139344806,0.44704538291081314,0.4410245347260683
5218,0.08716348166527192,0.24787973362863053,0.3167306973767349
5219,0.0867731304706518,0.3775681064710646,0.5318155474725752
5220,0.05641192824447358,0.27723004882600666,0.4666987653810132
5221,0.42864278599993694,0.32314389590586023,0.2922805677404597
5222,0.1232122833083828,0.36577206504926013,0.3982309805276668
5223,0.10497992457316394,0.4513016283157019,0.25799192980153207
5224,0.06658971441666511,0.3534173281086149,0.3013770576893823
5225,0.9902934831236061,0.49134476166065677,0.40596210271102917
5226,0.06089235500653834,0.3800270692693147,0.3424887370252083
5227,0.09173250897808936,0.7551843549632118,0.20500054533604734
5228,0.16232481411676608,0.44414505221548384,0.3828563415445313
5229,0.1845256163748756,0.23728517336058752,0.3031228005448369
5230,0.2372750422308583,0.378151480289233,0.25753835198639347
5231,0.4357674553129092,0.3790439752165301,0.23141470720310003
5232,0.17282234249443182,0.21269230387064403,0.31584572509558734
5233,0.06154253098850795,0.3154779444582993,0.36425660477480293
5234,0.10276110419766206,0.35869749248250365,0.31198074386934793
5235,0.15065895302808077,0.35194620605705057,0.3700918370442988
5236,0.526215058301967,0.4171855556906052,0.3088383343235807
5237,0.050118389511406417,0.44650173152287564,0.4037398821741547
5238,0.28228413594078794,0.26557526354566674,0.32062664056941664
5239,0.13799542019125194,0.43461028490981596,0.18804794322448182
5240,0.2179877534472176,0.29843525970604706,0.22264295613298873
5241,0.11397820341870663,0.4112915991640329,0.28279184767119403
5242,0.07029622685365206,0.41409222914382243,0.4912331485160588
5243,0.20505469608102245,0.469607770158775,0.24344400219523643
5244,0.19165132503107377,0.22745335396088184,0.38012885226718607
5245,0.2396580724852293,0.32578911042464964,0.3817232503257908
5246,0.1210015041099367,0.2792743997616025,0.22118795632304555
5247,0.0820701107925271,0.46283504587688634,0.3080275646746139
5248,0.04565979697276035,0.43411209233773884,0.3530107845942071
5249,0.21517266116074532,0.4773198570538011,0.3070419035294495
5250,0.16323251376491876,0.2990103740969686,0.4007843215041136
5251,0.06507311376239489,0.26672449167117973,0.3961929852830376
5252,0.08539188757288582,0.3732349533452937,0.3593806553732064
5253,0.08948335853521872,0.43689433519452925,0.44487524246815435
5254,0.047693197226130885,0.238140292019002,0.33575419602916334
5255,0.07140289058093363,0.3176754311065597,0.3484542585255265
5256,0.05868250909561458,0.3660663003241312,0.3674010344760882
5257,0.09272330057180342,0.3901715953289789,0.23112599683531038
5258,0.07507317806676926,0.3311943490049867,0.4023977450298919
5259,0.04392482950584525,0.4117730869963858,0.2744903734380709
5260,0.5090919774585296,0.4336644978926872,0.3138121849873969
5261,0.2925213539912952,0.5360644004161008,0.3983610031574305
5262,0.07317270215249763,0.3424063566651747,0.3864323599399706
5263,0.14703258606147868,0.45631635526520864,0.2046598579267313
5264,0.1625079160607981,0.2999257296300485,0.2053830703935915
5265,0.27998284288872144,0.4279777070795218,0.23989290584528866
5266,0.07136127216344618,0.33952212874182947,0.35820334594846803
5267,0.260949256822282,0.42893488310076466,0.4977704509753399
5268,0.08487602124687835,0.3427743385972122,0.28705424600491747
5269,0.05198050388105778,0.24928342554279515,0.24465512077965373
5270,0.20124262163463524,0.3358062510771663,0.24505066986077756
5271,0.30061124141505324,0.45706484137691494,0.38529647137309
5272,0.7680268975848346,0.29858905580386963,0.4657715235876614
5273,0.056385598010418994,0.31931290301310217,0.4580714844071935
5274,0.19771561618015457,0.29920891492683244,0.2687263479721968
5275,0.09288652775207194,0.4087454387712524,0.19710260040661087
5276,0.2097891888558107,0.4404956158353143,0.3452144171320001
5277,0.04803945519491252,0.29887579264214753,0.5230814743699154
5278,0.05429040886917291,0.342288568070508,0.3846766674708375
5279,0.07331888559156932,0.26896468049809374,0.2097175023258741
5280,0.1288141117101263,0.4000006745444324,0.32899466322554155
5281,0.07991579047815149,0.3055082485197114,0.23872016428617848
5282,0.19227228137174276,0.4339116179165274,0.3728109940386801
5283,0.24914943591675812,0.5628636666455636,0.33156434252323425
5284,0.18444378736362727,0.30086973195765504,0.3077378187757202
5285,0.380314259670352,0.12565595139628602,0.2728492402411366
5286,0.16232366702381706,0.27179270108273634,0.38398510613677106
5287,0.055805214078413226,0.2608858874476022,0.48200486878068705
5288,0.31662765077722876,0.3906771028169073,0.5434415114661232
5289,0.08178787394834607,0.44115284670252997,0.38250329047811993
5290,0.22943929882620132,0.3213399087119723,0.4926930170422871
5291,0.3681886920431394,0.3753305766095611,0.23858517528784212
5292,0.16698596017879508,0.26326521506891176,0.30144900901376886
5293,0.04733155880165705,0.4240761506859396,0.24317205851250562
5294,0.06703117491730246,0.24739201580523337,0.2863948636500237
5295,0.3075600710663157,0.393653234520239,0.23733293648005765
5296,0.10896048882760742,0.21150248306738062,0.5450332706099118
5297,0.1288675119665073,0.3891040092236875,0.2977142020661421
5298,0.20620307094187212,0.22609652980150236,0.3212098016847251
5299,0.19735612931531155,0.13011220762233314,0.19490044780131766
5300,0.14767879192429914,0.25059034314313766,0.16100184718091648
5301,0.10611906220504812,0.5932017745640278,0.5558861803955469
5302,0.0990313916172872,0.41594479470986695,0.31115647525009377
5303,0.22109249132579387,0.4764460692993973,0.6535589654494696
5304,0.17862000695194957,0.253158610589431,0.32026777963958847
5305,0.10273686166519164,0.3579175390675325,0.21895945417393625
5306,0.2591036652077178,0.27712524201000877,0.33848390289057373
5307,0.11192703232516048,0.3006474222936359,0.34415422763442416
5308,0.06988870310674002,0.42694761316572993,0.35178412230867484
5309,0.07411056438543347,0.4158486314326214,0.32874999028533836
5310,0.06455157137493729,0.449054519835561,0.19739911176964153
5311,0.10171053671072001,0.33725417775946276,0.19575548595607306
5312,0.28862154906886683,0.6062125887319568,0.47781444476149104
5313,0.07197352689622565,0.3989782284660469,0.5982999636219133
5314,0.1388060692930683,0.3274989011447152,0.3062513060352569
5315,0.07911781617304588,0.22495095101855342,0.17367343994194218
5316,0.10253156129132707,0.37380925458145664,0.48333032978809165
5317,0.04695427976917991,0.2503659366584096,0.25296587821789307
5318,0.10528228582594971,0.2704040950562504,0.3748458575204551
5319,0.10718441524183588,0.47865027650724307,0.282947905437595
5320,0.17697533963311504,0.3049237029246423,0.28583773036463683
5321,0.14215502749197936,0.40711170480283315,0.25159308190582935
5322,0.05643096646599622,0.3570478848424898,0.5106730480705322
5323,0.25948772989469476,0.2984362733588333,0.3870485268680687
5324,0.14089620150741905,0.3331874400306392,0.3729303232277391
5325,0.1397515892522143,0.44953916749675915,0.34023620799069554
5326,0.12133928532106118,0.16328938816650435,0.37920030386333814
5327,0.08655555259376371,0.5123494549855188,0.22386714707042932
5328,0.14162214312211346,0.448849938235853,0.3954704474927514
5329,0.16919063835261858,0.3265423789933905,0.4841272126127317
5330,0.041079993806126994,0.5487350439694495,0.36028439609455054
5331,0.08538150583265978,0.4465949482506948,0.43819506002115527
5332,0.10289772257209727,0.220327539977765,0.2943801235597087
5333,0.1453999114123041,0.5273318938690845,0.3820341018921699
5334,0.28042695965536146,0.4482996557384844,0.29628981113574376
5335,0.07351158202026274,0.28041538841720115,0.18717623045006804
5336,0.08767891039268659,0.4537765139107345,0.31155041528692773
5337,0.08685036988376615,0.38982856702539814,0.47264552340641386
5338,0.0721362309748772,0.46596665355259664,0.21160705763090137
5339,0.09679694816686214,0.30912991158879016,0.5455524421428566
5340,0.207945706551758,0.4221444733556762,0.28033716839552864
5341,0.061625645612456335,0.3329880715508449,0.4002684694094014
5342,0.16367689645087702,0.21821244304582918,0.5284562458065358
5343,0.04211816054118993,0.32290282415784344,0.5758991354191717
5344,0.0841396670404463,0.3490564207384821,0.5419400560106036
5345,0.09793540552642445,0.3670679308275273,0.26102166118224246
5346,0.3959809168102472,0.24376248418681845,0.47510530520058725
5347,0.10154909353472741,0.24654401751546048,0.2763564040525634
5348,0.032323814375466296,0.16132994500310893,0.24485463263373136
5349,0.035863154512488414,0.5862685479416981,0.2770007468762581
5350,0.12494277771146214,0.2995793916283029,0.4918366684636526
5351,0.18628077864869044,0.4376311138312685,0.28818925031382203
5352,0.15785370203907434,0.3462901635804819,0.25919031514929414
5353,0.13683558506610177,0.36545341322823444,0.5408978398982548
5354,0.2742950206463862,0.313504066343191,0.3217549004873098
5355,0.08533546290537063,0.3513984697644858,0.4113832069406199
5356,0.22694083428832096,0.2938716326799462,0.2447007413150814
5357,0.04380083046216098,0.3286101854468257,0.29548873950357496
5358,0.06758955004648928,0.3563991935846609,0.3149333962256368
5359,0.039745094168211856,0.5011509945720594,0.27776393335041777
5360,0.10154619457513539,0.6283073380717628,0.3274952352326396
5361,0.11833774945991858,0.23064549951245972,0.24930357639429646
5362,0.13193232803262284,0.3565254549463706,0.3281048268382657
5363,0.12732734131577203,0.4291937457438578,0.4745654341651582
5364,0.06664122446016205,0.42909791809032893,0.18524082724822283
5365,0.10743277327340729,0.25437571127469827,0.3222161220318367
5366,0.04729639575024167,0.3332366874826747,0.2871316472908514
5367,0.316594230132626,0.37191927240355654,0.277834732486093
5368,0.09962622050996235,0.30235201099340364,0.5959785809395899
5369,0.08819946427535902,0.3480225346433354,0.5178876407859297
5370,0.3722361281872956,0.5206038088754403,0.28628446140100944
5371,0.054961769937617,0.46910373979166786,0.2099008171219709
5372,0.05897780511030795,0.4565277914771975,0.5288612753746278
5373,0.06004456204481938,0.4110548029723363,0.38106414104175756
5374,0.11662600694119085,0.3127627150959136,0.226336269139994
5375,0.16411032713181747,0.3047309245592557,0.24738582508399048
5376,0.2034489922679683,0.42238275010678655,0.34755996422421775
5377,0.7591601271063163,0.3772963370172642,0.5644551275018485
5378,0.03155622761074542,0.45733246443357795,0.2982182764443227
5379,0.1856268729202554,0.285008180894609,0.38727139234184826
5380,0.08436952334622033,0.2740840660138301,0.27658232086001605
5381,0.0827844146672151,0.35701604097893064,0.3896377041689095
5382,0.08102021941185852,0.5060411897329616,0.1884657132578908
5383,0.06742810373473425,0.26463125746697264,0.4095381887244516
5384,0.39874766045333515,0.4924452919959513,0.36273477011523114
5385,0.21867482232363863,0.2786872973159977,0.25500092530034674
5386,0.12402850268406147,0.38584715609143205,0.07930660245098536
5387,0.31384028132601816,0.457410464429279,0.5445184488439428
5388,0.04688707904855204,0.4561739457256471,0.1802546575597186
5389,0.052139422549898076,0.4416043346806479,0.4914528289842558
5390,0.03270448175704779,0.47074573285919835,0.2548755720576425
5391,0.07698000889670187,0.24941698248222452,0.3787214238205857
5392,0.13628761273031778,0.2462268524579414,0.4065919246518057
5393,0.13092576177672705,0.3006897703130586,0.5490986991413332
5394,0.13514216239522825,0.3523847011543963,0.23234733987576178
5395,0.04973099061934843,0.42725898502791665,0.33194505105689043
5396,0.2127305493327275,0.413622285436397,0.24268812757156372
5397,0.1437579088796265,0.4684370278690954,0.2357432763428936
5398,0.20250574759649317,0.3471886935440026,0.3462543213552126
5399,0.0379423454544242,0.46300471003877086,0.4348535892583283
5400,0.15103905409550336,0.32040528773855687,0.6878565284641465
5401,0.05679421721904839,0.4069551060264339,0.31309455443022194
5402,0.09365142002321922,0.41782154657496795,0.32868438267202493
5403,0.17624707916710572,0.3348709564404035,0.33560057100450147
5404,0.1298813818818032,0.4736870363546309,0.35400189476158306
5405,0.06989408036232891,0.2740686063354684,0.36389593449509916
5406,0.12261492576005988,0.1881499966447802,0.22631953065637245
5407,0.04637772934482592,0.2453660211131476,0.11273607962882082
5408,0.27196428602546685,0.36450989328933103,0.30801159948215373
5409,0.10635899439901991,0.4919589273537944,0.5972663396168978
5410,0.2658986095097857,0.28140729712678225,0.3440062323418759
5411,0.08606287095891534,0.37162946538065683,0.32211354196484243
5412,0.08622847909447127,0.3862154357940426,0.33379938529780295
5413,0.07386521994574256,0.42415871227772095,0.2665050528576033
5414,0.22396018829795744,0.28784519374492235,0.3256025025859461
5415,0.07648851730584713,0.353701147659518,0.3410303305444319
5416,0.19033735302200444,0.49008127005925195,0.340461434754029
5417,0.09457226278240241,0.3032197347531338,0.3482598777866307
5418,0.03629858491274951,0.35819505989278316,0.34729383208074793
5419,0.08365167887718246,0.20003868749581372,0.32953351120813923
5420,0.057092251771751625,0.35082689447619453,0.4739770520604627
5421,0.12493202900165011,0.30549004262251245,0.5865187330235478
5422,0.05670362385294752,0.2872221618754029,0.18400742040692913
5423,0.23197456690621548,0.4513884026505301,0.279921384235275
5424,0.1148181922976879,0.44056591535675926,0.1465575996386972
5425,0.10834465001923159,0.5851399365397741,0.3925168061360256
5426,0.19184733689701922,0.37899289607087955,0.48937598488282785
5427,0.23828003310470608,0.4635994174100524,0.3482529428318445
5428,0.12044703486644916,0.2809869219947604,0.3494213250108479
5429,0.07353682036264263,0.42597191627811587,0.2779700787702408
5430,0.04047174777494047,0.4934221354632636,0.3567149738317531
5431,0.07764148426168715,0.29818191449058945,0.32818081690723644
5432,0.08115407041703722,0.2743798679923349,0.4669723934075656
5433,0.13130070351881093,0.15756398363326626,0.6102787645376702
5434,0.09692739755065352,0.43242399160701456,0.5343076777198508
5435,0.19619939750527243,0.22094130630990763,0.6486580551315261
5436,0.08137575096319107,0.5103758339658225,0.4114092962645097
5437,0.11748044836116843,0.5643460243529353,0.37366800434881997
5438,0.2785709506584197,0.2758875221588321,0.3344715090720404
5439,0.1542306065690155,0.4474563783807451,0.37768075996449835
5440,0.11724336629061749,0.24485338616394337,0.37377539438640006
5441,0.08195767873430458,0.35863739179955284,0.5002997024518043
5442,0.08032061645234152,0.37657410337630026,0.31748295461661563
5443,0.06993487744108685,0.14912754907383663,0.23555483503709007
5444,0.08525703369197773,0.46054624799163296,0.3329124723548385
5445,0.20574610051412653,0.2516241840274164,0.2462647151721965
5446,0.10518757792689808,0.48159820948091014,0.3136746724820276
5447,0.051554864989625304,0.5996459190090443,0.18138313980311138
5448,0.4235364040207744,0.4005974926935181,0.3400494538002917
5449,0.1519234622446293,0.412811796801353,0.24989320944553345
5450,0.04985083918814476,0.33669049908424653,0.422816521966919
5451,0.09095407761335543,0.4065153530669564,0.29717351966688216
5452,0.1316436274548893,0.4968184160134391,0.1674921502974872
5453,0.40455566706924617,0.5279958800143849,0.29438645720335077
5454,0.05960978284714903,0.2277421692261304,0.3272758512945202
5455,0.24033469035687313,0.4156530029255079,0.3731117544894439
5456,0.324918012193746,0.23671268180742733,0.39645517476316305
5457,0.08055774911479394,0.5127342506191195,0.25671898614516514
5458,0.10136646601753706,0.4793557506312523,0.2607490065829842
5459,0.062294055180749354,0.40312955156063374,0.33305337578625693
5460,0.1064884757259414,0.37922828391810226,0.3698372538695598
5461,0.11911271783817348,0.34726974190641585,0.38950939590054967
5462,0.19235243805916818,0.5404430341467479,0.4492810370159066
5463,0.2605930343223395,0.24838214843175457,0.18499602260411796
5464,0.07462511925859049,0.3201129230246295,0.45176722380673895
5465,0.03646457757019682,0.44519662105887803,0.4321049178288716
5466,0.12035378170222902,0.3880287003179351,0.43612967770358735
5467,0.14918360352012036,0.6000492316068012,0.31285377991719543
5468,0.1447272149240751,0.3303805374972403,0.36423970230430414
5469,0.09811794017920127,0.33429065350450876,0.3918773416931379
5470,0.1328936185866979,0.34761977887244905,0.31675156031983404
5471,0.3530887054197805,0.3534486783317036,0.44929243867785085
5472,0.1585401183272744,0.41468731811612425,0.22412556291052038
5473,0.09513977089348759,0.5212855420932443,0.41959339090981906
5474,0.08755119819246193,0.49205588084432733,0.3921027185918642
5475,0.10890730434589581,0.5021963627928782,0.5286493917447613
5476,0.3852596343741511,0.2810856878113641,0.5936635809442624
5477,0.10793220125915687,0.5069360383125028,0.31600264343868506
5478,0.12047181801672498,0.3616694679537736,0.5314097555435877
5479,0.08857863198225431,0.3007187783192944,0.369772013956992
5480,0.2622270410233635,0.13401582344236537,0.3730029888653903
5481,0.48647068881883276,0.5550448703571771,0.38039622274628004
5482,0.1662838553748187,0.4625506366068949,0.21126089066776244
5483,0.12914821915590619,0.45089323233952294,0.4739348541358338
5484,0.12517630110386832,0.36467603375026425,0.20730174269490603
5485,0.02954778680345433,0.4868205749656111,0.3932661239139138
5486,0.20423250692618947,0.4092026406530096,0.12795098343783512
5487,0.13374965463305075,0.4995986291642438,0.3133985291041232
5488,0.16373673660596094,0.5085490249430178,0.33503751636239143
5489,0.07638930249271361,0.23761627279667735,0.40961703870111466
5490,0.0944475484842915,0.38750164798896214,0.5185320958066266
5491,0.09281189569473827,0.4312958172045604,0.32811708275414425
5492,0.2482201962160134,0.4116484808955974,0.21875836142703187
5493,0.09480249027633417,0.3741024045992789,0.2903212746642134
5494,0.5317524128472149,0.3199638150010957,0.3621467237813709
5495,0.1640228880520261,0.3270751592596953,0.35301566057629896
5496,0.05387319400761252,0.3500051519847202,0.18030099257308657
5497,0.11196367554869768,0.621096392260628,0.28408128418736567
5498,0.07937316812572294,0.3600482220113529,0.28208703085162057
5499,0.03243534343588323,0.2700206610570717,0.31437054022285676
5500,0.3750658813742516,0.38539335805898406,0.4048516989679196
5501,0.19830167699517717,0.2749845689398901,0.2582701113880331
5502,0.1761051226929769,0.5699626389505807,0.4646357450702545
5503,0.13663312173333605,0.33098840018330594,0.42197047097978024
5504,0.05058492896009438,0.23267012872381368,0.15515899517412718
5505,0.08850328298805402,0.3066840865409807,0.29326662157268457
5506,0.21859525162406,0.25962403411462737,0.35940832783781396
5507,0.06172484397061301,0.2586249227565679,0.5273460523645241
5508,0.027569486545725573,0.36834609901137877,0.22270563015378525
5509,0.1048224321938537,0.42916242180056413,0.18139413539543647
5510,0.11097595405150205,0.4128789001357871,0.36070111265607285
5511,0.13387719147684565,0.5059169793705288,0.23894548384332026
5512,0.2018622684812705,0.6299683795959904,0.32836185401716855
5513,0.18940937903358138,0.20036874202759186,0.2637042043830621
5514,0.14565972941454683,0.34980901591311164,0.4453014511332889
5515,0.28087085389326444,0.19444797396973718,0.422488907445734
5516,0.04671366928435675,0.27757203761127075,0.27513567184102855
5517,0.17263311390752148,0.2543391133958066,0.5273683054093873
5518,0.18794979263807618,0.38360198312568866,0.34302073293246793
5519,0.055050333824761495,0.40865816366674795,0.37289082304524146
5520,0.04714866992710853,0.2829137077649043,0.26990635619873843
5521,0.0747275291811202,0.32107416327417865,0.2630131043371678
5522,0.07887162071973364,0.35497906561033943,0.530669472738986
5523,0.20542175299714263,0.3642445396130879,0.34874561843119245
5524,0.08129413122087473,0.21823293494186927,0.36111568485913226
5525,0.06968284367841052,0.3590746419099951,0.28417958657294634
5526,0.08144663891212911,0.24139801020031462,0.366276862299173
5527,0.26591418218172286,0.40611627002943596,0.33807386394279393
5528,0.1231783247028422,0.5125026419656585,0.33421543404969933
5529,0.10822481263027632,0.4113650677853207,0.5483694745133114
5530,0.11336623372458009,0.25092182028368076,0.35070431336486774
5531,0.3008908773576086,0.4315658317740839,0.2282738148536524
5532,0.07457403750543436,0.3255025810193699,0.3925341921280596
5533,0.3059736208212963,0.1871672240239221,0.2981796070831717
5534,0.14091485868101747,0.2666629215970184,0.2383487167931197
5535,0.10959707531680603,0.4647855511605673,0.26502323752320534
5536,0.7207978810362643,0.3131598722345418,0.46774326885753825
5537,0.06155733617733981,0.2985344266732527,0.23714842328371155
5538,0.09638257945042837,0.11794688796198691,0.24149658345750258
5539,0.055286471109387225,0.35395509009078235,0.3429330269920978
5540,0.23635884601087684,0.37254214886748427,0.30215510566733117
5541,0.4000898958681565,0.24844588862173678,0.2412472330206707
5542,0.3945752997031387,0.45797291870655205,0.4451654014578458
5543,0.2866168477504099,0.3337036173495601,0.2928387498964173
5544,0.1069045239994108,0.29200083959678075,0.21477613239064652
5545,0.09565076406208103,0.319477956983672,0.3692301420225671
5546,0.042847397806673224,0.3995562019485861,0.4315631825201024
5547,0.5140165247028129,0.3136266012138292,0.3892114497264041
5548,0.168416052151045,0.28304084228301374,0.4119539885925739
5549,0.08802294275325494,0.3860021692196304,0.40990103899305363
5550,0.3087301777796761,0.29430201262776234,0.3082599643590508
5551,0.06479148546451521,0.3659931738498399,0.2887679104151133
5552,0.1612927280123922,0.29775224663324285,0.2690396074685001
5553,0.10870517239384778,0.17075743202618868,0.3354121917849212
5554,0.18955130222125335,0.2955566843008385,0.18802783738363954
5555,0.11696426284437071,0.43971666818036753,0.22634345713296633
5556,0.04858801647742857,0.6142111161524922,0.5008874767976541
5557,0.1285177399862119,0.4788186709266219,0.4421616278017416
5558,0.2530612988917348,0.5584770588904976,0.3530544979689709
5559,0.11970730713333959,0.402582314570794,0.5298644169446418
5560,0.20857697579235124,0.3682606793106952,0.37888343503044697
5561,0.06194133693781265,0.34635125454247234,0.3391150389464762
5562,0.11994655368910141,0.5960530867994668,0.21000034267092071
5563,0.08077312976441893,0.23183997215133476,0.30725063065602315
5564,0.20449508000413696,0.40116463127609275,0.4529658777441221
5565,0.1247279298745266,0.34299077497968716,0.3999978430307334
5566,0.19649385904102512,0.5199582696494561,0.5967242009469614
5567,0.2601357385568782,0.5111395192163398,0.3387419165123944
5568,0.19670665528431855,0.2393592553706693,0.12459602701385991
5569,0.14710305557152673,0.39500740360869646,0.37917261764318555
5570,0.06377722528128807,0.37763287245087185,0.13154491534386908
5571,0.1218654390485028,0.2767974355255252,0.2873253175929488
5572,0.08569667612391466,0.20394382457045093,0.4416976112626061
5573,0.09699673913788166,0.3900370730856702,0.5534567796479584
5574,0.09506673037953799,0.4310581005028086,0.2365597942197979
5575,0.06450413693819419,0.6290615447946936,0.3807955113717183
5576,0.036657804725723754,0.3085961209162656,0.537024832091862
5577,0.07853807110995677,0.3137983483942856,0.34658314692831227
5578,0.13927270091975413,0.33990824623271154,0.2742480797867623
5579,0.05160347802111104,0.2864611314209476,0.5789494051882896
5580,0.12339868895277968,0.5256335127928954,0.4546347131406463
5581,0.4659473246795619,0.28530530854517167,0.3433571508290988
5582,0.2484725355506583,0.4989141065597821,0.1962205502113581
5583,0.3871504970998648,0.22074031422577364,0.2993450338811466
5584,0.15957311711496622,0.3284112818437712,0.2636314496662988
5585,0.2753219498884673,0.43698261956702117,0.18187393992823042
5586,0.07578183406914397,0.26505455068702555,0.5038581476946845
5587,0.07974840980338067,0.3615149167039675,0.401542750315092
5588,0.025128481887262834,0.34852104718181715,0.26549122612606263
5589,0.27899940440768045,0.2576719083650922,0.2771554280847639
5590,0.3594541437957452,0.44599223912916464,0.28931741152944984
5591,0.08458615096981671,0.29158258314819846,0.23969005978291485
5592,0.10296584641355964,0.4794827029437926,0.7563031911430027
5593,0.07435177172065745,0.35742067682335854,0.264931804106705
5594,0.1586409035412956,0.3501943877449875,0.30275768711663503
5595,0.2671078128227174,0.18158249700884016,0.2675309904003656
5596,0.041173711467575175,0.4544075465781741,0.17637761266876734
5597,0.16160743801187724,0.24915803574820722,0.21989632761912764
5598,0.10142313158561818,0.49073757367673604,0.4636939406242623
5599,0.13186877508734987,0.4331356208091083,0.3023765837578782
5600,0.16725329899667885,0.21269946301186426,0.3826450828694037
5601,0.10757919574376895,0.3036061120747163,0.3876235678009511
5602,0.1138562859752993,0.4801630609767053,0.38792770791507736
5603,0.1057510995839259,0.26618493088779194,0.2669802015186566
5604,0.23936303909535253,0.32673915927662384,0.554318159381036
5605,0.16265368559165871,0.21787798192527552,0.44533472381868067
5606,0.14189239198216091,0.45002580737935827,0.3899078064399485
5607,0.05402558808141159,0.4141810466312889,0.3638186758210663
5608,0.09481373501168032,0.34398781265740463,0.20812796652321647
5609,0.22754374907637542,0.11535245032896096,0.4334732211610117
5610,0.12525390738127964,0.3345267689674723,0.32219394432058424
5611,0.19233648496309244,0.3032981959477429,0.25633960697311314
5612,0.42303014818643225,0.30988666205495674,0.23773042684569218
5613,0.25122684691927255,0.3175117875113358,0.4533904030397172
5614,0.13006401167225617,0.4048086267794865,0.20660684041090227
5615,0.08693778845157508,0.30611381539834037,0.2950883924942716
5616,0.02729515463400596,0.38847981731130354,0.35360969714231516
5617,0.10901429225327024,0.22991904559216322,0.32053000990689945
5618,0.09816082476953171,0.33061396928828246,0.3828689621877869
5619,0.15948908940460454,0.2931323429451887,0.47933388011015365
5620,0.11007622980375438,0.18630235611505905,0.40708867236026913
5621,0.09852691152293358,0.27145764204504225,0.34313540608392823
5622,0.04035123175107979,0.39978838279232803,0.29048506105479077
5623,0.06612712938125037,0.19879623641530694,0.20367435698630232
5624,0.16931550566103654,0.3661207018750364,0.32931434823210826
5625,0.4078689066634889,0.2753857418472847,0.29752265440673265
5626,0.11432120969020544,0.43687120057074874,0.3961169616351822
5627,0.15274724103207601,0.23278308130605604,0.32176819756683345
5628,0.23636155164305084,0.2784564196153874,0.4609896825236657
5629,0.07170998251208474,0.4633028430917919,0.29108115919302346
5630,0.1569140798677973,0.2292543958739065,0.27957796220398495
5631,0.07498747828548442,0.4984357031553789,0.38362023580248716
5632,0.22217468644155142,0.26583349082248986,0.3478162541091888
5633,0.13533250159295832,0.11075675999365923,0.3785902966204291
5634,0.14968904062636398,0.41115740869760153,0.32221013033744167
5635,0.07300672971912098,0.30152813525268934,0.33895451239989316
5636,0.19884313988415045,0.405311584244389,0.30533979711910986
5637,0.5325446546319675,0.4467481576575844,0.3506090985632355
5638,0.06339563689054549,0.30454109858696693,0.4878757658373244
5639,0.09727294272720415,0.48499484565830214,0.28439833960877514
5640,0.14296907394458508,0.4965984977623864,0.2751682133675015
5641,0.2102391963718199,0.3375851416747489,0.37162454321078964
5642,0.0842374627835976,0.2752385914053185,0.31666252657756594
5643,0.02414059383210561,0.31812505799864765,0.5129684168002739
5644,0.31568061588661533,0.40104707038559395,0.4170920496898044
5645,0.20644680905549173,0.23557414488047607,0.43679501249995556
5646,0.04116971585126159,0.3184865684481639,0.44848998383585537
5647,0.08166058925307763,0.5097685065781488,0.2704491282274331
5648,0.36672227295848925,0.19578524787282162,0.3483763507467801
5649,0.3363614187001946,0.31123685516475486,0.41431289185603526
5650,0.23406023101995166,0.36068524945494573,0.33664231218155116
5651,0.10845219640879468,0.3334189507460211,0.2485856503598235
5652,0.12916706411712175,0.15435957984027465,0.4462771528720383
5653,0.11178506115705256,0.39137996699959937,0.31777316415469525
5654,0.2677366284804023,0.40645711619625974,0.36963352822411866
5655,0.06883414343700144,0.4718549244647343,0.4026508070112951
5656,0.07194144929486225,0.5173610990065577,0.5276335122416403
5657,0.24623205059450312,0.5078773022545051,0.35853750758343794
5658,0.11848954238673237,0.5616159016142793,0.16038916302442702
5659,0.3200653932614212,0.37118203238258846,0.3560794119697892
5660,0.07836846937314233,0.4897096848811986,0.3672544000869793
5661,0.11765983693755822,0.43912952566296626,0.18558552618495222
5662,0.06685547669172674,0.3992499582568607,0.5217091240738432
5663,0.1227054026519669,0.42488857553793097,0.11915816827146902
5664,0.04781580269800287,0.27816408772913176,0.40231585982691775
5665,0.08827158980152484,0.5588753664013185,0.19605247210924742
5666,0.04900475790010153,0.5063943478610504,0.4649040568602024
5667,0.19702455405201427,0.30140593951508043,0.40049637119460024
5668,0.20018010785844315,0.25220014544776087,0.5220515345958965
5669,0.04145975812100115,0.378969256326509,0.3949316582864132
5670,0.31001933547170174,0.24448329462638851,0.3756116060701421
5671,0.718968581981618,0.3801818763547932,0.3022046440541766
5672,0.12596209423671653,0.43786058519351345,0.18058805849815912
5673,0.07991409391571051,0.5451889398025652,0.6339155340886725
5674,0.9128268807961024,0.2691464156336616,0.2868197345691587
5675,0.05250334869848369,0.3597644913733218,0.3736956994319147
5676,0.12376911107426243,0.31990750521098577,0.2551631027966322
5677,0.1379678529963391,0.5642078811365269,0.23328078483557269
5678,0.3125259049204389,0.5464921248478269,0.3425773919435916
5679,0.15614926915906738,0.23439637361005114,0.38282891309868483
5680,0.08764050267834231,0.25338208233691284,0.5648441343905447
5681,0.06566668531889924,0.38634001225604464,0.4565103701344685
5682,0.09714048383750003,0.4886757057986487,0.36723262815224067
5683,0.06343423716749907,0.4212624307595511,0.3297525542973615
5684,0.1261176906980077,0.42772148041352376,0.37451479239420316
5685,0.08398392884320861,0.14360115596798384,0.3088829904106051
5686,0.047389543286601644,0.37876508356246763,0.3647161221717389
5687,0.2930655559669266,0.3439541952192198,0.25764315617105477
5688,0.08769545115482802,0.2983922433121363,0.28010618868557263
5689,0.054116516201884034,0.34799211860107054,0.33066398865360813
5690,0.10902346862151595,0.13406592183149008,0.372083099027951
5691,0.12788988918904354,0.37048465412958126,0.3235914769540433
5692,0.04108972937844495,0.2890738604583107,0.35729704306002885
5693,0.15315180835464168,0.5220914929029973,0.24722298806026655
5694,0.061879304501134956,0.35740294354054664,0.22250207793188365
5695,0.4064369642042788,0.3161332839182867,0.33082179421209124
5696,0.1749755215287962,0.24070082399346757,0.18420687016909087
5697,0.0934928887901966,0.44108712497689767,0.4373949062146273
5698,0.07476438617626664,0.5981903144936753,0.20834802307032935
5699,0.11375066365557929,0.4987900742200979,0.29594943164805226
5700,0.18615330496804658,0.323931532087672,0.39311478248092424
5701,0.12000869801893671,0.34426376972699385,0.4446466235721882
5702,0.10551977353678761,0.38062136530531776,0.4099573161542944
5703,0.1270238730281005,0.26426274441242353,0.3909789428581012
5704,0.08185641275552351,0.3951717529752233,0.7037408515379481
5705,0.09705171978121359,0.20418112159558705,0.23495916406031792
5706,0.03427803487790441,0.580353671055478,0.37093873261229027
5707,0.23994134496446332,0.3347761117711382,0.4088371044367819
5708,0.14972469275641936,0.4059675363545276,0.37589655514768694
5709,0.07343156869589376,0.24088906277969047,0.28873006639518195
5710,0.46543085293918357,0.47939094046811714,0.39813746624020496
5711,0.1295215698622837,0.27999490887094836,0.38977366124124735
5712,0.06230041508687185,0.19164795213839952,0.4890080731713038
5713,0.2209115528056936,0.4306243477968493,0.3895711549255546
5714,0.1603387321246645,0.6366299664796432,0.16858440283663945
5715,0.15995454284574628,0.3767494945069738,0.4283426812515606
5716,0.09191876559769267,0.1762676145248225,0.2948877199208884
5717,0.1662703266668929,0.3502183764328896,0.3161516480373162
5718,0.10243284509020703,0.4111868806467576,0.2273219919691809
5719,0.1789154277788238,0.30961369773674424,0.35099501839483593
5720,0.03769529870265676,0.486076312433891,0.5994377568711609
5721,0.09143071833593794,0.5887105401742465,0.4646649799959657
5722,0.40971011111382516,0.3683391770774482,0.22385260408899488
5723,0.07373012975606266,0.29271634275942704,0.315183448364417
5724,0.0818575034029783,0.34415828362414386,0.4568636428720477
5725,0.09059067804342859,0.41327120181012406,0.3172874673727835
5726,0.05587548064178369,0.3072818650480386,0.15822886130875818
5727,0.032210006047713326,0.39285934497893854,0.2808595958249235
5728,0.10457965120133575,0.10898048109541761,0.5083299160245115
5729,0.1339042319342587,0.29335703806860003,0.5268087251830962
5730,0.11784035938976296,0.3621579949281993,0.3175552172906142
5731,0.11074402247683653,0.2832281388153293,0.30755813946808086
5732,0.12570886447818602,0.33836295631331703,0.1415362103247949
5733,0.24843465913174684,0.37764553910020043,0.32595438060898185
5734,0.10741803544801583,0.23766272581965203,0.27849215255787857
5735,0.08344776600281835,0.2693453040844116,0.1690508123245016
5736,0.10112374783039692,0.5508272860346156,0.24361856378798424
5737,0.18185850415448152,0.28975147777900995,0.21351091646493786
5738,0.32784933734297145,0.23266991253172625,0.34240959047003183
5739,0.08058425062677656,0.47195015155230713,0.5333127357336059
5740,0.13057634611803445,0.41139981098189415,0.32005279035078615
5741,0.1538621175129989,0.44757455951727876,0.36498753409987106
5742,0.06400014447118899,0.4396472346429891,0.6835858952300201
5743,0.12379517028968057,0.43814311129200084,0.16823995792943897
5744,0.048173764460857735,0.5275673617294245,0.35714776957969063
5745,0.04058136190657086,0.40278982242056294,0.47517421316339215
5746,0.15690674955471223,0.4629272584241853,0.37083685739934946
5747,0.09448374872023252,0.47857861193691564,0.18872546374460208
5748,0.14012404640378928,0.1919570652261188,0.5920608950837143
5749,0.12062658010204971,0.38708548235987644,0.4346989701887958
5750,0.06464541389267636,0.33802754436887233,0.36580499870157857
5751,0.11841817646253092,0.23212463119016088,0.2077769142001391
5752,0.05526422950333024,0.4143982544413292,0.6530546836448736
5753,0.3229432947565354,0.3471271147404708,0.40319548711592257
5754,0.05136664638634566,0.3594268649568582,0.38632531125141234
5755,0.10703562204037334,0.3579416412752168,0.40305244094776393
5756,0.062065692348867524,0.3835102498726705,0.450166099605132
5757,0.1807301503344847,0.3758037864922842,0.3485457814855689
5758,0.09780974314680714,0.29797788643486206,0.32365526519544097
5759,0.08650434745503523,0.19927975480345672,0.14498705018583274
5760,0.2203616443418661,0.40581754942044285,0.2586146161415638
5761,0.1245537619249145,0.2768688443058305,0.6005113123467807
5762,0.17408724118334568,0.20972653831284052,0.25451437933544757
5763,0.06444812298444766,0.16725535804051825,0.305289626674064
5764,0.04991293859485816,0.36755394232084576,0.2265230120307254
5765,0.131314164972344,0.4882432305395005,0.39390279629280944
5766,0.09862727584611058,0.3326051231908439,0.30942806570037945
5767,0.18793617420571712,0.4227749912707628,0.30585067274647026
5768,0.11568434952341139,0.21808362871377046,0.2572017099639298
5769,0.14039253045626363,0.2808175414723876,0.3829638727525636
5770,0.044014772141583086,0.3404534182044212,0.5216143568600443
5771,0.46197755529282547,0.32863527696834727,0.18376771681838433
5772,0.10931697351046543,0.3380671791623551,0.30462889519434644
5773,0.19753103777243913,0.42568691017194493,0.3190518279163403
5774,0.0705778241378211,0.38466295733147937,0.260560020267794
5775,0.1506773738657433,0.24522279454662477,0.4768645332777096
5776,0.05300848904759106,0.291075335324204,0.4785917333267323
5777,0.16645170325505065,0.2624661667623438,0.3613860998707785
5778,0.09623715801600365,0.4620051747077412,0.26837447370088896
5779,0.12453348991774019,0.3783136071592088,0.47564579823675324
5780,0.1975846260534169,0.31011193316586566,0.3054840937229702
5781,0.055282849911376525,0.2476880978476025,0.45286731760759846
5782,0.07771902358784602,0.35072059049466686,0.680031184325864
5783,0.1670596789087951,0.3022120642659007,0.3362067358457813
5784,0.5377886698579489,0.3538445213548836,0.353399780207601
5785,0.11124975821648855,0.39914899406731247,0.2665767864024216
5786,0.18336035542993998,0.4353598466948613,0.4582195846081527
5787,0.11359758649135093,0.3937850739953973,0.3593215878917475
5788,0.4803154146049658,0.45498526575866893,0.217838501631841
5789,0.041072597707429735,0.2505576877771955,0.2651309138794221
5790,0.13019356005742402,0.37229699128495874,0.5968907817107687
5791,0.043961073802548475,0.4496583050276681,0.31049343119083944
5792,0.027892427160773434,0.322523592745498,0.23131871756056333
5793,0.14958709529305275,0.19636877041200637,0.35667094252734877
5794,0.1342370832886715,0.3035041324163471,0.282289627746979
5795,0.10087501206880317,0.43606177485159703,0.31667299442644936
5796,0.11365694738509206,0.4692385982691012,0.3976929621034978
5797,1.0,0.28872769875318327,0.3737757858081787
5798,0.1026771057857336,0.3021836293878063,0.3398444781853903
5799,0.17329964622288385,0.4332609773019313,0.2745194569638325
5800,0.0794911406206133,0.28625023700710506,0.1772285378171713
5801,0.14935773238699773,0.39408298855818935,0.5907753846288484
5802,0.10404839208951887,0.27224510399489976,0.5811420873832165
5803,0.09284277571832057,0.2582926368174345,0.3387516699063664
5804,0.43933496675816086,0.2848058682750013,0.4341430930869372
5805,0.2772248591748803,0.23937964938995182,0.33269122360602427
5806,0.13398531573567124,0.4028420177572348,0.259774695302139
5807,0.03071625794693579,0.151838554851413,0.34412109484470843
5808,0.09591804393384604,0.2799521544505941,0.35149136843284834
5809,0.8353739521464154,0.39132425685788,0.5242001319045345
5810,0.10457440763911702,0.42358249471836645,0.34644881011885786
5811,0.2630170696561804,0.455032048012737,0.5566542547307909
5812,0.3349528772555239,0.25371995410760917,0.31919785144649626
5813,0.14173494579652474,0.46760173952023804,0.2788730122296351
5814,0.07032330335680417,0.4239048711754026,0.5242006812878095
5815,0.028838971432155407,0.43346697029555414,0.5103818754672931
5816,0.19568198534034062,0.5959066458080227,0.34447231303470305
5817,0.07153508377937724,0.36795711231002054,0.3742429012705052
5818,0.1376406491600305,0.3985717925882779,0.36769973560564195
5819,0.05471282634809486,0.4150630270291204,0.3593395571693737
5820,0.10219628607934514,0.2860883748932803,0.2978341334983329
5821,0.124916469059751,0.5955087143247908,0.6715890256774241
5822,0.14664624639390503,0.3140261245261212,0.29503075914397864
5823,0.059366156178307296,0.4012459773825569,0.39947540122626135
5824,0.2811470202982214,0.2673219393044556,0.3569907594870827
5825,0.08222546694242913,0.1892911473556636,0.12718590129969898
5826,0.04276830409260526,0.43234329839112695,0.3489468775251461
5827,0.11344106300962652,0.3985008800954309,0.3068458335657769
5828,0.12497207492371815,0.20039797724491148,0.2798620715590808
5829,0.13618437220825577,0.3480029556685361,0.23620261579880392
5830,0.3163459472225267,0.22199956476456273,0.5719653218884304
5831,0.1041721167279338,0.266986193404763,0.22988466821495002
5832,0.11263655140802288,0.35715799008634064,0.31603425144072617
5833,0.059789490516331395,0.23098777738942147,0.2831056906602895
5834,0.2153515218532254,0.2664060068048565,0.2346044413354143
5835,0.13841089756125047,0.4133120003138499,0.4255967615514533
5836,0.09226489457873312,0.35062136899106433,0.3861994939691217
5837,0.03770074515919892,0.5207236195352268,0.2854781006977699
5838,0.3355463931349455,0.44529898130496837,0.24651683766998395
5839,0.055444497601341826,0.31112801468804174,0.3956218231627763
5840,0.08252450751442877,0.6222757387298173,0.38515353834561505
5841,0.15599900007502632,0.5184970621259968,0.3208135797238619
5842,0.05649345967507729,0.3719614592079978,0.5164823283970129
5843,0.047403992321941944,0.2803255449710972,0.5362659552778726
5844,0.03361363734390825,0.43852575604697674,0.2844745686761392
5845,0.20079990039118073,0.4311929241218023,0.6183490462293405
5846,0.08502596739263443,0.3275002464289959,0.307475229098385
5847,0.9842320480840142,0.3577769817480289,0.30878596582180756
5848,0.06392973479259238,0.3560741893572514,0.4187570695424614
5849,0.0668956623118169,0.48241467480453404,0.3748838274008741
5850,0.08391881524443146,0.18906198301055693,0.3396629397634924
5851,0.1441043371313981,0.3309172067264738,0.1675104196275749
5852,0.08928211278282147,0.1522220483276977,0.19105138670817157
5853,0.1860937005851963,0.4752398334549788,0.2156841583050108
5854,0.06455767802445768,0.35952980085624453,0.33728442879353526
5855,0.05059758863990291,0.482226374149036,0.28352056276090026
5856,0.03993729766237063,0.33894184147470063,0.2972378316129099
5857,0.03196471242483608,0.32337119645983475,0.3053652213547336
5858,0.0865380027069366,0.4772622248573388,0.4527405601989438
5859,0.09980101873045835,0.26363358960897576,0.4264174686978489
5860,0.08041348451665568,0.3290471694101869,0.2934649315766389
5861,0.2906213124836467,0.6582645071474886,0.3045335165710933
5862,0.2874520838810156,0.4090327391548894,0.251589387287715
5863,0.09759200988543945,0.2758375699633898,0.30134039686624636
5864,0.04003124757446202,0.5365252613286202,0.49674756336575654
5865,0.08384749217902171,0.20396756753764414,0.4450478003238756
5866,0.08207014416041958,0.18362791956743116,0.3789756368580104
5867,0.0790951687080899,0.3095254911136859,0.23329389122464256
5868,0.0770635707729924,0.4809102734717412,0.3305063148009321
5869,0.07928201614987856,0.6053833144714859,0.2965380438434529
5870,0.0943180369023059,0.3808988484327396,0.31992489903715626
5871,0.08020125851772668,0.4495984302685903,0.4284826372866928
5872,0.1407051548614591,0.39780874660764665,0.4661132953283825
5873,0.15621718159124576,0.4315464849367449,0.6806694992464206
5874,0.06734904711159806,0.4289703963864627,0.2485086567405691
5875,0.29641406515792273,0.3640281942195966,0.4870436758279374
5876,0.06449866534962556,0.4271093214900235,0.3217041576749121
5877,0.04415384178816421,0.3556760370724806,0.26511947877103853
5878,0.1584353809886543,0.37026787773098724,0.6326988730393867
5879,0.07141526760301183,0.3883223954470363,0.5654586086026223
5880,0.15206237943981277,0.21864026570765255,0.3068922315770417
5881,0.02927556498441803,0.26936669337688884,0.26433373045371533
5882,0.3232864966841698,0.40407061931231797,0.17878361221860573
5883,0.19406220961619186,0.4165719647393046,0.49043124894226553
5884,0.047213801194136686,0.35494197388105103,0.15825541678303673
5885,0.04780943286352201,0.32729564635217756,0.32078303599960784
5886,0.39524178662629406,0.24881337620425703,0.24889250252823697
5887,0.07513624124745497,0.23882743330858125,0.5102553209244971
5888,0.07066276331450276,0.3000812720288146,0.5785999839593197
5889,0.031297781334105865,0.2642680000511465,0.18291104940274489
5890,0.09656770792868659,0.30214471229882633,0.34497677563560214
5891,0.10477958351621666,0.285674886465562,0.36594923807055935
5892,0.20002626923560485,0.2793874697086932,0.3061800059828233
5893,0.05008101014763855,0.35103392574152553,0.27186868277531795
5894,0.04667831226664208,0.46867571797073887,0.5353499914652384
5895,0.16632417268622415,0.29587281652804115,0.2830710595245849
5896,0.2456144936385213,0.4271359567420753,0.600833197747287
5897,0.04533878073824146,0.42056920715331075,0.26993127424923025
5898,0.25899362814327503,0.5868676130121265,0.4261573917496141
5899,0.12524076193672554,0.2988005446354395,0.43422536816194923
5900,0.26089339181747995,0.3980604050735346,0.2698441346999009
5901,0.11644158766899726,0.2822135159047279,0.17741308012955304
5902,0.02769042453616867,0.2865187039717518,0.2519394881562177
5903,0.11021921588742324,0.28355351144400875,0.2243024680100968
5904,0.255094579206329,0.3916740495504171,0.43276898396534624
5905,0.06806538759125297,0.286166723702294,0.29708048506345563
5906,0.09422972760791967,0.5359267532501324,0.5074008835173894
5907,0.1084506682041848,0.5040747037626896,0.4015043430054245
5908,0.02348142503773834,0.21341384665972396,0.3159229161530158
5909,0.39498043598337995,0.39982803978930737,0.3452194453274188
5910,0.06774086215121898,0.3463193837425297,0.21217407084151269
5911,0.17277161989252368,0.4008518678204428,0.3157316812863927
5912,0.11515664876999714,0.34259758339292395,0.35178443094401834
5913,0.2935831982852007,0.24934072936955864,0.2965730979777451
5914,0.16122957316916461,0.32739029686824134,0.2792687916387732
5915,0.10427792872952285,0.531487782741281,0.45644214332361377
5916,0.0680752385738873,0.35990811605567713,0.24450430164638742
5917,0.21193822795300135,0.35248073586031337,0.4029559547646454
5918,0.03833875155318325,0.17672577529005284,0.4691492407957173
5919,0.19050980901429757,0.37471125173217484,0.3921204739057399
5920,0.05994095373261122,0.3910488645306809,0.22223725982880482
5921,0.29246770855020465,0.1473151446035205,0.3485394524954233
5922,0.1362504633472717,0.31107415144907713,0.4417255555885291
5923,0.19027458159034596,0.4653741352365956,0.3061136264299761
5924,0.12907936296227823,0.30964326989125907,0.2524502405485458
5925,0.040955862448021345,0.3459598451800659,0.24933558988668036
5926,0.06949105713476385,0.37288095915211056,0.37189083328685946
5927,0.19407524342136837,0.3683522308560138,0.30172695728040383
5928,0.13675010143732685,0.2577474382985892,0.27404099236115464
5929,0.2779769555924404,0.31051403434180164,0.15467064986580442
5930,0.16091953969178074,0.6437599116400075,0.5720361029613136
5931,0.06503595044872379,0.3976810172895004,0.30354492562490093
5932,0.07238623181097117,0.3984847414426891,0.4315092148869518
5933,0.13093100545360153,0.4644456751681685,0.5022958203913936
5934,0.030569065549901596,0.4320492867155029,0.8730314954132435
5935,0.3955767230410385,0.1985278051811272,0.41487794960741586
5936,0.16526479069709366,0.2914909635114456,0.37341699737571366
5937,0.2872481074336318,0.41539262189047477,0.19459973515730927
5938,0.04509538109261351,0.3199315020223703,0.1596403408310948
5939,0.2908617460944006,0.3157781296126852,0.13550913689745908
5940,0.5924355543731605,0.45116538203491463,0.31831231646678354
5941,0.052443912935619584,0.3073879380895718,0.2397283060095099
5942,0.20803334442847876,0.33753905638010484,0.28667194356193487
5943,0.1221871500602731,0.35256642047024234,0.5165697795032202
5944,0.04603611936466029,0.39315903042571854,0.3947496545959378
5945,0.17123530055200933,0.5796503851875127,0.3346712398961935
5946,0.21733960554255077,0.386452913570126,0.35757601688073004
5947,0.08200098433101188,0.33684826708445964,0.2667139801871189
5948,0.27500988273227894,0.26869217331160633,0.28732960916576983
5949,0.0429533201585054,0.3939330290775437,0.20768575573004938
5950,0.047369894743399026,0.30761074546279943,0.4268449401401416
5951,0.13397167181135464,0.2947806510543866,0.5669171536108594
5952,0.12421267280782508,0.48223685551063833,0.5056119415253832
5953,0.07614027774643728,0.3325501487053549,0.33882063822303876
5954,0.21369670322518244,0.626455152379812,0.4499983425355044
5955,0.17582183822418107,0.51927195093931,0.3980433040754747
5956,0.22112993931044828,0.29537473720812235,0.3550283023082046
5957,0.11237093009598915,0.4773795047055686,0.37536646740671853
5958,0.18483081281500366,0.32914689205706665,0.212890883878383
5959,0.09072788226685452,0.23749350412181758,0.28720320077617806
5960,0.5207466840256993,0.4578292408298445,0.26804837641434925
5961,0.07163511589473523,0.4233379758169691,0.19752755609265582
5962,0.5405565388352233,0.20026062484624138,0.40199672639746964
5963,0.12501553066510696,0.5716464778667407,0.41742332910489144
5964,0.05077879532351386,0.3220506911670064,0.126139886693933
5965,0.3176948586884207,0.3642698986390246,0.334573057034642
5966,0.1329978032665635,0.42394271247587895,0.30106829348825376
5967,0.22003922476068796,0.24603776205279615,0.27344357951097964
5968,0.28659787923807734,0.4605461312284347,0.1871269604199478
5969,0.15381947359180032,0.28240302510961035,0.3427114108274545
5970,0.08247315727999936,0.5034071852209804,0.33816245018025737
5971,0.2402790180115932,0.4238366169692638,0.29729699846621854
5972,0.12215784457490154,0.4989298097012401,0.4308075572751223
5973,0.1959143974956001,0.2966623639043623,0.4252624021850553
5974,0.03310790111466942,0.33818581300590017,0.17124402699740127
5975,0.16586567370763097,0.3931139445357266,0.4249990997394758
5976,0.08004422820474023,0.46066427132482907,0.24339958592778593
5977,0.3898827811694772,0.5186652418968747,0.30772328136655547
5978,0.18749710789796348,0.27674317983162233,0.5480169222911639
5979,0.1437806227669821,0.3981747843678957,0.33153488184789326
5980,0.17045504729128283,0.39650323392275266,0.4593762099334251
5981,0.06376820054314418,0.3339368337248707,0.3096582376407255
5982,0.381539228199397,0.5140521345131811,0.4473205555426498
5983,0.49770654791415825,0.4794467598904776,0.33035641518320025
5984,0.15977029132466725,0.29591015449090274,0.30811493324281
5985,0.37262800801681356,0.46914987062831454,0.34949868884214896
5986,0.08371487892106379,0.47363324993574074,0.22939085273154364
5987,0.0723381328233312,0.26440607838756053,0.2837918945375366
5988,0.1255285050457128,0.4286314011250958,0.40615439611572246
5989,0.1644870881852366,0.28039769404055676,0.43456850961450844
5990,0.09385714878613809,0.4072651596719487,0.24729643901042925
5991,0.176665136502252,0.3237766890825452,0.5594909410788214
5992,0.15050932552764884,0.42974552707581926,0.5727248502556391
5993,0.06377349364298554,0.18475847796421413,0.24614591147847725
5994,0.17434761161128084,0.19488537712347218,0.2895413741255145
5995,0.22197172111544744,0.36874459002409254,0.3328908930728572
5996,0.13720080117462122,0.3819686715938797,0.4848510427374305
5997,0.272425342972576,0.30029410310523247,0.40152952875864056
5998,0.05578818681190641,0.24463104329753554,0.30435635183684756
5999,0.16829597367360036,0.40516429273388616,0.21733804454918937
6000,0.05739812732456145,0.134921945696602,0.164560376331169
6001,0.0593929959369357,0.3555777019394623,0.3677599926080801
6002,0.08043970501162503,0.2083397653935384,0.5747392491670573
6003,0.06604094716245369,0.44670676228718925,0.33656023270931323
6004,0.08487103488815488,0.2296659379204534,0.38271530950220023
6005,0.1057316947045924,0.5392069482445643,0.35928336135972583
6006,0.21788396324899745,0.22054225371541736,0.18779902178359803
6007,0.09847647070773044,0.4635426810919746,0.5363600274428186
6008,0.04496675000951869,0.6777966181723125,0.2583525925805397
6009,0.2699981677855514,0.25699564915723827,0.25727370639071273
6010,0.07053339545591869,0.36262578148939906,0.3887589250806852
6011,0.11734751557785905,0.285328073852268,0.2647094395179518
6012,0.1658144808964006,0.2945981395190097,0.21409899242673874
6013,0.1398680823800714,0.24350872328628284,0.45146028572548236
6014,0.26133372737483523,0.41037043146174673,0.3500608436950521
6015,0.16959225193840805,0.45656007679914395,0.4503381075132258
6016,0.06946569285499321,0.4212314622745256,0.2981900687479128
6017,0.5700831794997445,0.4584632508572594,0.28966558021353506
6018,0.13936368080849143,0.20223075875246802,0.36399187002730704
6019,0.11056146607537219,0.32318360108765415,0.37530420627040195
6020,0.23828314990069202,0.2883660840204717,0.27178526625558475
6021,0.1447305197388212,0.31922356062200524,0.26075820222531
6022,0.16046966754117156,0.2598241406536076,0.4434580016134565
6023,0.7162318585961608,0.377211112027621,0.37326799608479677
6024,0.1015275791277993,0.5358249165576588,0.3665037197412542
6025,0.0986981454884559,0.297874699416356,0.1632674811381939
6026,0.13215522066401544,0.32401705072505144,0.36460100602396717
6027,0.2571617706732327,0.3762961661009801,0.37769742565988484
6028,0.04704922824057772,0.30301597730224356,0.3029707214230944
6029,0.036498705127231114,0.22554192735653258,0.4005033128745078
6030,0.0827469373538463,0.260622650467994,0.267068669369882
6031,0.04375372541780117,0.3672355230114092,0.3742875725016036
6032,0.09197451819375765,0.24163276098271888,0.19650455264940492
6033,0.17238342906829107,0.3443972636565263,0.44314166289164103
6034,0.06819337268553854,0.27384785712398174,0.2597895659840806
6035,0.04927488896231392,0.3807924747962789,0.384973425595022
6036,0.12797384034761522,0.4332058679124401,0.4888621245145123
6037,0.22181765247763416,0.4206918336450869,0.4540219101108124
6038,0.04228112630491753,0.2872565074908726,0.3845143392487548
6039,0.2153028440455209,0.21086289639024067,0.4325082145677239
6040,0.2148597803679751,0.16835151683542188,0.5249176943719549
6041,0.23663032107397128,0.46285165877309953,0.34921467224577774
6042,0.2855017026308225,0.35303890333312643,0.4517747973250149
6043,0.5798776964534781,0.2715457771240878,0.22437230089156934
6044,0.09622966814209924,0.5342106110359702,0.2644608581298129
6045,0.13152576248892323,0.3586921849178866,0.5267419297825017
6046,0.0924825401316999,0.5397001173159427,0.31023358963958114
6047,0.12225885925075697,0.30893547564039503,0.28292447790674535
6048,0.35753556698457273,0.3098543846840919,0.30642900486893243
6049,0.0516999756779202,0.46579920955146853,0.2652992939027892
6050,0.06947704950675278,0.39120342868380165,0.3181977270547184
6051,0.3197708442337826,0.3345008851063184,0.23533524380481247
6052,0.2479412539107416,0.4148360872040987,0.2787529421047534
6053,0.09578388593118789,0.37253588829997125,0.34465377566533373
6054,0.22054818105856225,0.39992146913945215,0.5365411651442743
6055,0.15416578564402883,0.3660535951986157,0.3313864480793561
6056,0.3492644548352259,0.24180974437600727,0.18131880632059727
6057,0.12842456614167522,0.2052440788429955,0.4565156647813591
6058,0.24892656204887212,0.47711211930298225,0.4304533058148716
6059,0.7989647549012264,0.42208666999414185,0.2577927611175504
6060,0.18425355180217276,0.2947196366913669,0.42836312387549236
6061,0.12624640626740977,0.3184643305936554,0.3222400305296417
6062,0.20100424413550216,0.4470787490664043,0.5175726695046966
6063,0.09564824915251684,0.3935742461671553,0.670119271481205
6064,0.6638601281785121,0.36807154510218737,0.3807499214131109
6065,0.1380102084966281,0.247453556060208,0.4256366507760493
6066,0.10167519723334215,0.26627477819468276,0.5411310337733858
6067,0.07059575084176513,0.25538149239689023,0.450609756893683
6068,0.2618987949301981,0.22768066905797962,0.3873871428318769
6069,0.2225451948207185,0.3019950980098055,0.32456921302249975
6070,0.0877136441513227,0.3308754690122251,0.2280874065699347
6071,0.18149165519905944,0.20560147957482316,0.3072828810463703
6072,0.04699445908494939,0.36480400950984326,0.3114651249828422
6073,0.1384735542998962,0.3252355859721797,0.33846617896530085
6074,0.16653120430161725,0.18690172203861158,0.17343045124752932
6075,0.40535474097503005,0.13112015924806703,0.29894979735332133
6076,0.07355463972139675,0.34616890358422603,0.3091231097744713
6077,0.05378742351595227,0.3848863106088494,0.20690527192658553
6078,0.06799368920526164,0.30834105237060666,0.38165674447257525
6079,0.05195879304706815,0.2703184593563972,0.44604712339333896
6080,0.3106342807418267,0.43033176733902234,0.33571002744054557
6081,0.36160790729849995,0.24584264130041256,0.21913777376639543
6082,0.15194978253654728,0.231283224463569,0.3251970597578907
6083,0.2860751195144518,0.3101574138933416,0.42130185055231584
6084,0.13373067365648433,0.34804823633003734,0.41694650028514013
6085,0.11450692798348236,0.22340669635297608,0.33117585102067565
6086,0.0977059466515843,0.43197451358884736,0.38209290670446727
6087,0.0991808333372636,0.30724670090655776,0.27244362899936453
6088,0.04594746295583165,0.23287203773364568,0.42276750546302566
6089,0.14620965232739414,0.2095674928398985,0.2941436063964556
6090,0.11881205381689734,0.492357642167382,0.2605031407743497
6091,0.2042626005021499,0.3655066965150397,0.4493612007050002
6092,0.13009633976195223,0.4255300491094576,0.35066314406183263
6093,0.1094295962287714,0.615986657849612,0.345052239984869
6094,0.06903545207438685,0.36156183438553957,0.39678451884297106
6095,0.12821901927288812,0.4646147837076576,0.32894966253835034
6096,0.2032437100888109,0.2582051290623324,0.2455022193192712
6097,0.05834411232211777,0.3067753303580393,0.31261728524714366
6098,0.12956187085352266,0.18647638604676833,0.199274727910065
6099,0.1431099208704637,0.47808092297721966,0.4790341993285391
6100,0.0760677983844241,0.5842713488123585,0.23020811389972012
6101,0.08270729114268449,0.23391169298014136,0.5944782357038534
6102,0.14287137445938472,0.2427890995982293,0.258255780092729
6103,0.05869713029501326,0.22114363116346836,0.40680530231673895
6104,0.15509485229333886,0.262412985123653,0.5838889638917978
6105,0.06799682424231983,0.3304189364716808,0.36497914964060485
6106,0.25558559542783643,0.3595946278702377,0.30275939082031017
6107,0.6400661553934749,0.2772037157884194,0.33963408259249583
6108,0.06948984908964168,0.2930584675569442,0.25139558745957036
6109,0.17622781436400412,0.3891911243832879,0.15970114426478937
6110,0.07564765871697461,0.5354287433663208,0.40433844359559923
6111,0.25164553092772907,0.20960995633693694,0.1596807698811989
6112,0.05420969087015948,0.185246929396608,0.2088526775472107
6113,0.16977885009293264,0.3808672401563593,0.3423664488244442
6114,0.06895760954205324,0.28245573297784543,0.2701386117313879
6115,0.1062383581452354,0.523699538626121,0.3916278875839704
6116,0.0624972795025048,0.5470095687947822,0.5405395074154773
6117,0.21562414650876613,0.38947472862105853,0.3094277485306177
6118,0.07053827870051574,0.4381382449580246,0.27499311100272744
6119,0.17842036555399507,0.2505606025459404,0.5665618484439192
6120,0.09699455662861912,0.3117012508586997,0.4150797326708947
6121,0.11302656639694124,0.3415177148254112,0.4456826681820093
6122,0.13499589763894457,0.40499190926365236,0.43541512989862263
6123,0.07397620734933083,0.3584950262860496,0.3103877086480147
6124,0.14090238684300832,0.3471440236470385,0.2974095560005132
6125,0.35688422607892833,0.4715885642414382,0.2438316670790937
6126,0.07321565054772296,0.47123722033716425,0.42046479694377337
6127,0.2761660568282197,0.5930406573779083,0.3792379414136181
6128,0.34871917463407,0.37379458997653614,0.4104375449980774
6129,0.07147185204803667,0.2514989133591697,0.1706466650596013
6130,0.04847163077039159,0.36402386011467625,0.4465887140360436
6131,0.15005107842204207,0.4209391044784896,0.28920306954308583
6132,0.0849034495160973,0.37786923202775285,0.15460442648651634
6133,0.4554002794695504,0.23153888765361183,0.21444550324847272
6134,0.12500871360085217,0.418104793073437,0.2851671034435719
6135,0.07210555912051955,0.3319578576094609,0.2648605895803959
6136,0.05820881518623955,0.39613872189965116,0.3375203787501152
6137,0.26054149229991413,0.2482507807175968,0.38781991578047137
6138,0.08360455803691955,0.2166050367377109,0.3240215697597137
6139,0.1257760926760056,0.24937837041774716,0.28794342147865504
6140,0.23691795874231858,0.3296097482982313,0.35160296373714683
6141,0.08846624622380622,0.4143209249340744,0.3531460860937431
6142,0.11836429225181684,0.5545160752161706,0.49243354718736176
6143,0.12073479897615601,0.2510366114505358,0.27472281985656327
6144,0.19556706755679581,0.26302103994747017,0.3243762053691029
6145,0.1833102354110416,0.46861873178576335,0.5479431706252221
6146,0.10531208467372158,0.4292319736503734,0.2209721565381761
6147,0.12748016631844467,0.3838153214067533,0.29848569184495594
6148,0.09523945981982072,0.26111383707527674,0.24704106742147747
6149,0.047841674580735384,0.4101021367029914,0.21812036805742507
6150,0.1455428186630457,0.1276986621342213,0.36090474984031007
6151,0.46323363332361706,0.2146214605053492,0.5011555176607247
6152,0.06849467289016581,0.28428850207262335,0.6199123418058339
6153,0.07345144017924939,0.31789381059737354,0.33165807356642696
6154,0.06905563496109667,0.279446133779192,0.3933216237842866
6155,0.20130689829432796,0.2832390907523857,0.3977135112654948
6156,0.16603870674797916,0.5540534441297769,0.3145300542837238
6157,0.10973524759090726,0.18177236454802684,0.4941023489401021
6158,0.06703926461634874,0.41044418401170574,0.3188126081590871
6159,0.1299948494847803,0.3261340272778645,0.46722109870312234
6160,0.04550794553441332,0.26645922015089524,0.29932511441487913
6161,0.13459750878483734,0.433622593562268,0.22650438957513813
6162,0.2232269087675466,0.29795160720269515,0.23175965241788443
6163,0.05466765652146969,0.42911319031754025,0.18934501031743167
6164,0.046351581298414615,0.28527036709333775,0.49169111269585053
6165,0.36970151523537476,0.27663533531410583,0.49361935218128306
6166,0.08144002253329978,0.3571506952679761,0.26508324337060574
6167,0.26920817199565367,0.3766836655299122,0.2337423050990231
6168,0.11006941426456102,0.28913596576494704,0.25940498942666057
6169,0.10948447090125707,0.43665438276389906,0.35561254067963943
6170,0.16488331351709232,0.3653927828131939,0.2451508519946865
6171,0.06848265405316724,0.26527809439920724,0.39872905703461303
6172,0.13359743389891282,0.3624402424092483,0.3045673553293536
6173,0.09463224319477673,0.5252547582599103,0.4669284511265077
6174,0.0524558848442158,0.2772096717453559,0.41395679523400386
6175,0.15376924941729841,0.5723967651620163,0.2291150420206976
6176,0.1023274161180507,0.2643284075585107,0.21759358441213772
6177,0.10984647660733991,0.24818968349192158,0.35891977432897215
6178,0.05603200033476351,0.23382262819291852,0.31701363686519074
6179,0.37289521029136663,0.20419359838096335,0.49317599547871505
6180,0.22404555550492072,0.4843961664171048,0.37975691118837285
6181,0.23832200366336811,0.36808479807596384,0.28937242046412637
6182,0.09950626684347584,0.4981005568215947,0.5530898936826752
6183,0.041484574992712686,0.27814018765743004,0.29220476325583006
6184,0.48403988238341766,0.2908465987398569,0.2112506566644548
6185,0.11715962436369022,0.5344950591475874,0.3145559554779434
6186,0.0745916953955181,0.23068149097676402,0.2567453846443389
6187,0.1624332751646169,0.3502679244477721,0.4540276420123165
6188,0.275245718847932,0.45033884771297444,0.22850436163331678
6189,0.12020700455231405,0.4851030967499015,0.4359896218063707
6190,0.29800742390122886,0.23575297917223637,0.3089718667669818
6191,0.25926702368644705,0.41541468915715274,0.19191006673673078
6192,0.060778453034747125,0.27780834932531917,0.3840251638321356
6193,0.07825404039074865,0.6128085244026082,0.4809700057547147
6194,0.2372087766984593,0.2783311380969977,0.3472651134070709
6195,0.02542025827625477,0.346868557340811,0.31609910001769814
6196,0.11040484902091795,0.2813337508557634,0.5808189253284953
6197,0.049159909584776645,0.4768131399139082,0.4828272258124593
6198,0.08891242990312606,0.483820930146082,0.4260693279090443
6199,0.09994399275535912,0.44513310725626504,0.16076224589248272
6200,0.09609312552579424,0.27496101103471726,0.26660313786921214
6201,0.08463643445783325,0.448352300617403,0.313751347674542
6202,0.06001066794565398,0.22385358440373931,0.3883627509879921
6203,0.6190372290616374,0.17714717825109008,0.44205588921801564
6204,0.4550247568872802,0.21246873908356015,0.23597790500015886
6205,0.057684575309373924,0.47347012983010167,0.4023119346127957
6206,0.3704142528168403,0.2316195172374409,0.22555119212145563
6207,0.09351959977350068,0.37042772131282403,0.41848908554829156
6208,0.1332961807774712,0.48670440798330616,0.23073062675662825
6209,0.11698788094764768,0.35453046001275246,0.4887566226158302
6210,0.0789624845559835,0.5142279539563848,0.36418379871869044
6211,0.24166725285399307,0.23769530214740978,0.29659666705091176
6212,0.13299645581867797,0.13509055684933768,0.3697951980674343
6213,0.08891256802256478,0.35659544604749355,0.27062383239474574
6214,0.05295353881165664,0.23315701564798316,0.33858193974385364
6215,0.06807182906433785,0.34542363718201163,0.2397182575044851
6216,0.043570265351095316,0.31274382202569007,0.3690027893400184
6217,0.123109950787706,0.2706376388486498,0.3097824149569459
6218,0.05648978910524011,0.23980602528403322,0.31449472212541124
6219,0.10217435763304987,0.575297340738233,0.33167085317664924
6220,0.31815496531676163,0.20247546756174417,0.24924912577048913
6221,0.2816258523543599,0.4425102490290433,0.6165978392567848
6222,0.11946012191978089,0.262808697631618,0.3147182714964778
6223,0.115126927979235,0.27142045581047086,0.4689625581826453
6224,0.459126245994799,0.3831786696895062,0.2255464444129115
6225,0.17458586846248386,0.49387087047509737,0.1441971738561928
6226,0.09804444038642604,0.3715779244887085,0.3645088265005083
6227,0.04929814252436766,0.3969930820123757,0.4645325680555994
6228,0.15987637234399749,0.5528446273526396,0.48494057452646966
6229,0.21668553051280187,0.3325590265115097,0.44697273819510897
6230,0.08040237667649171,0.4139561908723971,0.3140002857735552
6231,0.14894411361917592,0.22749214666033124,0.40187821316178585
6232,0.0957559959028027,0.4278322427376532,0.2723081078115804
6233,0.10787942619902284,0.2913383367274046,0.27461527239405137
6234,0.028136662114452475,0.30631504764893747,0.3602019894697357
6235,0.10519507143390854,0.35894058181725885,0.3622320245074736
6236,0.23920271331895895,0.5058356521813315,0.28238648414550493
6237,0.0804152698271678,0.46791747354648155,0.3561055640301606
6238,0.12652080228179347,0.25620744005357987,0.47477214228553033
6239,0.07425304638905031,0.5165469483232576,0.2494874173889045
6240,0.15622505182224966,0.3016478328777541,0.4137873271664374
6241,0.105564507154578,0.4150593257780623,0.20919300050112177
6242,0.06615707576009193,0.3708954252356898,0.18463911287225288
6243,0.30972374485864823,0.21396364647077815,0.36969122544730815
6244,0.23245976532995022,0.35032407308943553,0.32927044644849907
6245,0.08180104885570134,0.4908218205788772,0.34867494668168775
6246,0.17181986358269286,0.44676403092966804,0.34689515525240666
6247,0.1766213334097086,0.505049338695566,0.44988632736796774
6248,0.19003223571154343,0.33180426350550707,0.39656744683145306
6249,0.04229805074683291,0.595827360416604,0.3889836796880537
6250,0.24559300029928663,0.2848353208717667,0.5087468093611595
6251,0.08368501601093908,0.36120023121475137,0.4429785198748769
6252,0.09611952757917365,0.2888854739298744,0.3557806260260856
6253,0.7965590915493335,0.23168841743581556,0.46314226565420236
6254,0.15004203747394665,0.4089541696012265,0.30742231432298334
6255,0.09433164132666294,0.40796585579122757,0.3101042233111748
6256,0.03225823026102674,0.3572997732989453,0.4989172198607008
6257,0.32266407072710557,0.5292623378973479,0.31235776613515315
6258,0.051694013499282716,0.5477403852253909,0.3815067452065496
6259,0.06357126215386756,0.46978293629639517,0.37533161448301944
6260,0.09781485601552363,0.2869314380133231,0.35306238541719914
6261,0.32888074256511846,0.16578901265537932,0.5716085717790945
6262,0.20830226921848663,0.4012163386179545,0.32311981659234484
6263,0.10978671104711425,0.1742082760614099,0.5673103515631275
6264,0.15070665647869078,0.30714121123533644,0.23306449528551487
6265,0.08204023399491363,0.29585970422151825,0.33109751593904224
6266,0.1342513650041162,0.3395217574123672,0.311083436150579
6267,0.12832221281282766,0.2529716797890837,0.42652129060810307
6268,0.2391012818467388,0.3269238939050677,0.20975553133740676
6269,0.2388321405449449,0.3527462054820418,0.3788117626543246
6270,0.1713654438362266,0.1717540421594837,0.4458054686130516
6271,0.09583342353652213,0.22718199221422508,0.30225228059003184
6272,0.20375581923664687,0.4369569524071556,0.27373127257778146
6273,0.11474926907881496,0.3546492911755456,0.27442577154324077
6274,0.06057268487485839,0.40595487610250164,0.3920679527094696
6275,0.09328491694104091,0.3168715412942426,0.19184353292469264
6276,0.12930240136663776,0.6063869599654148,0.2136862793033526
6277,0.22940645427842155,0.2648409083771865,0.34517399233639035
6278,0.10791579185304259,0.6230437590344821,0.40289119650070426
6279,0.056064490035864674,0.23832344363661245,0.3665541489362901
6280,0.12688345661419684,0.055467374116821115,0.4049603097040031
6281,0.13187431458803187,0.32030515423180184,0.23550495500478325
6282,0.1385557260108722,0.38098738112639935,0.17961840831084408
6283,0.23097638279559451,0.53543492773061,0.4403538017580716
6284,0.2477457091773349,0.276726205603897,0.21700649293325214
6285,0.08236820507629214,0.3494197159966227,0.39452997703746284
6286,0.08121003025172863,0.39977360854623545,0.17371617115131532
6287,0.06214497115019014,0.3436899527260585,0.41424772511227237
6288,0.19770120378393186,0.3869972555406438,0.33596572877552533
6289,0.33660835708202586,0.20725784544344164,0.461161692258959
6290,0.09887329858494179,0.2634714147124442,0.42873442619634294
6291,0.10382719226980544,0.21755884394671499,0.30046850483810345
6292,0.34097189575193604,0.2742993554064361,0.28073647105963667
6293,0.17275029162734057,0.39091175384436105,0.3712266791006036
6294,0.1646347312275729,0.39028522023248235,0.28513015853140666
6295,0.05668620187078262,0.26389866821733243,0.08325851485847713
6296,0.19493853031450373,0.35602314784530165,0.30692075848830386
6297,0.06657540772912639,0.3090252729114828,0.2518203399890356
6298,0.05867573007437574,0.5007972283860528,0.2818945293485347
6299,0.09682346951896004,0.3877607798507307,0.3690617745243162
6300,0.08281774922352927,0.2663461863945083,0.4885557680388939
6301,0.10520781417166095,0.2040778631742353,0.5774707376735276
6302,0.048869995253400376,0.40239026199518757,0.3915095367437216
6303,0.23742349578401148,0.2864619535781442,0.27620790929556394
6304,0.2676312846860191,0.2072079695801513,0.4516566360979126
6305,0.036852653272461164,0.3414001774598933,0.19760204737219184
6306,0.2407461917211773,0.3270329081045098,0.2672610186302536
6307,0.07172655177130365,0.2914130673484756,0.31211426515368956
6308,0.22094863685443883,0.3665694124763723,0.16678773967545063
6309,0.11658082513698563,0.2194079526134584,0.36334230492901454
6310,0.12449846261527858,0.2996962763713869,0.25526232844077335
6311,0.10780264324935394,0.6005415683720821,0.3631458359426607
6312,0.2842122529703228,0.3920768598193775,0.3084461738301182
6313,0.05504948417315489,0.1709806936712836,0.2535427160434477
6314,0.18551086590095162,0.4059445993950656,0.2396294940647049
6315,0.2626646075668101,0.25367355313489093,0.3309862241419095
6316,0.20014511770620896,0.4517769876897967,0.4202328055751896
6317,0.6339802892363731,0.33174878383813383,0.4163768514813865
6318,0.08592782255421748,0.2949891915235221,0.3686395812470752
6319,0.23716979740749183,0.4376655000391111,0.4014750971024017
6320,0.11366484978272225,0.34617055847680356,0.34418670407170704
6321,0.28855606574265963,0.22518166874563192,0.2703209606085535
6322,0.12146190595925879,0.5125571616211858,0.5117835363431477
6323,0.09423525832223649,0.26645823878989816,0.27056826640474035
6324,0.30391758147595077,0.5060649665746354,0.5370642828822508
6325,0.08804562456544984,0.2771723446218841,0.40925087740358246
6326,0.04968246878319875,0.5228721376637284,0.30973292934373425
6327,0.08660686499932399,0.464608757692713,0.2156137656640123
6328,0.1869667487497843,0.28829547577772047,0.37360916202438
6329,0.32318994879229074,0.22816759216379173,0.33107699094208026
6330,0.13166542297162565,0.16402802058848942,0.4846964210669813
6331,0.3065621135088208,0.27098045897471706,0.23623574905526323
6332,0.051299898588462206,0.1710193201754975,0.46331533716708395
6333,0.09086983328986478,0.3353512719208602,0.5220570246901423
6334,0.1006251745134925,0.4913124366702593,0.26462038675769084
6335,0.11301995770507275,0.20661690726463916,0.4218768379006196
6336,0.1292643579812014,0.32307334928818215,0.5116787453271144
6337,0.19660915696887155,0.29593195759903823,0.5055368985968873
6338,0.09077801652150977,0.36001766515737815,0.46272472326251557
6339,0.13419411716799462,0.2786457295539122,0.5590024857825117
6340,0.11842867734092155,0.3406908432058294,0.34336060082504427
6341,0.0667104677934362,0.2409974370388639,0.3313626867568733
6342,0.11308774870912255,0.6015346220634857,0.5360678224667025
6343,0.1108345487239149,0.32101954191908605,0.13727993902489566
6344,0.10925563230795095,0.4658535421660619,0.3065166287478213
6345,0.12475058852375721,0.3254606448266924,0.25578556286945864
6346,0.12852623041446895,0.26539222011336583,0.3406543725348947
6347,0.09152537569665677,0.6234240924555086,0.38292943233679655
6348,0.296763260877762,0.34146243904860085,0.4032404468427139
6349,0.05742594906808143,0.451807687183149,0.3446322236905609
6350,0.07592682431565378,0.4521471040597844,0.3549857974002997
6351,0.883688951780323,0.32528007262570113,0.45163856469253905
6352,0.06222952696460295,0.23242169115485847,0.2784501838809744
6353,0.0514338398328734,0.3557858886976255,0.30051679144471893
6354,0.202708000208343,0.3309825254259698,0.24695870474295228
6355,0.03443168474443732,0.18120448639157472,0.33476919438385866
6356,0.10425365162831139,0.19894992710369674,0.1891064231130939
6357,0.5566916881996784,0.5066547890370199,0.49679120715085034
6358,0.04602288803249053,0.3072991014437014,0.42918049443504935
6359,0.036183888757985984,0.32981920820880956,0.24112623596456678
6360,0.04724908971046522,0.43209571086381265,0.4877419037531042
6361,0.22749402428667254,0.4303157406304113,0.30841057718123516
6362,0.2670782231943432,0.3335536470198721,0.2663029449004499
6363,0.086847277354981,0.35081188768439203,0.3778692040299274
6364,0.19555171205241959,0.39871190475290025,0.18687134676926836
6365,0.3227775568569735,0.3804353690508235,0.3003396647290307
6366,0.4294391255696211,0.28000542795389505,0.37779072191249397
6367,0.10348883950685873,0.21826757459731086,0.5687765780311268
6368,0.03075747165124628,0.312228681730218,0.2166045641605755
6369,0.07125882143047453,0.4031036760478527,0.2232021994208856
6370,0.09185555917633872,0.34155786467242855,0.31104594595306145
6371,0.10262499347252019,0.4547784119407117,0.30262794925830394
6372,0.10760385849734759,0.46607601571019247,0.427697852026781
6373,0.26596375947824724,0.38125980512895613,0.5291598973071444
6374,0.2971265179041615,0.21830720593342176,0.4593284259673307
6375,0.10877467853140642,0.4267612099220618,0.2909757435327101
6376,0.2621341960314494,0.5300039456107397,0.5186256835242098
6377,0.15592544018053942,0.3627485690126713,0.3279765189794081
6378,0.12755440539358617,0.3338037901293438,0.39497751270875703
6379,0.2288124200391493,0.46421955215089433,0.38317192239152487
6380,0.12822763147461258,0.23390501389756313,0.38650064268878204
6381,0.5222562171958076,0.30826568796243514,0.4391875961865197
6382,0.048943206648240464,0.2862933786311935,0.43042952469791596
6383,0.08670140101318143,0.3316622066403819,0.4203316225103051
6384,0.1121161071909179,0.2722641979436893,0.2829126171752698
6385,0.16500220729181267,0.3454070377000518,0.2510770955237269
6386,0.29575789534612396,0.5122531191501185,0.42267645128872644
6387,0.1200975632562809,0.2016442168189649,0.37337400319241787
6388,0.04940729492590704,0.5265987303577716,0.4398023804428818
6389,0.21870819214466244,0.2962100677707869,0.28891114882147917
6390,0.20564395024609403,0.5342333864595743,0.42233356679784373
6391,0.036960159765767824,0.3525231710207919,0.3046468982182512
6392,0.12178152998659111,0.2839458453158084,0.29848374654301313
6393,0.044851478202791055,0.297116679898184,0.4791894939542718
6394,0.07871430081894427,0.34326713659459257,0.4690934102844141
6395,0.06768010349462955,0.365235207541282,0.36015440944853494
6396,0.2136471204475018,0.5127637880696087,0.3003308889252357
6397,0.13217788914548373,0.2285703680789373,0.3273254709435448
6398,0.05355574733353604,0.41981331736187305,0.35223784291885973
6399,0.2245759425485337,0.4553805028583622,0.29625439835281236
6400,0.04907472348516835,0.14339373061630503,0.3718943881692597
6401,0.15298992386864482,0.32601510816897183,0.2847381824558444
6402,0.0715687982814264,0.5289555672469916,0.5337005469249857
6403,0.09562326696125238,0.28271325803709574,0.16270735341837073
6404,0.17259578679656704,0.3908514662509637,0.27257431102698
6405,0.17467009265873923,0.3893026230143238,0.4262900079241658
6406,0.3107035208969406,0.44888929586472387,0.5372223091387032
6407,0.1155018553694463,0.42563191167649356,0.2758997542466024
6408,0.15051568746371524,0.26935251342894206,0.3120430315782154
6409,0.09119944983172062,0.350818330015919,0.38794392975044323
6410,0.13819147227125844,0.41584251211312495,0.39268372270909957
6411,0.1650060223056223,0.25013975933524263,0.3509358543266201
6412,0.114260922650804,0.3741692446870615,0.4272611454396611
6413,0.039816608205226214,0.5946808772463885,0.36890626858312814
6414,0.15313314269728634,0.6084471184597383,0.37122494478962276
6415,0.15667014432679882,0.5879575679234794,0.5359255793961446
6416,0.0779344006935316,0.46168075029524924,0.3186589546587332
6417,0.05359419627366911,0.35754174610091344,0.3109157904013938
6418,0.34320390737838,0.49303249962667195,0.30456674165378167
6419,0.17106424784572022,0.2964838472927824,0.27670165844216227
6420,0.1046845841505108,0.34722911085706315,0.32393828000492314
6421,0.05856827046335365,0.45284173032926,0.2742965646693083
6422,0.07121670407499991,0.36871671332106254,0.38818876095552024
6423,0.30316254435477596,0.4366333918700415,0.3897806068368973
6424,0.13406902067249243,0.398001865882424,0.3627663320113944
6425,0.08472842701873287,0.36175334892898325,0.38077679408484644
6426,0.17324721970121856,0.27064152432135596,0.4312541366988769
6427,0.0715512669210145,0.34073999793778925,0.2373603785697319
6428,0.34940697538447185,0.3397336663681106,0.36628310513046436
6429,0.314241179615561,0.4672031050927246,0.541658209460295
6430,0.08949416647049364,0.2221192006703979,0.2822369683338558
6431,0.0805569217903123,0.2873140968914078,0.6915438067181945
6432,0.02650720524701502,0.28495443978822516,0.3047204143428009
6433,0.04773193605676976,0.41747907779351506,0.36349470521751137
6434,0.051869704453926725,0.5272663828100578,0.3684999072638796
6435,0.13384311927197018,0.30408560160406745,0.20386159364312406
6436,0.09814646539110757,0.26267059516465574,0.2573096318657984
6437,0.051690170761340824,0.4248721281677424,0.412227647640071
6438,0.10112116024980608,0.2757295778867771,0.3118785387059975
6439,0.17272378755523018,0.33681038286490794,0.251015609397892
6440,0.17544842446778827,0.4489839198391411,0.48502132659617314
6441,0.0378019814461056,0.2557919791093581,0.3703844236948335
6442,0.11198492536614779,0.26577861709148376,0.32121790275591844
6443,0.05054561805037351,0.3719782982404186,0.6518863368119301
6444,0.2280357662067134,0.21039542910998488,0.23958192034479175
6445,0.20990540776775665,0.35638228857766313,0.23671628701934444
6446,0.06788306215325458,0.2833372780297639,0.295235366724545
6447,0.07377803579637969,0.3542082698070533,0.36697895188269836
6448,0.0898052759819031,0.2608276894472266,0.38705271261626795
6449,0.031503706156721184,0.38735350887232267,0.26389111433647117
6450,0.15360878083024104,0.3091479743316699,0.20696208905151164
6451,0.10168119130326797,0.5302886715169176,0.4028668399580654
6452,0.239339138147778,0.23892762927557515,0.2909345834386115
6453,0.05996424810997443,0.2827347575418341,0.3370082417250875
6454,0.08105413972845199,0.4904770336695039,0.3454937717292018
6455,0.04704946603435764,0.20551833864907784,0.44994382406647093
6456,0.06353777671114445,0.3173489768848206,0.2840630637394129
6457,0.056993104664250026,0.29964237480464256,0.5389941114876703
6458,0.24375030225840238,0.4272849424711667,0.32066647653896585
6459,0.07703680274613348,0.3728810833964627,0.21095974174003324
6460,0.13284139908770207,0.35629827425410143,0.23885942243727443
6461,0.0946774918201077,0.337078314868253,0.2349896231263403
6462,0.054073580328657014,0.18682683594961033,0.26379444912227623
6463,0.10902045647364869,0.3326703647909282,0.3646180605745263
6464,0.18438274445237882,0.18251713594700894,0.4565253681004917
6465,0.05611313171995775,0.22221270684727848,0.14637419454410916
6466,0.21362428213117896,0.2466372956602215,0.44192338801960196
6467,0.06997418678131895,0.4247787075415648,0.5130641100141646
6468,0.08853987497712919,0.3306724769200427,0.6121621114958475
6469,0.17579599678285232,0.2600018901194033,0.38324748088621763
6470,0.07877572253441062,0.4860920936151247,0.17741289263071752
6471,0.12524356688839508,0.16115493305069958,0.21082556651900447
6472,0.09889889802954795,0.3115780198318269,0.4415787211151745
6473,0.13331259429127032,0.4034803179136119,0.34626120433461216
6474,0.029598374278932832,0.4661998810878598,0.2729178330989452
6475,0.03925779121539377,0.5076677397875051,0.1990732518320557
6476,0.18656674580904448,0.43999442082145396,0.23297696702528398
6477,0.2509731733830458,0.5367348036576186,0.3957219115554137
6478,0.06735571940366719,0.2952502461784138,0.39026539279950523
6479,0.10364783051373418,0.43162862713859707,0.4512546240047679
6480,0.14930497669512052,0.3662693320502309,0.49965711391265566
6481,0.19692716342934175,0.43293397842418435,0.25029524090963334
6482,0.03532672753472638,0.4049122969345822,0.44555045161759466
6483,0.06839501488187716,0.39150538388107586,0.26254822155903906
6484,0.09773554571397845,0.35430104702324405,0.3229214699420283
6485,0.1983013510429341,0.316541576368904,0.26340375775920133
6486,0.7195010059983112,0.2594773746991387,0.4259225267611044
6487,0.10475961073337808,0.29647781018616387,0.2776716398917993
6488,0.049849845274279124,0.44297346785019054,0.4106438689032542
6489,0.16080751355840622,0.40161378768819006,0.39022345430591976
6490,0.3071759146946758,0.3808739741606876,0.474418846851965
6491,0.13138629294193419,0.2665722445473544,0.40291738289069456
6492,0.0675176503065083,0.33530802140618565,0.5824869687797478
6493,0.23728542891845605,0.33461023177971394,0.27174268078691255
6494,0.1928775402500477,0.268810176159573,0.4290785275559722
6495,0.06268816569766249,0.5342813284560803,0.381084128199637
6496,0.15850630943967775,0.39675293624443275,0.26139270551087657
6497,0.24397341660478208,0.22518721195731292,0.4499913536838842
6498,0.27815518931835354,0.3258245724543708,0.436236165592351
6499,0.11673783647410656,0.3446078295601193,0.2715132980683695
6500,0.09610358101636357,0.3010105492681915,0.18532935673338014
6501,0.2872971050287153,0.41262185040989624,0.3250770095619937
6502,0.05603201520067187,0.35104690990379417,0.26772708857981625
6503,0.1649023524182633,0.37217059847131073,0.353934222273264
6504,0.05094292510010102,0.3102464624808159,0.3373298558702238
6505,0.2560435601517242,0.2096935109284752,0.5686202303194563
6506,0.10268595418581898,0.5618886551426785,0.2629419312462567
6507,0.295889384848839,0.5035638471138958,0.4037989185864398
6508,0.1710603550016767,0.131435701651025,0.21018804606676955
6509,0.0555933337335454,0.2656716409410236,0.2413748569730214
6510,0.3308223001587251,0.15580168714498516,0.2908577346974242
6511,0.3622856154543163,0.3253886108211644,0.2531788137178927
6512,0.22492804535697142,0.439953532793115,0.38520104395632315
6513,0.07398734475236753,0.3717576226200755,0.3331620224776594
6514,0.09946875312032662,0.37889012636822783,0.43285536761672005
6515,0.13478145143679543,0.30744341906243206,0.23728760761965878
6516,0.07676877518936182,0.3939493554976593,0.3556917247642972
6517,0.401001234418321,0.4666355712740867,0.2623499044719103
6518,0.13468021363000135,0.24905772451596844,0.4929350034634127
6519,0.02552351486341991,0.23455328983869533,0.2372971512919585
6520,0.15396810855050078,0.4820605074195867,0.17892696543438757
6521,0.09673492046681118,0.29736445839606634,0.27698468588203956
6522,0.11607306540849253,0.346432626521686,0.2291651495633113
6523,0.09543798307041737,0.2874619892390101,0.3517479256490249
6524,0.21331387085377249,0.2107825754649471,0.4026028966575518
6525,0.26611375772314694,0.2871690323776181,0.42084884547085644
6526,0.14811140220417335,0.4368312371820539,0.15216607126005977
6527,0.09730172523167652,0.40275160057195963,0.41990952473019894
6528,0.1187316236790872,0.2954840335481142,0.36111665154982187
6529,0.1237266131250086,0.30583674125861027,0.4173158237717681
6530,0.07209503313631276,0.524759941322929,0.43990983912832426
6531,0.18180548092464047,0.33144182802416694,0.2741345725107513
6532,0.16737498426261557,0.4588828289009745,0.24788902145064945
6533,0.35948442348491355,0.13455150936869553,0.3725399825052189
6534,0.2931082146019358,0.30007638256004404,0.4510609648651762
6535,0.07766013097961914,0.2968774525941691,0.2183180742537542
6536,0.21531284475569037,0.4160495876499222,0.3429796618416837
6537,0.0656761289726057,0.49893566612843393,0.2834728678571608
6538,0.19730209470096047,0.16904803252003847,0.2831276393044721
6539,0.08661998285390198,0.27445303242280233,0.2960364895743368
6540,0.06279764391305057,0.49426469522127003,0.41155568954742705
6541,0.1478053345058907,0.2814955521667236,0.4022250356385396
6542,0.02584884073146448,0.25735977234843344,0.2493754682918919
6543,0.04098755327490451,0.5108775846951077,0.20842168840519704
6544,0.10835219338946671,0.3057682457615792,0.46567271007775646
6545,0.1291191349117161,0.41924454465028455,0.4300266186111389
6546,0.09539399889585212,0.5288883450957426,0.4882065007734021
6547,0.045125358441725626,0.27214678148793847,0.3984787227349095
6548,0.07139344032380729,0.26977170332352235,0.5015330221060729
6549,0.15958210539673798,0.42288732945423757,0.14012014237968268
6550,0.18216762883275697,0.431497659015337,0.3238616734625473
6551,0.12076298469479402,0.5314487304615807,0.26696172041341665
6552,0.2732379288753551,0.44032683337446776,0.6012727335575963
6553,0.16026652178443843,0.4028964599727524,0.22265107496426767
6554,0.07465555081683299,0.38250757595087653,0.21087094101284382
6555,0.10116559626595306,0.40544444529931994,0.273190135319526
6556,0.04996999385358628,0.5250349685276233,0.28286222438682584
6557,0.11350849847754454,0.3491890894369488,0.29735802534888783
6558,0.26468255066176,0.38272108462816185,0.44303870109477106
6559,0.19583650154279453,0.18412775799603812,0.5230961952449118
6560,0.3255055556149974,0.22139219405617064,0.4517453905516271
6561,0.09967513059748412,0.2546379434755632,0.6864352288745851
6562,0.3127387904765507,0.31146351293802815,0.4945567782094674
6563,0.10721313967194916,0.23955516650004244,0.2726513230283053
6564,0.3421484093953114,0.12619180724991452,0.3242318889213044
6565,0.12030401773973111,0.3422815848513101,0.4285574890160142
6566,0.19887088459549257,0.4516296003270154,0.22622047494764796
6567,0.3430151824693121,0.28530330119209124,0.3038023377176541
6568,0.10720430260238109,0.28778537353462535,0.4110195171890746
6569,0.14167910139382497,0.27572056381634785,0.5893795613952684
6570,0.3002046975640471,0.2347193974278523,0.3397403552727609
6571,0.11162938427470555,0.26731176414263813,0.35728039745892115
6572,0.05244347982433874,0.2417191310055093,0.39469812205269283
6573,0.5555540983447732,0.2616102918062287,0.18066841053485
6574,0.08930772543226488,0.4192461120281057,0.2988889846913469
6575,0.13601389654777654,0.35131768945706543,0.2523383898666664
6576,0.27307715815910333,0.33199737235930826,0.42685094881570385
6577,0.08161184124941769,0.34232121801332394,0.2912383967353742
6578,0.06339735319473586,0.2914306711108995,0.4850765103912549
6579,0.14515712832064973,0.5098743952200709,0.3851550555791674
6580,0.040049766156834005,0.3398731557491865,0.3193481856998231
6581,0.10066983841856268,0.2555271781718596,0.27931737402781226
6582,0.14429278827497047,0.13921116975559694,0.2651410617760398
6583,0.10187672040685668,0.31999639563183624,0.5425437238583928
6584,0.046062036443355964,0.2775728212585779,0.1590283640177449
6585,0.3736408117555639,0.14312805660974268,0.3272575094792437
6586,0.13098636606800845,0.6648045157479607,0.34541895934287725
6587,0.3323725448499998,0.25428568552287983,0.143871137804837
6588,0.10255015440950513,0.27935699714614615,0.4981067281563103
6589,0.06865419719008853,0.3940255450823149,0.35927992808347864
6590,0.14670545524019354,0.35325531496789647,0.42100263883966693
6591,0.10561633745804959,0.5391842399050807,0.42259868501215225
6592,0.057138788219787406,0.32486702223987846,0.443909855941205
6593,0.34170675710682324,0.39287500721736995,0.4309472481936778
6594,0.08088984326784787,0.45729415065682544,0.4308768746449425
6595,0.0390327580353582,0.4410413173987859,0.37982656548562865
6596,0.30875427055538796,0.46920675180755367,0.4542338515406039
6597,0.08731755477733087,0.38849727968275444,0.7326605966619822
6598,0.08164714359547669,0.1324883843370047,0.2524084051271091
6599,0.04066323552420985,0.10252815373426083,0.3945025309536936
6600,0.41529823340289374,0.33430716416154893,0.43465112819104235
6601,0.05343176609649381,0.42667153239068956,0.19545587060099295
6602,0.12703070499072439,0.23287166463334627,0.5863254714835054
6603,0.22979636104567705,0.49856285084544505,0.410994279687542
6604,0.16298708966987435,0.23339340573468612,0.37073455858584103
6605,0.11727365926128878,0.4863474844568403,0.2990087108705379
6606,0.042123706273196365,0.551326279618534,0.4355473410308649
6607,0.07176302535482228,0.4267567740389241,0.2295558390871163
6608,0.1387419290716999,0.44194423450114356,0.5605917230924293
6609,0.07279519629522914,0.4433927009854562,0.4620892397719214
6610,0.14022763552076475,0.46198610682290564,0.32313528050638113
6611,0.1953506196017988,0.526776627244745,0.5171528709025207
6612,0.23804346893048284,0.26019564087698144,0.18020086417513187
6613,0.055494523018534386,0.3037096763199674,0.23891531386261605
6614,0.5776208108960573,0.1636799312983231,0.3429033514688208
6615,0.20746071691445162,0.5077996886319949,0.3475294891868256
6616,0.12195386187060231,0.34081636210878186,0.38720910583500046
6617,0.26047333614476553,0.48107861224322107,0.3593649022197508
6618,0.6530450074890699,0.21927025449929424,0.48985623832005065
6619,0.04893440030055465,0.49525979817492466,0.20213175418926987
6620,0.10495127293102355,0.4231759282476844,0.16784723175645783
6621,0.02963116356036071,0.21409202265882146,0.20684190840678518
6622,0.13920332562154616,0.4586778877292303,0.21494706834905214
6623,0.1567602789588603,0.5012377300000497,0.34115232118666006
6624,0.11890606755135788,0.3596722512070585,0.3224008963269886
6625,0.07922748405914334,0.41548368790882584,0.3734927715061689
6626,0.034927375863153226,0.32858353884106384,0.3784552759733688
6627,0.1576441847789789,0.2658756305261019,0.3687695778732314
6628,0.33820841769692006,0.46308007231656584,0.19709977919638794
6629,0.08253835636835796,0.48879400936100736,0.315807323475405
6630,0.1650716702858736,0.336203758277919,0.2865382177498019
6631,0.045416602143049656,0.4114581470688829,0.48994601752944433
6632,0.1670467906807911,0.38374885440496187,0.3783888524766268
6633,0.09389446866000788,0.2387368640960209,0.5859831523795579
6634,0.07394831303529177,0.5677401063883919,0.2433206421394149
6635,0.07404495312813296,0.17682438957045601,0.30822199589798643
6636,0.0938803086970443,0.5048410904044109,0.44866058876117976
6637,0.15861675445121518,0.21582870381343314,0.2888176180123786
6638,0.052715817164394475,0.3349453760385405,0.3820039180609086
6639,0.09366422533717188,0.3437276125167941,0.2780995972766854
6640,0.11872084002144746,0.4071050870515389,0.48265203282823943
6641,0.0599411562688128,0.4747852087823386,0.2086233107007211
6642,0.43233782413300104,0.18751464956980676,0.5954802587011444
6643,0.06980808555158577,0.3058015694716042,0.4301753145101104
6644,0.07847288858517312,0.39808828849447364,0.39657714447288883
6645,0.06456891361235893,0.1233501663739562,0.384230739515778
6646,0.4329046903271855,0.4131174900798349,0.27013606656289757
6647,0.1785373614836839,0.3985898804157359,0.42268322958040383
6648,0.06626645806952552,0.4067558033107602,0.2870740439744829
6649,0.26358093521684184,0.3101852638131117,0.15689869374145826
6650,0.13997235115790552,0.48161710063842933,0.350331397458962
6651,0.14550808977415816,0.3796968979084423,0.2658663636897377
6652,0.0969702713158251,0.446363468387799,0.35621408727021664
6653,0.07456244356901205,0.5556103772948287,0.33853043209733313
6654,0.15379937509375555,0.28307852461906746,0.20802667098959526
6655,0.08503143338511489,0.3000310298646604,0.5463277186865085
6656,0.4386555424198444,0.4460436168955533,0.2730676558086722
6657,0.05407920680336288,0.4537775956525533,0.46980452069293643
6658,0.358379761924701,0.2818545734971359,0.2686283115863491
6659,0.11326624821385528,0.25362065051582394,0.3415411140273624
6660,0.14975437359239496,0.26661759795952583,0.3713127177161555
6661,0.21727142749016137,0.3048444599359435,0.16157985847382217
6662,0.08047502377200937,0.3598854879059734,0.2771621612665033
6663,0.22208446081761343,0.46029362166584825,0.36882776208554713
6664,0.025476663288876707,0.18488761566580966,0.3458563591492302
6665,0.07597437055776603,0.27502312467456774,0.3433411998891951
6666,0.06678662244905494,0.2609627885373146,0.44822105077732954
6667,0.054592185495908475,0.2849597352560658,0.2592243524135428
6668,0.10567497687264324,0.2602815159322445,0.34671213196342554
6669,0.15898084580772143,0.44071299021042776,0.21192927624989488
6670,0.198234615438439,0.4257351459781045,0.28735662399847517
6671,0.14388120326237652,0.22504971477672844,0.4904665920815593
6672,0.07866164756556834,0.25321317222927886,0.34022016218942364
6673,0.15715297556665167,0.41917832270608957,0.2903419578316302
6674,0.13285136357930885,0.4103481509924726,0.2580374798250933
6675,0.23363313272441752,0.4901829813421555,0.2096390373367985
6676,0.20884420193029027,0.34553985639562174,0.4523310962067515
6677,0.12464210880481534,0.16870236833053315,0.6265538407265818
6678,0.0679159914121447,0.25221380684715905,0.29402068389811536
6679,0.07930814653638571,0.30565619314411885,0.17568502226035826
6680,0.08477229926747207,0.44264282193726,0.5333778716332073
6681,0.09886123083455783,0.4596039747570555,0.24927365828184983
6682,0.1465915147430991,0.3031127436027423,0.37959526387860065
6683,0.1999815677084347,0.24615693548725853,0.39641018378691284
6684,0.1179506008037864,0.32473062243604894,0.4731418006498178
6685,0.12343568736790375,0.4265067503326151,0.3124088529297071
6686,0.13458646041070813,0.2853433129825085,0.38875188456968224
6687,0.08665996102734277,0.5326015270588208,0.3025992203701191
6688,0.06673119983652026,0.4378973717342839,0.16213499702153938
6689,0.04088676650425349,0.22190938560337728,0.29360697860219315
6690,0.07719039933138257,0.3143697531045678,0.37794475690472806
6691,0.16890393402713835,0.2511301346871617,0.2397027004808679
6692,0.07680801049188639,0.5011892882767803,0.346145411706983
6693,0.10407795166955004,0.2521828385052055,0.36602653184768963
6694,0.168118634536571,0.27476381576653586,0.5026453274792285
6695,0.1745777768098799,0.28688302137872984,0.246002424375104
6696,0.06066114556999927,0.44137345403957073,0.36311690061072666
6697,0.24393778880474867,0.41272518865755536,0.23167408281027813
6698,0.2675673168570231,0.276254921540603,0.14885761516724821
6699,0.058824876903711305,0.3130791912016249,0.28755383251274463
6700,0.07112580829279408,0.4247476634376898,0.28078056028188586
6701,0.27998380578990073,0.5291185390051478,0.3743706229618634
6702,0.11059753365456804,0.14857847178037484,0.47747045164778157
6703,0.03202534203886607,0.5086496711008952,0.3478074913112962
6704,0.05006331347138198,0.3184881943970497,0.2711326193461202
6705,0.10328012859108787,0.36326322275861533,0.25525111549514357
6706,0.057650422590645886,0.34010980951631414,0.47806848602380025
6707,0.09266578857377093,0.41666649181218196,0.415507221260629
6708,0.1248044638155084,0.388284544806189,0.2497938349014996
6709,0.3398664681518373,0.20937897363678581,0.20904135491858433
6710,0.10049986746311301,0.3843537914698276,0.24965467513425144
6711,0.2573491059239456,0.2572710720197496,0.4542405760967846
6712,0.33180332868003654,0.5001523850247922,0.2444341392759356
6713,0.3331254947118464,0.3111412545734066,0.3879964921619756
6714,0.14828483711500143,0.3707939281848654,0.5548402829047916
6715,0.036542496212823704,0.13690182933284367,0.25764788533632194
6716,0.1674658802527454,0.262791482597915,0.2973021304238998
6717,0.2529779751971206,0.45209772484467814,0.33279051854754843
6718,0.11559414999980988,0.4020563126414619,0.19034696323357186
6719,0.4163906991777215,0.40068328862852715,0.2654792251969941
6720,0.2213942549735884,0.5171195062069808,0.3556101385769386
6721,0.18045974076687274,0.44884079115780573,0.24195233117886417
6722,0.2598902038881652,0.14744996023218127,0.6266092911433924
6723,0.15333378574567244,0.40512520926555234,0.2860062367537549
6724,0.02807135055216601,0.5162945074885331,0.31746382168990733
6725,0.08761165122380328,0.4367435120950454,0.2781812305412269
6726,0.2811985145396873,0.48611417997242434,0.31074399742257786
6727,0.07185994175924706,0.3839465252029782,0.26433993078635687
6728,0.1050765616034361,0.3468045397666838,0.1562772040171106
6729,0.061967770520300745,0.26166897714728815,0.2989536608049661
6730,0.4283791233398154,0.2702500508224618,0.5726077740122708
6731,0.3978774833154912,0.5322851693165606,0.5450384235598897
6732,0.06848823793297569,0.4279154087799672,0.23483680861188105
6733,0.13495370036019752,0.3265044342555534,0.19104436672540476
6734,0.0779183882311455,0.28738549242893013,0.15783450019084144
6735,0.18643356260458815,0.37733147171327086,0.2419067055622322
6736,0.17324647836136514,0.34885508135605725,0.27993953606192507
6737,0.21401444220001098,0.5568104191047302,0.38120836743954456
6738,0.15318040546733055,0.4337239889758932,0.2935366423040566
6739,0.990111047615564,0.35821573071812046,0.4397674363151317
6740,0.06261693570558109,0.5614883789306617,0.4040026226111022
6741,0.041914688960640614,0.22249186183298894,0.37470065248789386
6742,0.0939125112440532,0.41495718003112037,0.32329502900513063
6743,0.045420644007969156,0.17793858423489964,0.45406310375999537
6744,0.04743267390464124,0.2737126899780996,0.40901158254219305
6745,0.06365487506938369,0.3690421645240551,0.20159256590922786
6746,0.06686483498038588,0.29074508316872794,0.39614925697143244
6747,0.06552649122365793,0.2925965783149606,0.2781367425382777
6748,0.1742780039063147,0.5011794615947439,0.44505301526431995
6749,0.08721003508658351,0.38639657207726397,0.4117973900951959
6750,0.10820574308631953,0.3036840106490145,0.5588869569184777
6751,0.22683229017814363,0.35395353627224513,0.16166132353387075
6752,0.07376503600275751,0.3375426265719536,0.37019809336447373
6753,0.10224326327902596,0.4204500645891668,0.27102459654867406
6754,0.15679988298897532,0.4453269907358121,0.625392775289984
6755,0.03696587404434726,0.33455599863768937,0.09649901596727256
6756,0.02953931040836872,0.14486108359488362,0.3852986454034226
6757,0.15468800218253959,0.4524832201327534,0.399594983395254
6758,0.17113186059229735,0.4216818176653066,0.15200683066803228
6759,0.5246887442916485,0.26721350419051854,0.39504684654878386
6760,0.1359524743883818,0.2311260215733315,0.16030247431896455
6761,0.21522817860357693,0.3732720526953496,0.264185655955658
6762,0.10705797245371464,0.24586387367475368,0.3819846003973071
6763,0.1495629186076752,0.39927987784558366,0.24152485978977178
6764,0.39381839312196093,0.5480018787719754,0.34443491141021754
6765,0.03361286073441437,0.2985675934649728,0.3354199131025152
6766,0.16207545867686,0.32460969150411745,0.39691994075343184
6767,0.5525697920818262,0.5376138152848169,0.23366645505517164
6768,0.1480076409908439,0.50585352075539,0.4458956979355332
6769,0.38911530266654787,0.254154601755827,0.10475105791632866
6770,0.08052880499582943,0.47282286350133346,0.5285704128486598
6771,0.11947863037589587,0.4988943713409815,0.30933198053455824
6772,0.1249000063219623,0.35879404432566725,0.3198108612370713
6773,0.03206034598337466,0.3741632201701579,0.37032803467191444
6774,0.057471287705902284,0.4672347252106329,0.35704940014594877
6775,0.06002052443647714,0.387072567124578,0.3358686324030077
6776,0.2155809760736435,0.36721983439364103,0.48942495802997776
6777,0.2233259166869444,0.3453590476657839,0.196363174687115
6778,0.1523503266552784,0.35384693889603236,0.2434946948023048
6779,0.21589036280259039,0.45449572903154756,0.38486748153411765
6780,0.10932374740569349,0.4324955440410206,0.29831770029325483
6781,0.28215447256139375,0.2799542033627998,0.4955504018132555
6782,0.12282391162492882,0.46107872239117564,0.6439179987764735
6783,0.1269802072624159,0.2548797621020725,0.33669517920859227
6784,0.102172177055808,0.48585214342530464,0.18166870301238963
6785,0.19572136316997465,0.46976258972548596,0.2500410488793587
6786,0.09219400768256476,0.376584027523653,0.15854571861833738
6787,0.24040114878838784,0.22420837004977634,0.40712769175579255
6788,0.05874258886668675,0.34477488347859947,0.24419522732823423
6789,0.05994566267681434,0.43263016160916606,0.31935579895906724
6790,0.19612983370276266,0.36294497286040156,0.3060527987913634
6791,0.11501392296937553,0.22474084643968065,0.4731830585974872
6792,0.09023968564440041,0.3407626530093555,0.3421917971862657
6793,0.22616487204613528,0.41930733790582664,0.30793912100386756
6794,0.08167679364988148,0.30071281441639963,0.24653500254039357
6795,0.10672046532767046,0.18585676119487218,0.40528469957960966
6796,0.3248578789003167,0.3542051435833733,0.23089406606516105
6797,0.35914916051957063,0.42491723227941774,0.21812923086458896
6798,0.36783525607875506,0.5138522512996175,0.27634530279937214
6799,0.10105664258184803,0.26041360110540096,0.6176728141636832
6800,0.28800039676963995,0.5206953784949826,0.3256288385113592
6801,0.06575798695610381,0.43216919841767004,0.33069100364383075
6802,0.06750690597852287,0.3499882759329397,0.37148778486021483
6803,0.03003319074658522,0.22285349110164665,0.36175070957174926
6804,0.3954132932823836,0.27457906915431546,0.3133382858695381
6805,0.06934914188605448,0.42952224695874297,0.24232583325592155
6806,0.1121150776711728,0.4189239781643127,0.29116375393042093
6807,0.06736256008806323,0.3660814143921138,0.31446293216982635
6808,0.19719609939435642,0.3335024561496099,0.2051047822929799
6809,0.09499789642588417,0.28497824006649297,0.31353379126684844
6810,0.052946380404596025,0.4764651437586383,0.35755337544788646
6811,0.1652551482171501,0.40870571484896956,0.28184155727180976
6812,0.049076891864728286,0.24800079523606514,0.48819574109686825
6813,0.07051935937844131,0.47466102568203017,0.3665447643842267
6814,0.033908360632986446,0.29645656767069634,0.2607404173022702
6815,0.04935745693446162,0.24446830129329727,0.2936935783986347
6816,0.13786474219736478,0.4395450625023633,0.4867774205903215
6817,0.03651839852726995,0.37085331809386374,0.27420433767793523
6818,0.047743950839138,0.14792815170134377,0.2570559974633533
6819,0.12189984395862338,0.5976725203237924,0.25314865205485887
6820,0.08511320124508728,0.4882803317383095,0.34418925610952544
6821,0.49794677249524527,0.3013443125536745,0.36029063704527753
6822,0.4441204753311666,0.33891805645235584,0.41457885771895864
6823,0.06917747646163665,0.38143521792606666,0.2639208053434649
6824,0.17906460613889813,0.29246278176394214,0.5284345225923721
6825,0.20482584569688878,0.22322041322036465,0.3940072026728343
6826,0.08219444178462974,0.4897868215003689,0.293403595519848
6827,0.0473484245387215,0.3155695015031526,0.4331529050778631
6828,0.12108385634043506,0.23971940447545684,0.5880120514968027
6829,0.10868942704492965,0.2929577665390989,0.39108807436632975
6830,0.09131744927236854,0.3756327840561743,0.565131053290395
6831,0.16533011886440735,0.28248274816396046,0.2387702214807208
6832,0.07450012787148062,0.31112994346477557,0.16656689199558966
6833,0.0580380322548532,0.2088749389612816,0.39668033465027874
6834,0.1314819904751727,0.33435841471936056,0.4740116300038312
6835,0.15900504197598345,0.3686678182281431,0.21219969976002895
6836,0.05717740393598565,0.33983408023701583,0.48876720709612176
6837,0.23232159193287125,0.4859241615259625,0.2914150299425212
6838,0.04054943832743945,0.25195209352726594,0.4059705379239408
6839,0.08323028454680162,0.4728421232512853,0.36531651074809723
6840,0.1026884786627546,0.26152904825822915,0.3885614853787014
6841,0.08016602226783666,0.4577963620570146,0.40079536521837944
6842,0.08393689956199306,0.3549185036525329,0.32697020495982637
6843,0.4562145485283049,0.5814917816413917,0.29192986691809114
6844,0.06992295159456396,0.31205932696994526,0.37447654471094116
6845,0.6901172830722754,0.33116656282010437,0.30735392794253286
6846,0.1647364311050606,0.4999193354938099,0.2670247063291601
6847,0.12996639659903897,0.3506218122376603,0.37145526380146765
6848,0.1692672339098822,0.44467075553293356,0.2759831333928433
6849,0.7362174620185032,0.2032831681649121,0.3156886298712484
6850,0.06395991745872658,0.44096311447043446,0.2822962134733781
6851,0.05916390091142769,0.5250243048676332,0.5347312979203314
6852,0.07430429086605499,0.3013053914927485,0.3475971127461016
6853,0.1247830490903813,0.29612313099466,0.19194785868342001
6854,0.041563114456601546,0.4158944133858873,0.4892574320729218
6855,0.12395651249343782,0.3032511532577954,0.17488146435672663
6856,0.4013482919845042,0.3886795011676942,0.6268787410607444
6857,0.1353329029309617,0.3740546993085679,0.3404088925493983
6858,0.10035126017375069,0.5455922418939567,0.273469410248375
6859,0.08110446130157656,0.27070377482373786,0.29863048248238383
6860,0.2275184580588089,0.34211606092629976,0.19132638953371522
6861,0.07103622070419367,0.3309482622541005,0.32516259431389377
6862,0.44814949243479557,0.38134244250587435,0.29053811819452674
6863,0.4772365980944354,0.35674040921044364,0.32949130868733
6864,0.14545786464697916,0.2969456021670234,0.44254208143882734
6865,0.1211480137185802,0.3682087168689516,0.36977955310693134
6866,0.24981535416960196,0.3180811821479267,0.226244931893459
6867,0.2614486497378336,0.3614050055753333,0.24040020032469722
6868,0.07193270617403262,0.28225198214302616,0.36383583693599675
6869,0.08606155872164478,0.3521217233982689,0.39158990081218037
6870,0.05239825151594829,0.24404561323351848,0.3284734945336286
6871,0.1615656557820226,0.40112447378117483,0.39939725436085327
6872,0.19329408151539257,0.40675791821613744,0.3517160547920637
6873,0.05155022093626384,0.28636807572215905,0.3548454751567901
6874,0.09016250430855649,0.3596960683359177,0.43479375486225247
6875,0.05163162163141941,0.27599679220130596,0.5910131358829107
6876,0.06785022128232245,0.2031173642751071,0.3692572086827869
6877,0.17830267725690338,0.4896036077041744,0.8038755177771686
6878,0.07532316116405688,0.4694313423928518,0.3518826792492177
6879,0.09981122720261625,0.5764576959677603,0.3500968975929736
6880,0.04391722266449147,0.34914764488570466,0.5960860616884698
6881,0.1386650390821314,0.15109442790853642,0.3187633815506936
6882,0.11849658969693508,0.4864619765701368,0.1750205142560577
6883,0.07554072847604404,0.43816970336977684,0.23145325625198976
6884,0.10752085194865392,0.19544835689082646,0.44323150933772193
6885,0.13803134056297664,0.32258418289789376,0.39133433107027604
6886,0.07153001255928654,0.5296905823894273,0.2457730259032268
6887,0.04787907628475869,0.31910283916025395,0.16447010724050248
6888,0.43512787383441537,0.29545354500621485,0.2969497781949348
6889,0.08031847999716828,0.31531808344175416,0.48257674736146305
6890,0.11438005620275059,0.4204720721809135,0.32412367713832924
6891,0.24633066548874202,0.41288019014487637,0.2993893681737371
6892,1.0,0.2392223055542116,0.23103753534093446
6893,0.05488800077055128,0.40603165357080245,0.3025771293370285
6894,0.1661932638199332,0.2780805384101375,0.396646894250573
6895,0.07658043180332148,0.14202250066423647,0.3160662235324679
6896,0.08537987145564159,0.3950365013505668,0.31833803764159757
6897,0.07596357951999308,0.2178769951843111,0.4719912051782198
6898,0.05897536704079377,0.3694244091995461,0.2591470816428279
6899,0.11873529743069008,0.36318173966925593,0.38914992458677433
6900,0.04792789413450226,0.14777330416520595,0.31956622516080224
6901,0.23541566668191757,0.37375671058822313,0.5467197772930119
6902,0.12673373069941843,0.345306947245363,0.4381059579685673
6903,0.16306816008812744,0.4328915685139725,0.502168499996194
6904,0.08951672184866168,0.2777558815355854,0.4066310351840894
6905,0.09552706645783864,0.23592412673189658,0.28614989022969856
6906,0.14857168175559,0.3799455673780048,0.5134807021316125
6907,0.05761520657073705,0.38110807941852015,0.3762457706928033
6908,0.09610922425499799,0.36582280048995486,0.36087004004081136
6909,0.06953984178308424,0.3004644544534498,0.25800081734619956
6910,0.06820107038013228,0.35279226713358874,0.42214442691669696
6911,0.033857141588240894,0.2818645413865313,0.29239453783669433
6912,0.3112277036079858,0.4179317979191933,0.28253629041995604
6913,0.077617166490816,0.35027603564849413,0.3692200290670463
6914,0.2745130628267858,0.5409116036231633,0.2739862554524581
6915,0.25666509480787175,0.27813246775305545,0.260928536050483
6916,0.053542702987442355,0.2906546159689954,0.2450644535616457
6917,0.06033215176680106,0.3878812201005664,0.45955055935456957
6918,0.752821415831707,0.3739071524803924,0.5157681578093585
6919,0.4182999258502492,0.3879550909613784,0.5894243492214021
6920,0.11952132160532879,0.2663532877079459,0.44711300215877714
6921,0.14552005221935668,0.5075188317059803,0.14027239301530908
6922,0.08044407942521423,0.2675604503400961,0.3717092484314134
6923,0.16419234073690034,0.2417588548372193,0.31036716073910214
6924,0.07611069826642654,0.38633670752673094,0.6703706799605633
6925,0.03524066183423972,0.4509830633528791,0.38011208217785597
6926,0.052422851087619196,0.16453579604161211,0.2544878452561105
6927,0.12385185360391306,0.43611122658236506,0.26399329394691284
6928,0.058781291257507334,0.3423744961595562,0.17970686081775744
6929,0.11667268634620506,0.40391206989245965,0.3287177111967961
6930,0.060842593776039726,0.4039122345259288,0.19300168572457638
6931,0.07301806171975249,0.2577841428598984,0.16016491910543224
6932,0.22035601586025172,0.3613670753982321,0.24554085000323833
6933,0.14453486486498576,0.3444149366829289,0.23743641834100876
6934,0.1212997313013652,0.4568849820544876,0.3439034987662396
6935,0.2244014179051634,0.36085336914737315,0.3795203931632929
6936,0.1697814244406049,0.35672530763679644,0.33661079000729965
6937,0.33606420724845765,0.3339450958221625,0.32431552777764655
6938,0.08988800887752964,0.2790190254158182,0.37993333187643663
6939,0.09168517120535014,0.5045813276311185,0.4763771346384408
6940,0.05306322046098688,0.20124657270645002,0.2398621665291653
6941,0.09172452020424406,0.1944327170726652,0.37263116691480613
6942,0.23842555283207553,0.21394134247373026,0.3388782340082631
6943,0.3025993421535722,0.2435936294939977,0.38193882917754796
6944,0.2376736745678401,0.5631807967479886,0.31597397230258106
6945,0.04002531433271073,0.2387118335845672,0.24927185771757138
6946,0.25929377013599453,0.5300845842750649,0.3214308406502828
6947,0.039069794959484996,0.41106296515727087,0.26379714501263735
6948,0.2274551244282113,0.4439612892181398,0.24050728610172845
6949,0.09549051428057047,0.4713570076874371,0.4808568209060289
6950,0.1982170134066849,0.3371751736863915,0.35267158111260644
6951,0.05208563839453161,0.30670415233950155,0.16325419389421492
6952,0.27603976816923836,0.45682330158951007,0.08224548774615312
6953,0.048193302413587207,0.1882791158100858,0.3201223528171871
6954,0.07852235434947342,0.2962107584814055,0.27268844930155617
6955,0.06378186985161481,0.24747069481188194,0.3386854790132411
6956,0.04091277749031587,0.5303695424692537,0.36284648850008083
6957,0.13018527682694322,0.30564528480140324,0.3347926369715849
6958,0.4352896171810851,0.11540923106493992,0.25901588677752285
6959,0.8136208784318888,0.2282551101122342,0.45192512628807857
6960,0.1304183882117177,0.2393791774555743,0.22553335952778314
6961,0.26554566355617143,0.37010766978714904,0.48517197157463465
6962,0.14301685697006578,0.2816661386368677,0.4027051096680565
6963,0.17195065616672645,0.2561128294287472,0.27038197585969875
6964,0.09711951566849625,0.37438793198327375,0.38565004875498243
6965,0.13943462606003346,0.3661960664158138,0.2993364283414996
6966,0.1766295353574768,0.2804083066362134,0.5063178938764458
6967,0.08321163217973143,0.446114682907221,0.2723329394800153
6968,0.11587253654325831,0.32886440600351075,0.4302967141045222
6969,0.1173704850019585,0.35368744915053807,0.21711601509226003
6970,0.21624035087792182,0.4998373128865491,0.37374400210626335
6971,0.06116558085550229,0.24422275602754123,0.36921658176080185
6972,0.11791691181674759,0.40920892969564343,0.4091253298172395
6973,0.4699198877460777,0.2785211706125193,0.39197384716958517
6974,0.2746467548345452,0.21041336943938907,0.3045299329491648
6975,0.3134282727536026,0.3813851109205663,0.16571881391169357
6976,0.12413243023007696,0.27691764096090393,0.2109347617521899
6977,0.15203158326539246,0.40078997027738544,0.15707130173755934
6978,0.24483385012419687,0.47869505680367547,0.30817468498071193
6979,0.3646389154764816,0.4280859454847057,0.4735984064240045
6980,0.036769430761008554,0.2866658971378308,0.26265368375656634
6981,0.052613337753972755,0.3391117382727577,0.29541054350010243
6982,0.30465064048275015,0.3846418837614616,0.27652465358371847
6983,0.10140848240493024,0.3327486183456283,0.36355995944931585
6984,0.0783579833357801,0.48800330461307706,0.355113920433594
6985,0.05457078101567046,0.2256944637029823,0.2931205998156148
6986,0.08448527680035699,0.3087823616370056,0.24213151303811492
6987,0.04998453923543597,0.43347152175526776,0.40805014826191566
6988,0.5350153628401931,0.24920723145652646,0.46846962762114
6989,0.1202569306674318,0.3658079637156365,0.43005941577173545
6990,0.11740844036736503,0.5042963806884848,0.22712360709698864
6991,0.1829693523479476,0.31502877556322423,0.1427571872316986
6992,0.23801691105946166,0.20281829744071614,0.3111927079561595
6993,0.23526267764197772,0.41274178524602473,0.5077673850351951
6994,0.2575465071385765,0.31717990280702196,0.16217657836086458
6995,0.08044412357737489,0.5213679339700691,0.29389556714925535
6996,0.10000715840039462,0.314140998355838,0.542100016509227
6997,0.20768713577178066,0.4151343206800404,0.4531779751195518
6998,0.08601489988013192,0.5823874327255282,0.3615711434087028
6999,0.12167426556436732,0.29037815228249303,0.22313039542997537
7000,0.16041811885375487,0.32901734482767087,0.5246179957274112
7001,0.21005875715138048,0.45634242812228454,0.3166182068839698
7002,0.040389313637894775,0.4832555617056062,0.14455112584920293
7003,0.19992144958384175,0.3046835901047292,0.5178362925598075
7004,0.10436131320276389,0.33254813470254957,0.2363433506427246
7005,0.19890244337205062,0.47024868555880345,0.8244583186542356
7006,0.20884346638425497,0.24262319299695725,0.31689657821688455
7007,0.37735093871416425,0.34133486200261437,0.38368401394681984
7008,0.3143880143038794,0.6010273534410049,0.3462290278808384
7009,0.31284434557490404,0.28317542020707376,0.30844666555600103
7010,0.33536799901212444,0.4178088172600962,0.4288668509410234
7011,0.14896217597727643,0.3851844352184701,0.35817336978468284
7012,0.12478659781850655,0.5092606279766436,0.3427333422010411
7013,0.22343052686823625,0.3756583847537886,0.23697900714283054
7014,0.202367477504544,0.2354152144701745,0.3204141690660496
7015,0.09926787681751369,0.4117473018058172,0.22464316606500212
7016,0.16109209580642977,0.538601943457773,0.38159161830551
7017,0.11923288940052934,0.5468207395996084,0.3739449868546907
7018,0.06978886628093,0.43316477218953287,0.3554394604441189
7019,0.3005473402684241,0.24500148414858575,0.48878979284142143
7020,0.12675062527874414,0.372155819142594,0.43004885429076556
7021,0.5188209575103843,0.3471622803781279,0.6178074485232596
7022,0.043962358759000945,0.13912360789843461,0.4536702035176754
7023,0.08438877499245288,0.34513807537835905,0.35322596881819635
7024,0.12482499854936047,0.15696660731108375,0.3052428919410416
7025,0.2694827199541436,0.28670851430611477,0.20537913760675863
7026,0.16049644397683757,0.4327562401935589,0.5075769209424121
7027,0.1509331740567416,0.3135816457228488,0.40121389709239785
7028,0.058917595821251195,0.33235981183269514,0.2898663480996618
7029,0.057864144409004344,0.1663012375996978,0.3704960229066444
7030,0.1521895707680209,0.461162110440013,0.350892415179211
7031,0.05112086341462406,0.36624287687131474,0.32642805689885995
7032,0.08576424868050635,0.5706164945511895,0.44589691520392316
7033,0.17219393077077808,0.4587254832592937,0.1947051362073859
7034,0.06440822533720968,0.4596254800792597,0.4364690419149082
7035,0.3766569148173782,0.317751682512848,0.4994773418113374
7036,0.28661431221387373,0.4294694640557949,0.22993116485255327
7037,0.04533186478200125,0.23248983675807666,0.16452037948498466
7038,0.06644114975664252,0.3809375562927949,0.3886053889481642
7039,0.03099513758420277,0.5184410400386127,0.4511886937777817
7040,0.07300706476922537,0.3816445038048184,0.2500377967944146
7041,0.20730175924924255,0.3313785492498283,0.20641030589434428
7042,0.09263712111387061,0.23803586278760083,0.1699942322068615
7043,0.16746267095233264,0.30576122045762927,0.46685139866992165
7044,0.046623411922795274,0.39446012302046646,0.3250208486995884
7045,0.21195679817369498,0.3025405348422703,0.49733271672253987
7046,0.08448020635943322,0.33896116663691533,0.11140809671906993
7047,0.123105459775673,0.47821148348080594,0.34516744837025437
7048,0.1146793554319278,0.3130824485929119,0.47104607437076595
7049,0.05400633442155903,0.5215842302192996,0.24484772015415646
7050,0.05799975272117963,0.5089569601740783,0.42203274932977164
7051,0.23893631648189603,0.33469995323215584,0.23481841307210305
7052,0.1604434668568923,0.2465157170280546,0.24406798257956952
7053,0.2532740928624074,0.4950829322756927,0.3438052722957271
7054,0.15241563390912188,0.2879837537704514,0.2752143218380878
7055,0.1345574646831396,0.31819108717052697,0.5067858378531955
7056,0.0415575947917093,0.29390315637021214,0.33709527339999246
7057,0.10184865623490329,0.47507042746571526,0.5121071367144867
7058,0.1198555464407449,0.4140478205864844,0.4138564478277663
7059,0.48410639484731227,0.2884617618023788,0.2473016573577535
7060,0.1960652532124682,0.3216767501339069,0.36062642973552306
7061,0.3583551556242684,0.45868885059435793,0.25426649916736765
7062,0.18418136022336037,0.36606212254541465,0.47651661817484525
7063,0.07639706255688385,0.1681916947181449,0.5194921815103183
7064,0.13220438033781698,0.5181206148625775,0.18108147567232286
7065,0.143422539340205,0.3393775229201562,0.4006967406544336
7066,0.06616062158406479,0.3084285154246898,0.48435969621130004
7067,0.09445186967133755,0.32408849735174683,0.4416940820086258
7068,0.10632471739050306,0.33441019843570746,0.3252184196470002
7069,0.3767284152981917,0.15990985553758,0.7363527624638083
7070,0.034367418388687954,0.3122568534794806,0.3621220374257883
7071,0.28293695740772956,0.5615021327129489,0.19977323740153574
7072,0.06625806046349483,0.28976458758613,0.41626137818895426
7073,0.05088141930756636,0.47979464198710425,0.4680975823166509
7074,0.2777696378913059,0.44871671824900095,0.4037469551632228
7075,0.20234150858865935,0.34391607416948883,0.3587206813873308
7076,0.2929344605215604,0.4787339774914113,0.20711933277274652
7077,0.21236376265690296,0.5332346912324856,0.18673617771664075
7078,0.5230269087475414,0.46031812938579897,0.24228794650017232
7079,0.17926263299503428,0.48486566333212994,0.13425759764239886
7080,0.10988675716423041,0.4246548189787143,0.5300854057783735
7081,0.15434781521637028,0.3512226640978191,0.343785688912266
7082,0.2906344410418853,0.41343701006264216,0.30139657121063873
7083,0.07315617861123229,0.4189537347287585,0.2033223807769005
7084,0.07936227823032567,0.47018722912169136,0.21561670480079298
7085,0.09927485987632709,0.2789324725138631,0.33829114208675204
7086,0.033948493587137564,0.3321163522880153,0.30604801199514975
7087,0.13410712600920233,0.3676507998369055,0.35047875996020417
7088,0.03807780612458557,0.4364374859325101,0.21205178003359032
7089,0.1265665904514336,0.36553639497556206,0.37898321989493267
7090,0.22224759586410692,0.41501516466699684,0.49409862968858687
7091,0.08889369309214552,0.2643329073979881,0.3063932942504028
7092,0.39662500572082543,0.4267684079431265,0.4276958021393241
7093,0.04831857182656754,0.31382483316151455,0.3178367622903177
7094,0.2800177100341873,0.42287924110816383,0.29652050724233486
7095,0.19444896474946788,0.46939389131773607,0.38434106679054314
7096,0.041788375606469814,0.3682177909832433,0.2884959022107749
7097,0.8401275362351418,0.3518970082943425,0.2731678060928202
7098,0.11695072514230177,0.3541131442800888,0.4666664439507482
7099,0.06876323001990846,0.3831263711456792,0.1744817812029854
7100,0.04984664345578286,0.3035369923535222,0.34591302315557726
7101,0.10531880415486257,0.3982800631193845,0.2346023388510991
7102,0.11204931580821101,0.30048088770950165,0.5725431577373348
7103,0.1309067683975262,0.22296351287688693,0.44347652316812136
7104,0.10001184143590075,0.2640340240386025,0.49384522732440583
7105,0.18883024466470202,0.3827447248391584,0.3577314620306371
7106,0.09425051214516708,0.19139091247490803,0.4086799590939164
7107,0.0370959429449381,0.4512637938979213,0.35926250130844484
7108,0.11041181765400669,0.3783690958515939,0.27923009955889877
7109,0.029787588090177224,0.31114073740373555,0.5669866955609157
7110,0.15550720005958932,0.5311450664129104,0.4175632134457484
7111,0.06452916923616893,0.3892937891864992,0.25508526854124236
7112,0.1364424634685622,0.3431298815191174,0.19337805340737885
7113,0.30566039025606917,0.22004942207104852,0.23810825403788416
7114,0.06576634638776115,0.4842940576659131,0.3422234231916299
7115,0.2552960288701574,0.42688966156578406,0.2709036112145939
7116,0.09145972820333911,0.34093704641754347,0.44694900724743036
7117,0.4189851252379644,0.5840202712928287,0.36698040373247676
7118,0.09565633664896701,0.48943693047416703,0.3101044624831871
7119,0.070382224830837,0.2858601199362624,0.3363056582975128
7120,0.19610396370956817,0.268435431195415,0.32311259612484033
7121,0.09131593895913664,0.33449969681322705,0.3116873381532028
7122,0.07033979982226257,0.3728346147412058,0.3792304705589339
7123,0.08883777566401041,0.3904672980423994,0.283948311448846
7124,0.11846994852044536,0.5428403918126302,0.2252976795938919
7125,0.31186339951763486,0.522554379475344,0.42312030190625716
7126,0.037113252136245264,0.44239656379361403,0.25765556742112683
7127,0.12401880993625901,0.2557863652147186,0.488456639985519
7128,0.18773520883904746,0.3392122208423021,0.31877360860889953
7129,0.13927929072648337,0.4189610132520773,0.2904508949453596
7130,0.30474231022777676,0.24379574777874802,0.24526803502021444
7131,0.11611850938218589,0.17548968846019064,0.30405466896840583
7132,0.107842006161424,0.49102140446536213,0.3751185909020591
7133,0.1835131182151082,0.30695063893587826,0.25820413304954143
7134,0.13061013484018544,0.6306684626217548,0.4216789570345185
7135,0.09407832518135295,0.23697990237509525,0.23038889559220432
7136,0.17402665981454182,0.34035645253569324,0.4445182321586152
7137,0.079329653044352,0.3811786933509893,0.3480981294906239
7138,0.08147063828222899,0.4905303181809865,0.29009665112699023
7139,0.08598106997819477,0.24233137736461471,0.37905571362027357
7140,0.3143015641354748,0.45103506306710434,0.5411298754418135
7141,0.020713718262001427,0.2177900527384338,0.4763805518467308
7142,0.1600673024619955,0.5208604553266492,0.3767995748582562
7143,0.12496330378505602,0.3745984906208875,0.44727742221092137
7144,0.04261542122176089,0.2523871677745095,0.2927195677533201
7145,0.15085564533944315,0.4253222768873775,0.27293078348195277
7146,0.16920985150986323,0.3599481379350617,0.41861287754422094
7147,0.18316893967649944,0.17195080838551924,0.36231512903167706
7148,0.02611081557773881,0.3207389864063932,0.30597514859607944
7149,0.3173109359384232,0.42277885929186454,0.4305670134386683
7150,0.07511915783587322,0.43018151136137567,0.3408760774449149
7151,0.19601184926009232,0.5701032191852661,0.4946346215045354
7152,0.20364878543034423,0.35481713170563206,0.15357000398242954
7153,0.06879721283250809,0.3230621314376217,0.2847292843492997
7154,0.19246148961678577,0.5114634184914937,0.4456354520888829
7155,0.09438314087463724,0.23306843124343668,0.5486301722429568
7156,0.03453397000354298,0.1781239569059343,0.5007227167691349
7157,0.2753674406142111,0.3460790949410781,0.27264238145225955
7158,0.0733575201777892,0.2605921419998759,0.49224739023850217
7159,0.06976424632420147,0.19510632171209344,0.1749342338358239
7160,0.09329852455270249,0.20207664342122197,0.24655139237625234
7161,0.1470139221421801,0.2396994078555489,0.3091833171911087
7162,0.1174622913269905,0.25695879595436455,0.38727601804301115
7163,0.17793665459219354,0.4053825869078563,0.2411868092738496
7164,0.05186910351099742,0.3255419146211233,0.32155611286286184
7165,0.0748969465946523,0.3111188714024069,0.5057708493955626
7166,0.11291088272833258,0.2873093195796066,0.2246734674638763
7167,0.46514559823752977,0.26541736536557714,0.21818231876831057
7168,0.11307667043079235,0.4425438644458653,0.2581632023047106
7169,0.2596764908875328,0.394312079300224,0.6701038300199197
7170,0.1253268779335997,0.2769766748843159,0.38318784321026544
7171,0.08850088551680399,0.44269096453816614,0.2520723362420747
7172,0.1034620469393869,0.3071691728147928,0.44510222128009025
7173,0.1090117544686366,0.2733471837730173,0.17318281605438296
7174,0.18496834957075034,0.19355824783740044,0.3223030919876564
7175,0.3191833103095998,0.2627486028584848,0.3507838179791387
7176,0.156143002181135,0.31493747711422665,0.4707729347152737
7177,0.27918469525324346,0.6352828674870388,0.20314119581419088
7178,0.06511328245377336,0.48477860057783106,0.4946131219362465
7179,0.09259238706667368,0.22977280657089663,0.4591646723532683
7180,0.07576549881765081,0.3901389411775923,0.501993912864939
7181,0.1513466856591959,0.2774495095962487,0.22254724856286479
7182,0.09604787728982533,0.35240757544933154,0.5613088492397023
7183,0.2020400014328188,0.49339018580313554,0.16991596088930055
7184,0.06649795012736323,0.39340060656169556,0.21828704239653657
7185,0.12570802024344774,0.4203885288208108,0.3556312666976015
7186,0.19605169481508122,0.2729167286053797,0.2972231925154321
7187,0.03464263780313885,0.43157129771997066,0.21106725061713916
7188,0.5470013835702802,0.3660408750986399,0.6658109108366665
7189,0.10098785703318006,0.32735200311318274,0.18343308958916743
7190,0.03537539667586568,0.3074251342147011,0.1805213138436172
7191,0.1359523836218578,0.2638647308265551,0.3723243303151662
7192,0.12489312601695814,0.3326074486863497,0.3303532500355008
7193,0.11552979513809586,0.37670163075384694,0.20139459124002412
7194,0.24292618741156752,0.26422346654827494,0.6337978478093664
7195,0.20456173216205126,0.3696816887031168,0.34736519141459
7196,0.14962974240051619,0.4117134226287356,0.27867106297799216
7197,0.16623111787071712,0.40329717035472207,0.3360676397357044
7198,0.11379725285585114,0.3335720082417841,0.1928212836949833
7199,0.4257801035606687,0.4385841929795792,0.467514918366601
7200,0.047797843807942365,0.5390634665334011,0.36490976932290875
7201,0.13425118036331432,0.3383826526499366,0.310205732037445
7202,0.1275993625640474,0.5520942118185834,0.3359978840933766
7203,0.214251787890677,0.26021011140835165,0.24939711721054325
7204,0.070233291335255,0.5359007791584859,0.47398956292771965
7205,0.04115321892582608,0.4276313427862136,0.2707291979162591
7206,0.1358344049953167,0.30654747525074005,0.27990561279096704
7207,0.1479258508629629,0.2813051427734336,0.3579399951295871
7208,0.3465989583119221,0.38525751262898206,0.16110739680113673
7209,0.05404462022758793,0.21485593862858432,0.39883358507982225
7210,0.27282216317648206,0.3685628117318541,0.3331282169370574
7211,0.6539996614166035,0.31041340098919407,0.396560831745568
7212,0.09486463199032294,0.26206253966162196,0.31091125202646397
7213,0.05338526845562795,0.5230811164392288,0.25346863605407066
7214,0.09305919531636037,0.32346848475838247,0.3485774033885163
7215,0.12325857492444976,0.48857248110690865,0.4547571352154559
7216,0.17989639551686215,0.1988793035092742,0.2800766350035018
7217,0.08251828059432316,0.24957363859362872,0.43354387322307053
7218,0.3633161986371688,0.3585263591145514,0.30513149817306445
7219,0.059376656313680665,0.41280020699730946,0.28948074358571146
7220,0.04125500374714635,0.26903867345423516,0.4407053196514197
7221,0.2636706385762722,0.20844022662677608,0.3747202777033911
7222,0.03116576510006186,0.5944111661036907,0.20875343664156448
7223,0.10644096198200044,0.17545100531880672,0.31502993492605996
7224,1.0,0.4765356024262643,0.2257843808092157
7225,0.12110472830116938,0.20598618072969602,0.3960347188880944
7226,0.059151287787714966,0.4821386735328496,0.24742722623847369
7227,0.11745222955295999,0.41968233031253627,0.35370181376358534
7228,0.11797589577457941,0.37043819930268657,0.395031190467532
7229,0.13619000236499137,0.37656025236634355,0.3962490003394791
7230,0.1927044827798617,0.5494126974360293,0.2807497059232655
7231,0.0621866137132828,0.47600364485065716,0.3414222770713261
7232,0.3996171553901736,0.3145907696471503,0.26662380910747707
7233,0.14430027832488387,0.5582511346541834,0.29267336068932104
7234,0.20161816278355268,0.2744868733277154,0.2440320161604554
7235,0.08058395675263345,0.143343163236128,0.34217977058931814
7236,0.29967323501655657,0.34692152465068193,0.3901287695165533
7237,0.10275377467903277,0.22023504137917974,0.25334643243472854
7238,0.14755218645150658,0.46646619249208826,0.25381610354956974
7239,0.06641069674017182,0.5127759417761399,0.5400021413977987
7240,0.06382781193265348,0.27080377739277,0.25364939177554857
7241,0.19623683219357785,0.2974617155382337,0.4194993825434693
7242,0.09084939708402481,0.34607162552544024,0.45665504267025936
7243,0.06979369089432436,0.2863519575716095,0.36764205472200406
7244,0.07980778271207355,0.4190236684886607,0.37684141786290026
7245,0.1977202425015025,0.42742303301276624,0.3438960511344601
7246,0.08053784677498761,0.10403312168612484,0.20916579227961396
7247,0.11278524388527969,0.3394464091486358,0.4651907123142912
7248,0.1233439944558474,0.21978154167972735,0.2904525355217462
7249,0.037446024092804654,0.23927159371397042,0.4338778800635409
7250,0.048021729186072025,0.5093925435083394,0.3337322293363508
7251,0.15364159507254405,0.4646063617914147,0.3902150697376767
7252,0.07515302938152728,0.3343730597429211,0.36618639419778487
7253,0.2544764923033712,0.4250478587631165,0.28848370938991075
7254,0.23876945332297106,0.3485767872366458,0.4286147303857293
7255,0.20054256393495962,0.37328876215843804,0.21146564028101805
7256,0.4396121482802926,0.256960364648341,0.48705485656433556
7257,0.1154369078802717,0.32488756882635395,0.46944350469157625
7258,0.19090882570942475,0.24181934443706207,0.30848858502413845
7259,0.08289234103638768,0.4281181384223861,0.3638459361644868
7260,0.6957461157471756,0.4881217009795626,0.3097261476093902
7261,0.4949254800876831,0.2477137820397092,0.25456439149635574
7262,0.12308134721569941,0.3176716567082959,0.32704413099700336
7263,0.15907278901250224,0.23953670052311016,0.36628504922840144
7264,0.3157050306314465,0.4387470253404564,0.501251849225015
7265,0.11057633910613644,0.3252536449073272,0.31522079197427516
7266,0.07912113424643667,0.33954870784707175,0.3372318818631763
7267,0.22361540717493242,0.43545614488337425,0.49766044124229536
7268,0.12876815080793252,0.4626417207562936,0.39368460344545597
7269,0.13828647140532238,0.4624915026465115,0.20659387952268304
7270,0.07065890783804427,0.6469975100183107,0.3329068146202383
7271,0.041750350135271834,0.5222765649730745,0.4343997759883056
7272,0.14341454576569826,0.4486344978026122,0.6826590618105444
7273,0.2285569457926591,0.4831386311574517,0.3564371070122815
7274,0.10491322470100939,0.4230846254386663,0.15579617470322782
7275,0.33363198191875426,0.28230809131096024,0.17429689995564202
7276,0.0767586663522809,0.4949322718527674,0.2676106543479733
7277,0.06159273050589029,0.3782501286386176,0.24406998282301356
7278,0.11667639362686569,0.32153158821068634,0.4332774446910618
7279,0.11547551210817855,0.3683040121269976,0.5827118825117364
7280,0.20782394283937325,0.4916106891860592,0.4266256418348989
7281,0.07336134549108371,0.5102087873066918,0.44347468673835677
7282,0.3176982427190154,0.39102265095568683,0.4123683733235758
7283,0.4889705536998031,0.36113471625223975,0.376621645950342
7284,0.11890751943835849,0.43106823300005037,0.26083364702031436
7285,0.2919312835765292,0.5373531502525823,0.42825395258041743
7286,0.061524895270557614,0.34920092279031334,0.2984770966384877
7287,0.25783913061755,0.5027698654655477,0.43324120873557526
7288,0.25277645303142116,0.3118516151782618,0.3847985037075162
7289,0.2219574850518425,0.493836754748584,0.33616233246390725
7290,0.12081688194957832,0.31935257282037766,0.2624462935135945
7291,0.022962551868866456,0.23629937100998258,0.32855549214637997
7292,0.07988258647439088,0.283906537399646,0.27744414051755145
7293,0.08070000026931017,0.26114077154980014,0.18133887856703124
7294,0.06457103774381498,0.31410581588949865,0.23021412616732828
7295,0.132666473049924,0.33997449549482817,0.3685847545076424
7296,0.09232936962335034,0.28741987757204196,0.12184491836982708
7297,0.0710909998517423,0.4945434403243198,0.668069302675571
7298,0.061437875322968426,0.3031318270200333,0.2849275046388571
7299,0.07619186857798774,0.4634481220771891,0.4371585108928895
7300,0.26645664775301303,0.48524609051224926,0.15038660731605402
7301,0.07889778024723501,0.21283418593044415,0.24131808274302163
7302,0.08671450738190836,0.35166927671989956,0.4638710287588501
7303,0.09007412690384671,0.3714376592279648,0.3829692441438266
7304,0.153929636396268,0.48386547350081704,0.29546225050220015
7305,0.16693517288350693,0.40575462513834304,0.6016709247934706
7306,0.02215021493239492,0.38627752724650477,0.2053267254559648
7307,0.24822234778408223,0.3337503957936113,0.4684955576711327
7308,0.33361728029448556,0.13458211490844874,0.2921378606575675
7309,0.06176409480375479,0.4916876183479926,0.2529697390998704
7310,0.0648102481882637,0.3493819745820735,0.16386541814581002
7311,0.09045483249810736,0.34602712086254905,0.17412389949971985
7312,0.07425052835342495,0.5626552486906874,0.35137464235995697
7313,0.14221800059981327,0.44222003304283575,0.34438444482179364
7314,0.03686864604829715,0.45309039298129894,0.26084951919312593
7315,0.059253808724516355,0.40483727823045323,0.31471836968795236
7316,0.359163312695231,0.1763343651789068,0.32045566125918346
7317,0.06661349834453995,0.26758249162324177,0.2881483451958361
7318,0.29062597271026935,0.3370669999336474,0.23946032768819936
7319,0.15567556284953107,0.5574984162671736,0.3961033933911181
7320,0.039696813156974244,0.3632471099257378,0.489182382607535
7321,0.18910815941816253,0.369728991249305,0.3780350192102604
7322,0.11278430697421143,0.19047863171581128,0.38513937406296805
7323,0.09014668449516129,0.22978620746022663,0.42414865075779284
7324,0.14428470924890835,0.38982867069093025,0.3117729597825302
7325,0.16907850530018104,0.5190276700094016,0.27172958468209324
7326,0.19892114533307698,0.39896136180520003,0.16221214935434924
7327,0.27743572678775363,0.4249104206570304,0.28020616565066986
7328,0.16146180444211897,0.43170751522319656,0.27287864690958824
7329,0.05077511593166601,0.49094580967039786,0.23507522673478964
7330,0.08908151933262379,0.3166924619829618,0.3619598742693715
7331,0.9956654238009679,0.14196423273062841,0.3158584176731
7332,0.2012926750706706,0.48332932458932093,0.38408138736367836
7333,0.6548920072496239,0.42630962260607025,0.2288891806341517
7334,0.32397657715544953,0.4167206705875707,0.19656225264577848
7335,0.1439726011969576,0.43652140061528466,0.4131814274916451
7336,0.14999387641449732,0.5000971432338076,0.43300296293608154
7337,0.11911351675298348,0.46486196971969507,0.2535517186223226
7338,0.04128698239706907,0.4315016476996503,0.2992914554289331
7339,0.12359655092464585,0.3044285479894744,0.3664184199562076
7340,0.28391776585757467,0.276150267581261,0.40236418756384373
7341,0.08207976171090037,0.3411900182639532,0.17900182484003635
7342,0.16188895452224067,0.2907084662070558,0.45366362580330255
7343,0.22011165181829007,0.4896088967978221,0.21205072520809876
7344,0.06738969734420963,0.2379476829332356,0.20607828643035686
7345,0.09039270879071386,0.3278422119953442,0.29368362449306906
7346,0.06300508808068432,0.3046100066605252,0.2917717917830253
7347,0.07120092597016318,0.16423626603934594,0.33917942807016155
7348,0.053491497184528634,0.20557023857033285,0.3532544087797025
7349,0.06778020342073236,0.32317116214527686,0.5553189699157848
7350,0.32959868630482286,0.3986506813931068,0.2472383736807227
7351,0.0671458652234015,0.46664086195171584,0.4643351791743211
7352,0.13304840335998733,0.32962080817040657,0.20021083658165523
7353,0.08739891859671481,0.24410377241562511,0.2195254511322276
7354,0.2775568645501807,0.2072170284103746,0.2447626190743628
7355,0.30502488431591707,0.23590480388340318,0.16643790737189174
7356,0.2220565259423194,0.5018595222824954,0.3865337308074914
7357,0.1504829060333217,0.45000519641299264,0.48554883838838236
7358,0.10454669481471389,0.3958197879163038,0.44346583526039973
7359,0.056653407785107225,0.23071693358453607,0.19519787114482984
7360,0.4807617294682539,0.4081230153038732,0.6510805663820597
7361,0.07407747486442594,0.36546172892478374,0.3482668484668848
7362,0.19289113782722217,0.24821576243284452,0.5324231288838879
7363,0.2549899311692619,0.22403248830394973,0.3214154240609045
7364,0.08447082174436057,0.45566272335812774,0.322533015472383
7365,0.25112112921622587,0.39253588632294273,0.2974083334977199
7366,0.20698516832488242,0.31232087715798657,0.6145569071358166
7367,0.4114296676970674,0.3397250628809546,0.5093880534104062
7368,0.0893321274628368,0.3536887328271415,0.3299338947139116
7369,0.053547033238686745,0.16143878972511153,0.30285341884474287
7370,0.08724977817757551,0.43722889191377984,0.42276102476619026
7371,0.140756352156197,0.41015213601892314,0.17120901747035228
7372,0.12701028069579084,0.24684297660196813,0.1495786628277641
7373,0.09389103482811313,0.2782549870506872,0.2364552492557932
7374,0.0376095741659335,0.3254423310579568,0.3781054852048428
7375,0.16859206204333754,0.27249381394373373,0.4639160168917583
7376,0.490895910879765,0.6477924901592012,0.21893070983924118
7377,0.16786449021877545,0.40810008575223744,0.5314405005113481
7378,0.18567872088416112,0.5736810899255897,0.2818039465588123
7379,0.18098538411543966,0.3454465156350283,0.3840639511085422
7380,0.16022768571227627,0.42930866711045684,0.2814749312925006
7381,0.23290932373614742,0.3675210648313141,0.3237790541688639
7382,0.16004237661141826,0.45801432824707683,0.5725144799419334
7383,0.09903081965605298,0.35336095075965857,0.2818140119669264
7384,0.07238968119529297,0.4994125327877812,0.24467228713695693
7385,0.10330733796814094,0.40238767118237995,0.4129957962762031
7386,0.15131383649718952,0.23483363811823355,0.45227912919419333
7387,0.09880780955336477,0.18347821705340991,0.1978475783241983
7388,0.15133564373162017,0.30620497150088977,0.37715329544641285
7389,0.16496760898392693,0.4825160349647646,0.39714224085329997
7390,0.21727474292532709,0.2842205771071043,0.5629316102868216
7391,0.29890662864808537,0.35391867939642035,0.29479357693564406
7392,0.12873034558604976,0.29105349275015957,0.503506399422172
7393,0.052853340561065235,0.31378458356077465,0.35375801943862306
7394,0.09693013605319832,0.43047141628849767,0.3050413370392775
7395,0.1257960459276289,0.3217953854509806,0.26249346094519255
7396,0.03912816459509903,0.4039673480650322,0.39232891415254634
7397,0.3224101636657786,0.3729274519291663,0.2252561550179374
7398,0.13450120270595933,0.572041816457759,0.23162346221056423
7399,0.15849833552212592,0.3685249463136758,0.4054160770128049
7400,0.3171150748817326,0.3273238121362476,0.5790143901187239
7401,0.08048054261177882,0.37127803033569706,0.20484432340514025
7402,0.18118698091102461,0.19177762359927636,0.2634208815595985
7403,0.11337700245949481,0.2154732832388748,0.36857971798412403
7404,0.10787549870540987,0.3310754186377645,0.28024059796176426
7405,0.07349050438735946,0.2726677155955658,0.17000962499737604
7406,0.3933496489671018,0.3361994944897915,0.2523277553702009
7407,0.09500625865237552,0.23207832452173258,0.3915099017805589
7408,0.19779108932177927,0.3271897787414887,0.30698784363949067
7409,0.0383064088042402,0.12406054820261146,0.377097179858057
7410,0.277778815342587,0.25482013181849267,0.20919398777138698
7411,0.25366286407675215,0.42101597077149866,0.3735171598171909
7412,0.1304431007932334,0.24540006537673614,0.15492562920234554
7413,0.10483385572244636,0.3916483064113087,0.42735142243487634
7414,0.16055537314789164,0.26174433406143016,0.5065078511691707
7415,0.6176338034604624,0.41659630566123884,0.20687251539343665
7416,0.04071141835135622,0.41402299253591296,0.2784000222046398
7417,0.20959291801788857,0.38421875801423483,0.19982917755605356
7418,0.06730810734202036,0.32999319159740786,0.346095440283848
7419,0.12046171773498363,0.21012924091640517,0.3528200067557361
7420,0.10338252256623844,0.24775426376148393,0.2112975571686495
7421,0.09176438168706412,0.21439120191701025,0.277733025432724
7422,0.12123406382103347,0.47084447730991885,0.465964076839696
7423,0.058670339818361124,0.2690853540978164,0.3995150362834038
7424,0.24955348852462123,0.17787733345226026,0.35757258326438135
7425,0.04002637389625013,0.193148533589206,0.4688060852360354
7426,0.1769108532037682,0.44975308447041057,0.5723788898412314
7427,0.09812685576232796,0.23701969876703843,0.35118383252040963
7428,0.05737573842866058,0.5166871421194658,0.3702027403284258
7429,0.1401339272897814,0.3915836278777229,0.30671090167393933
7430,0.04570770972928124,0.17552711807731008,0.35477548721423224
7431,0.12542542333568604,0.3545290052548038,0.2659267712309432
7432,0.04938862460375587,0.43198767122208487,0.18426488052761858
7433,0.1675178505293777,0.3317371910069563,0.4295613154729161
7434,0.06677433942830567,0.33214737816976697,0.4168131511064007
7435,0.09041098598234354,0.25500105986565147,0.34372942614348845
7436,0.14922589285410826,0.31612793914565135,0.34989191800319297
7437,0.073474185504196,0.3685986462484858,0.2667455682885224
7438,0.11740737507952538,0.3514805071780328,0.4832327897794765
7439,0.046851970406590684,0.22622499006229993,0.22135760144111727
7440,0.188520368768789,0.4134861267131671,0.5124155400879584
7441,0.42254265247103706,0.2055088028130144,0.40286393277156407
7442,0.8916356799474205,0.33692870867129737,0.3684744306158718
7443,0.12988797028371357,0.29592210421197185,0.3752649439047949
7444,0.21050516268867234,0.40834315862163784,0.45750022827073
7445,0.04032406837922528,0.30929594252217013,0.2793603272264882
7446,0.3498816126450367,0.34513471682684166,0.4279194740951898
7447,0.20874026640531196,0.2951334452872898,0.29510198443328545
7448,0.08848501082627633,0.34550118340058417,0.3885973466532201
7449,0.28933386663469185,0.3431819482268246,0.19274310512113813
7450,0.10292994806162152,0.28410057833343194,0.26873535850987107
7451,0.08999592337770383,0.3730316599415132,0.5643714154620375
7452,0.16916086268752908,0.35683363129181794,0.5013563828776362
7453,0.06126622865537104,0.34736700297022044,0.548103213810879
7454,0.24822050942587406,0.26588522349465715,0.47467479255321
7455,0.0615440815667672,0.37028319380196445,0.27253048757749315
7456,0.061769100578076164,0.41676007359168205,0.28435430484332486
7457,0.06738930323436139,0.546300105014158,0.4542852152209884
7458,0.2063009558561993,0.36335222347159224,0.46642131171652046
7459,0.08117693958446023,0.3852542212638945,0.5091311470985377
7460,0.05160900265231627,0.3522021140335374,0.35731113008724247
7461,0.08176022121726284,0.3009294611257071,0.32924711162908693
7462,0.11947904378485823,0.36041587134181047,0.48231980689635645
7463,0.05702790940362091,0.19568975153576748,0.19631438979640525
7464,0.058049183878880396,0.21873841384268067,0.3183580723151909
7465,0.542914478160383,0.35019232672372913,0.3092608859765782
7466,0.06949821542319556,0.5286725061533556,0.3104515865624132
7467,0.09835385323246253,0.3575631981309952,0.5004110524371425
7468,0.09552498427307567,0.5111958767364368,0.4071098819720068
7469,0.09218444906235647,0.40494114869325143,0.3495810844966898
7470,0.18726922284512487,0.14668700080718475,0.19641298551507236
7471,0.23563805885039488,0.22327485042956918,0.2280948825749195
7472,0.09947267493731492,0.3793320015792186,0.430700535029943
7473,0.05515230444113099,0.27047380625594003,0.36418669855093966
7474,0.2971290210316689,0.3166513429660343,0.48676618453932075
7475,0.11448925981690869,0.3371769124500285,0.2653260168429228
7476,0.41212981005264937,0.3849709264522136,0.34077819458071856
7477,0.03161649826217031,0.2647884780059455,0.3184816726552769
7478,0.13946577533289645,0.36360280876589673,0.4406451857185908
7479,0.47216924135841637,0.2345869858514878,0.6138430371746498
7480,0.09640940023538967,0.39812307617652987,0.2792896108991098
7481,0.10493513304131516,0.24147627008828146,0.15899144938879217
7482,0.14938642646081832,0.2912947820253466,0.39123015922331406
7483,0.08427846351053736,0.3734925431965323,0.38260746192862194
7484,0.09907050924513287,0.3666329057724593,0.17463519944633737
7485,0.09739795190360577,0.3116531687856992,0.2406968896430855
7486,0.08062179614913295,0.37498073519933023,0.2911591214768001
7487,0.2876214948078104,0.3933721249734923,0.47515229806780757
7488,0.16749529808066335,0.4976824761002073,0.23691806026767048
7489,0.14484755704285443,0.3702374379445852,0.30821551892480953
7490,0.21354284931508105,0.32475410754151257,0.16370471695435834
7491,0.10225617698345174,0.327484366327251,0.3912239985784206
7492,0.07339670433208755,0.30419489571624586,0.21909148738770923
7493,0.08192170130568974,0.45658856956374905,0.6327150444012106
7494,0.12224282399630058,0.31485275112447314,0.25273377057677565
7495,0.061422340460808036,0.45463984769058635,0.449041005743538
7496,0.08754759148803724,0.38023482138566245,0.3970707572954213
7497,0.08664804078016973,0.18121985094836357,0.25130194390854516
7498,0.5481637115163784,0.3605146520282149,0.47049157554263565
7499,0.024755628526135748,0.3092952238053453,0.1599593631674962
7500,0.10819813607933323,0.35382824197904433,0.3334278299418856
7501,0.41075678883441535,0.21180677033342651,0.41787192773075565
7502,0.1326304324252623,0.4364073496022826,0.3109296422491624
7503,0.2054214658940471,0.22794899674541844,0.22725974099100715
7504,0.1306557168669511,0.5129126184043353,0.5376353976483246
7505,0.07857889237968256,0.2030690186543775,0.32265849197640145
7506,0.03167416201209271,0.4598955104829041,0.27999675836207805
7507,0.14042910999437871,0.41728875900801554,0.23053765828265382
7508,0.07333137005726467,0.2581549293609671,0.3465185201218779
7509,0.07219069768584964,0.3560284117112872,0.31380138480067304
7510,0.08762031574081008,0.24894689910205028,0.3060115720224423
7511,0.4164740619056195,0.3029851370248251,0.5484457308768349
7512,0.6720662163746635,0.17011844276619925,0.5456809945470817
7513,0.14156445717065783,0.23139776156489894,0.3637117781960172
7514,0.08959995082589224,0.18584614445026948,0.41557294291033153
7515,0.057157289132677945,0.395915233613303,0.19930091571116287
7516,0.16836487176697398,0.5020565639195661,0.3460375315737495
7517,0.42806478210600124,0.5088221025330827,0.36574140506488495
7518,0.10341965353549154,0.4828111781844573,0.31340045959166124
7519,0.02962313841946071,0.3628977915712512,0.2914351020437202
7520,0.19375762025495058,0.3837011073701126,0.2582338032674186
7521,0.2419321288786852,0.5178210056149581,0.339954772153112
7522,0.04496112738863617,0.4346549301339443,0.4752617931303693
7523,0.1376720654164767,0.35158329328518717,0.4983999194905855
7524,0.1663545550700513,0.35649309995092116,0.3361490345038366
7525,0.1162153714267958,0.38187114766775426,0.4645517994074104
7526,0.07262940856482221,0.2768368498992084,0.24541550217071406
7527,0.247222011511143,0.5096067716198925,0.40039729985005323
7528,0.09327927928782082,0.2767956453856651,0.32421798017803044
7529,0.04763251388107735,0.25909796591426987,0.2680752992406743
7530,0.034928102040465675,0.2543672330779134,0.629756327742325
7531,0.2942607457754213,0.3022480164407268,0.2878901107071347
7532,0.18665759753190703,0.27409234173773817,0.2984786100139645
7533,0.1296059348817796,0.241971985492805,0.28918337694611973
7534,0.09104793990003494,0.47701236938943553,0.37465725249925297
7535,0.08592493689415408,0.4966152921194655,0.5037473974857724
7536,0.060802476991197625,0.23029463203479886,0.22667420682672967
7537,0.0915757717148101,0.48606061467305517,0.3899857633066699
7538,0.03368000862815298,0.45724655033389666,0.37487776326299327
7539,0.07519930146742582,0.47633779455663416,0.18995217670444564
7540,0.09914494856499269,0.38380499856324946,0.5040582751394167
7541,0.18577528433195092,0.5778679428161296,0.36585950624616315
7542,0.11884473425778669,0.40701487611074094,0.4199889404244156
7543,0.2115022326081083,0.44907852962922773,0.1564059068621878
7544,0.31341842216001775,0.4661357272323387,0.5205140871994771
7545,0.2547375687892765,0.3570975208953545,0.6135896765772529
7546,0.168595204250289,0.35041782714697395,0.32028408149999527
7547,0.12307986724570248,0.24923780010062127,0.26424947663469567
7548,0.06446963304685865,0.43650358832037645,0.13153927803295096
7549,0.20348735184473776,0.3381759429005961,0.21459452715214455
7550,0.39737759718538224,0.1823585258033179,0.4344109556187764
7551,0.15426048879547077,0.36923098546965444,0.3326714510544689
7552,0.4717092731530877,0.2407131001996548,0.19712253723253753
7553,0.046536777254035794,0.29920425098453574,0.5295113444816215
7554,0.05796177593474853,0.37686137485367244,0.2692665090053646
7555,0.22067250689490456,0.3136892915597457,0.2000702333359558
7556,0.14621321346616364,0.34170222231292424,0.3409902528448151
7557,0.30559644250175577,0.3746188189956627,0.39396542908500387
7558,0.12082435158514998,0.3907529510389875,0.2111708306047248
7559,0.06917517394510482,0.5857884915148169,0.3049631951817801
7560,0.1057709868848755,0.5672311303059223,0.5314718168460262
7561,0.046347175494123725,0.16926645360896234,0.2099463868798005
7562,0.05887000063574372,0.3527333645887928,0.37522352707070883
7563,0.2397237202794051,0.1483784525161221,0.30327203296335353
7564,0.22342585144284524,0.41716062748460403,0.39711673400058156
7565,0.15650174984183485,0.49901056960340495,0.2354462032438796
7566,0.04167148654358467,0.2185806365306674,0.36185918544132833
7567,0.09608303474741554,0.28039889460078854,0.24360662940295108
7568,0.055533881737813984,0.31295151261239484,0.16144282584877206
7569,0.2770962525337605,0.30034400765363534,0.20549351845069325
7570,0.082928752059573,0.24361416653860346,0.3133093533402657
7571,0.060430623485120585,0.38887647780017026,0.3618725063401238
7572,0.124584636337099,0.49397830308772933,0.4843232183495553
7573,0.0799634647172565,0.19696971536610497,0.37607473104000666
7574,0.34514581054211807,0.4481791482570266,0.5344783406881147
7575,0.07525937680746142,0.4503637377957746,0.3150362244644925
7576,0.050076612768966786,0.4363052494099081,0.3989621408339684
7577,0.03312162720385215,0.2999368781249512,0.24116454760378286
7578,0.11958042587394767,0.28532709858981214,0.371034066530623
7579,0.08410737638767969,0.3381973371325646,0.297656371647249
7580,0.04921518278816436,0.27160692052688107,0.2869517927833735
7581,0.2796122877748344,0.4151430867377753,0.3438138659517096
7582,0.1933776135753655,0.4673947787214311,0.20489732567262642
7583,0.11978807590950279,0.4308614548314694,0.37295099590444203
7584,0.3168428726736815,0.5312326732629739,0.4177023799949491
7585,0.19274130998558364,0.3199126081705152,0.266041767488281
7586,0.07116988826921451,0.45447713605119666,0.3561568179075789
7587,0.0621824387042515,0.3533551526954331,0.4898225413827869
7588,0.21496195056388293,0.37725537654191865,0.42395631780501186
7589,0.1601523693875372,0.3422738000481132,0.3220542967216707
7590,0.13703942391319157,0.5004441785207411,0.3804901057839807
7591,0.0701163892147655,0.29892019918319646,0.5246737113830934
7592,0.1855247565473716,0.21728578443472676,0.3641012909878967
7593,0.07427439062845452,0.34439402874470904,0.44871231350941865
7594,0.11397882113289134,0.3044748614604336,0.4291753978760209
7595,0.3361559729847491,0.3396967906336076,0.3464378510288513
7596,0.07890744940510461,0.40282773682467427,0.49545008311016236
7597,0.04529134295684477,0.5736367339526884,0.23854264731040842
7598,0.06167448389847434,0.4153590183905295,0.38420320418708576
7599,0.24346136584810674,0.3183735093861309,0.28021128401249973
7600,0.14525623584829425,0.5117709589262297,0.4415692534919373
7601,0.11193880429639004,0.2966961196343976,0.33426378419916003
7602,0.08704517192135372,0.5673744756013829,0.44974745803891236
7603,0.1703425968770422,0.33978185452947907,0.42534593663395803
7604,0.07000134130893082,0.3954425746597559,0.29302456959743667
7605,0.15043431596902965,0.4107781503686914,0.3972235801512296
7606,0.07543022260619923,0.294460182625811,0.3876943048936512
7607,0.06789870487740499,0.5904470574113054,0.3146993162584781
7608,0.08010083638478836,0.3172689906399096,0.43826665414365007
7609,0.095012053815191,0.31395845845145226,0.32451525461478514
7610,0.11813285309132962,0.29456658843063377,0.25914410610864713
7611,0.14334700278299722,0.247670540405348,0.3678317918956724
7612,0.01770075239599004,0.38275952059253693,0.3874320672986251
7613,0.07185724966753546,0.34318139475129456,0.09974298439332119
7614,0.09400647711111801,0.29100428750564666,0.6718860891235097
7615,0.350466684729878,0.28094791873417774,0.7530075925327941
7616,0.06064368427981527,0.5010243629180997,0.25413216158498003
7617,0.13638991259697447,0.3521383490592506,0.4067222181819017
7618,0.34795237233117443,0.35381991215580355,0.2336848288587255
7619,0.052690618125647654,0.3270994805771971,0.18605262294842406
7620,0.15988765216585463,0.3571514956571136,0.2892716592245093
7621,0.07210225342552629,0.40273163627411673,0.2074318102525189
7622,0.08729845529994544,0.23463704817143902,0.39683403582832344
7623,0.07206397232188087,0.349184606328084,0.43988117058142184
7624,0.0754012353923367,0.45871413731996646,0.5653365175310517
7625,0.846979857426305,0.2953602432332576,0.3412580486305862
7626,0.21900765796291646,0.335137206808325,0.43780762017843755
7627,0.2627407008783348,0.5178336094567269,0.37976546842642434
7628,0.17112938822734106,0.32084073077256564,0.36800632549127377
7629,0.04444327667117301,0.29389298766081423,0.23967775638114808
7630,0.15999636583503687,0.22695538699813497,0.31109713229956676
7631,0.25741996269092504,0.37738064602528115,0.2982583551021636
7632,0.06981230459595629,0.3953056901643908,0.40365531606472926
7633,0.23851948994524141,0.4920259732444938,0.15409395229290546
7634,0.1984676699506602,0.4061177298425797,0.46264518233356655
7635,0.44998105060806654,0.35914539735523954,0.30839191420318907
7636,0.09240094060330545,0.22944018365336133,0.2695216426583344
7637,0.05999352156999537,0.4297950087419185,0.3745479842837818
7638,0.09587890249791228,0.383979524769653,0.333654804815398
7639,0.3334267619867892,0.3013902749478517,0.3534679914321984
7640,0.0392850374102835,0.3267903668510008,0.4980374697571983
7641,0.03458760353495876,0.30298142559588864,0.17651980855147642
7642,0.12973137024920534,0.5417603121237974,0.20707473238929425
7643,0.09090997334369234,0.33068359776929956,0.2801285448424284
7644,0.12273574706907843,0.4539337445841731,0.5108665662182273
7645,0.23516682066287972,0.28159950387050453,0.42852572585739357
7646,0.0846195178210645,0.3455397341044393,0.32307441461630526
7647,0.03834775160011573,0.39007341292308767,0.4054529104110892
7648,0.5172337326873288,0.3067200907510207,0.4348111369420674
7649,0.06381608916643657,0.2612582930460568,0.3949047399631128
7650,0.061428929868177745,0.4212378584791379,0.4669823190039474
7651,0.2631109806274859,0.3795838020494736,0.35532569078397336
7652,0.09444554396675452,0.21087829959928972,0.3915717028998468
7653,0.11697874367229884,0.2687187411776982,0.3922600629947268
7654,0.17003883770789918,0.32541068862696954,0.2940174671884533
7655,0.25937440762002856,0.24351899625856582,0.32198338804126986
7656,0.09767862791524902,0.1861974846564387,0.3937649340337258
7657,0.35423321789992035,0.31716936473407753,0.2416463121299055
7658,0.03341104168727325,0.2323184869571824,0.2641363219383714
7659,0.20634258051107254,0.46289344713370173,0.3088702962596659
7660,0.07042507498325067,0.47151032977725565,0.34200058212196593
7661,0.3186492702407729,0.3707816311088372,0.334048071644779
7662,0.13447059655066548,0.2375541626363782,0.3342939532335275
7663,0.07829846360502955,0.2526575636057765,0.3508034320416843
7664,0.19278246305313032,0.21257806536779475,0.31165794567073635
7665,0.22666513566766378,0.3376353244412535,0.268011227880427
7666,0.18997814581593755,0.28561749394095837,0.34003547053339456
7667,0.06254852005364281,0.342395587141552,0.40955437209446355
7668,0.08848017763647484,0.3732960235335658,0.43747146397720305
7669,0.12175939303530521,0.5434336947662427,0.16217557761806156
7670,0.11873783859866421,0.1627460406387586,0.24029180074630535
7671,0.20489243695591458,0.3175584453323453,0.4482801363383676
7672,0.03556338000896853,0.16253658767676732,0.3070398327975504
7673,0.15343503047612722,0.18247328510338756,0.17326899558968112
7674,0.10053136871723094,0.2969371606061786,0.48584872212507546
7675,0.0704706890218254,0.29890008021059244,0.45650322650110453
7676,0.07489215647362389,0.42169960556284575,0.2240156005407341
7677,0.10570438269619732,0.3057048070366786,0.22488578484312105
7678,0.018187304424585236,0.5084965657275329,0.7832410467496775
7679,0.0768877283222113,0.4005484689976951,0.2468085983752682
7680,0.06883533563506546,0.577048772946369,0.48516198280243716
7681,0.17605314381804366,0.37364809892476253,0.5323602842248064
7682,0.07195387686958137,0.3337386312527266,0.2022092598468076
7683,0.1056637743046809,0.35768850938564845,0.2473092141223382
7684,0.35995871269918367,0.07816347525322397,0.4599066683882559
7685,0.24347045072745202,0.5304448175469153,0.2093140564087898
7686,0.22812315689871374,0.22233600110255017,0.233427627684611
7687,0.0875697702138471,0.2872761735675079,0.31557568031876826
7688,0.17731384915268242,0.42131421842221783,0.3229045811313074
7689,0.10434923790581585,0.36780419736633807,0.4678629971167123
7690,0.10701361181186901,0.3510811859586546,0.40031314609995494
7691,0.1616350477039427,0.23900440638915285,0.3588044277884348
7692,0.08222021768633639,0.3305857347069634,0.3206008303206867
7693,0.3474465440718878,0.34234929068856396,0.23519311474501492
7694,0.10961830184706697,0.3304776724188693,0.4850928734974401
7695,0.18687894787028383,0.4785966335132646,0.3512976021218769
7696,0.3382486738476823,0.3715124954861609,0.41162578444517195
7697,0.249991458516384,0.5672919398351112,0.36044966335738016
7698,0.049793229777111196,0.26567729812134877,0.3483654934241799
7699,0.16562597938939674,0.5653681883285028,0.3474295903967016
7700,0.21997647238615234,0.25820693146417084,0.33659168883967683
7701,0.2264532109445715,0.48748736990936115,0.3212071369925194
7702,0.059421507298624346,0.27619762171303525,0.2758361459897179
7703,0.07910023637196,0.38662795104120384,0.39653630478988444
7704,0.24350609426453507,0.3957819538777454,0.4724400693486197
7705,0.07397923133651886,0.3618267006892737,0.36262699650550556
7706,0.09988598944130303,0.3853782050111644,0.5414106527567163
7707,0.3687559725142566,0.3384231870758923,0.28914459699282075
7708,0.11821501519532142,0.2129982561716523,0.6282078799156399
7709,0.07564610304406139,0.3320784011309727,0.38599505574958515
7710,0.06875747409677911,0.33224520789042183,0.11167528720362457
7711,0.15326502006469836,0.3557313384621222,0.5893940009842146
7712,0.0520640709857837,0.3475899059105581,0.24377759433995722
7713,0.10341995788672434,0.32207443720189416,0.35908904405074205
7714,0.15331905604462018,0.4199835970764751,0.39407044259305124
7715,0.3024183561609554,0.2813225162598068,0.34363331689762633
7716,0.19341862232992663,0.20236773333816538,0.3241836577117792
7717,0.07626236911491087,0.26596575544977363,0.2718652991995792
7718,0.2774686134614645,0.3268724051897239,0.2840418721318951
7719,0.09989797277204457,0.31722777664256163,0.4812456784351671
7720,0.05517797471664756,0.12427860999664637,0.2380980729639235
7721,0.10874792409923514,0.3144116102572477,0.3419350100479994
7722,0.3340482307728427,0.28533786076284245,0.4183608980621706
7723,0.13661784485090656,0.3757466679557625,0.23486073557855192
7724,0.1231348256922863,0.30325654857796713,0.3888415457175868
7725,0.38539045767557323,0.5160195888241249,0.4621320128085208
7726,0.04914490002829505,0.535529808880775,0.3754726707735112
7727,0.0535554883493394,0.35913165175753975,0.47260252815027415
7728,0.04420266379960228,0.41238340110369176,0.33173723383511283
7729,0.15754776568003934,0.20323266700559373,0.2530056208625986
7730,0.1367348963744718,0.2338636709117625,0.3200031864822366
7731,0.36007761656516407,0.3959343361644364,0.20915078370233625
7732,0.14413801124312076,0.3388000737903202,0.6680025255205844
7733,0.09323163181235825,0.332944635904941,0.3352881739361483
7734,0.12224380288770752,0.3166584056377495,0.1698892661703349
7735,0.13225693997145835,0.3456921825771678,0.2708896544396623
7736,0.0428332052905695,0.37865619471151174,0.3150813296730618
7737,0.8398436054887485,0.48014110387407805,0.21613311362706716
7738,0.17447840299838036,0.33662092287787415,0.2151485475713557
7739,0.14086775322866657,0.30144809323152894,0.3005607640797546
7740,0.18646212810605006,0.32746178847181284,0.39762601865506564
7741,0.19917501263118756,0.441594245372863,0.44908964356794434
7742,0.11106557528242529,0.4898786065087458,0.47125913084552884
7743,0.08042363038641326,0.4086661776750272,0.2767607787053393
7744,0.18442745578294065,0.33461591042423316,0.1175116397989886
7745,0.15897654529182578,0.3076357601156911,0.5681308572387085
7746,0.07175552446664678,0.3922910090260972,0.3133500008169133
7747,0.3294995108811897,0.27643995674108657,0.29140196025648285
7748,0.149164561349877,0.45096269929703553,0.4883999620388827
7749,0.20204658303762865,0.23163440653784373,0.30377853248277836
7750,0.323162677614457,0.39965734988797785,0.3916413285843443
7751,0.12391868299654239,0.26512418598457227,0.36324794666143867
7752,0.15160836139610606,0.4431121826698941,0.2195044363318358
7753,0.21376180225238578,0.3681535133835156,0.23206830794204553
7754,0.07573849786275318,0.32648664658736753,0.3128995515058275
7755,0.12665189672806068,0.15850653612912485,0.33437455573015973
7756,0.1329658118573197,0.5096316181468387,0.27369998923301586
7757,0.06546778577543012,0.4199933819119209,0.27286056381573975
7758,0.6307310094842628,0.33318271748108913,0.3284931546820005
7759,0.049840626162192585,0.3765274966631087,0.2660562352323823
7760,0.05315816528269049,0.3428495980604039,0.4415967563967248
7761,0.3056935034285864,0.37064383043844673,0.36962473523556405
7762,0.1997141540124375,0.4007892246475341,0.28263786604978464
7763,0.06269265344984745,0.4312219491756534,0.40342604299579343
7764,0.1854394633089257,0.3892625438086845,0.5011108574534614
7765,0.34123314369078744,0.44748332501049004,0.3555635170862872
7766,0.1196227096600438,0.3195635759009936,0.20273496629178694
7767,0.7741685433006793,0.31613775638817027,0.5365754378001567
7768,0.04160253778226464,0.23761261934275524,0.5512320065443245
7769,0.19701077951297466,0.28298814406963235,0.48837780085152727
7770,0.2751296706131539,0.2971089657923297,0.4085055830908938
7771,0.22637025812741157,0.26684443377721195,0.39362455833890153
7772,0.10642491037920493,0.18071700870287452,0.3516777793517931
7773,0.10050069619443464,0.24620589707272056,0.3466285893649408
7774,0.1655397996744993,0.468851059661644,0.22575738035992077
7775,0.21462521920771227,0.33843926441573857,0.22749050645922753
7776,0.1848170283808392,0.21572399502595818,0.25012658852610503
7777,0.2514856313671482,0.3871986426984167,0.160910415381329
7778,0.06296780602158798,0.45915046463940024,0.21866435781608246
7779,0.10477599758853628,0.4748024157193928,0.3355369654598388
7780,0.06612514656400281,0.3916003768988583,0.14550886367402915
7781,0.09434466170535122,0.2940680611752915,0.2437227741259428
7782,0.24709655078227558,0.3777908485668552,0.3119196553230859
7783,0.1313835901147687,0.3023978456412637,0.26035600444338136
7784,0.7787226319803461,0.24657692250162916,0.3014795959467289
7785,0.13927526683060137,0.5356017804125578,0.3677264356023401
7786,0.12713794317881305,0.5383392065122776,0.45055719503514813
7787,0.13122251532702467,0.5261032141307159,0.2629734749399807
7788,0.08008427482177914,0.2979981032478791,0.30448237716135595
7789,0.117417459104095,0.2831488985470606,0.1470313111103313
7790,0.26765064389946386,0.5040348438151632,0.4039403436183847
7791,0.13192056728299054,0.5921027958531387,0.2516861905122773
7792,0.07250576240525614,0.3827680777880089,0.3743116975174504
7793,0.06674401988084105,0.5874755007840482,0.30346206630541145
7794,0.0904578820491929,0.47290023825233163,0.6427312618458126
7795,0.12836816548938673,0.35770921304719916,0.5763436664145631
7796,0.280482003339271,0.2791087647700838,0.40830730110245184
7797,0.05183846375791135,0.3444778423923452,0.38408905744909283
7798,0.09856334569591678,0.3793036225832815,0.36423668122749353
7799,0.1346787011047215,0.4420901440436967,0.2891450916519617
7800,0.03917203232851968,0.3003397951536911,0.25975779811356703
7801,0.07068891593584253,0.4653872977695699,0.2447148881517875
7802,0.07794863639430379,0.19597735710915498,0.27259420082302244
7803,0.07239053115536233,0.3603509990313302,0.3832713195840043
7804,0.13913074340531542,0.2745822419358271,0.31120866501565686
7805,0.10958678612247877,0.2705862383024415,0.15836620469967844
7806,0.08447051460260215,0.3750338569468102,0.702414566927351
7807,0.16369370466187635,0.2637108581808048,0.318936519944892
7808,0.4099818534696684,0.3521131382048965,0.6286996838307113
7809,0.38595814007763407,0.30659716526409986,0.2948001713130855
7810,0.03733776443694511,0.3822195554563612,0.3104165366700008
7811,0.18157024928113663,0.3463687398524191,0.4461616303173285
7812,0.10831369638625893,0.2856713576943456,0.3050761682652863
7813,0.13567975964521486,0.43717378215693975,0.38114735510331477
7814,0.09359233512603175,0.3816594123106908,0.3020725142879802
7815,0.13224623261253798,0.4202061210010769,0.2874083143549652
7816,0.13533290343438167,0.5122142455954752,0.531156377893004
7817,0.08318513653707854,0.46994269824609597,0.22205139765512694
7818,0.06795367499791174,0.24342666998686247,0.2842887545146593
7819,0.09054712973658031,0.33802809613311124,0.5756152708560585
7820,0.14322938081895986,0.27985358270642474,0.3020278791204923
7821,0.18436897503242086,0.3469290539447201,0.2007120766042747
7822,0.22038454465879714,0.4455674829288681,0.40662109063675744
7823,0.08789482545023605,0.19493487196912862,0.3323540779240181
7824,0.14819204670409583,0.3727375299833284,0.38675414457582
7825,0.23804341944676827,0.32481206333824214,0.34324257183946216
7826,0.27494693326266206,0.345317247083298,0.2305353045688987
7827,0.11733862158098211,0.2257828355709361,0.3624331884576256
7828,0.1052546716171626,0.1734714397760245,0.49218412095336095
7829,0.13905788577824055,0.18160454590703018,0.28516995921023547
7830,0.05811879581966802,0.2973861523841701,0.24957752542915457
7831,0.10719127911264976,0.4914524161302957,0.3178870982202408
7832,0.20415158656446714,0.20165430016376887,0.31421207174466886
7833,0.1899851874753853,0.47233992487354864,0.30284496086381213
7834,0.10185535975893284,0.3880030810048193,0.4877433175394945
7835,0.14161397603475073,0.2898929264819516,0.3628290975934292
7836,0.07108927909908398,0.3705578405312792,0.5494059175039478
7837,0.19835027847810827,0.33394728044111177,0.36110604264661084
7838,0.11584701606681075,0.15901445648167253,0.37637780751318717
7839,0.10147164506644936,0.5002280735422447,0.6337881662401248
7840,0.09587284986416458,0.375626827206443,0.3743285083559148
7841,0.1170178540903948,0.30878478510909957,0.30949521580759776
7842,0.09059564276446197,0.3199161040792454,0.24464734533397042
7843,0.1921497157583089,0.21163517621745626,0.25237205276205205
7844,0.0937771252883872,0.2555502773492147,0.2933469272624276
7845,0.3733147809372983,0.2691881095288236,0.3100536855336148
7846,0.34058768425132335,0.5188829161141407,0.15711296169535816
7847,0.068159412756162,0.287851936046487,0.33442706056766835
7848,0.12800577328992205,0.3038520550937605,0.11430694276523523
7849,0.07942515165177054,0.40747138509614333,0.4935473768570592
7850,0.09811960677023138,0.3119512400278568,0.16943520632593828
7851,0.5017088605073056,0.17010778440576255,0.35635662199962315
7852,0.09936619696631269,0.387474610266708,0.3520181856006741
7853,0.15620179206548282,0.3402827948432677,0.5028542790296316
7854,0.177102721097925,0.26400202671312717,0.3510360568105104
7855,0.06368187659529413,0.5174480584331167,0.3256187889745247
7856,0.06973781689573284,0.3385417464110666,0.37111672581247845
7857,0.05617190324943827,0.27014969928027605,0.2826605739389479
7858,0.0683979969802334,0.3006180959427132,0.28409885731910167
7859,0.023968947468894303,0.31594774442867957,0.35963893774830213
7860,0.17750535818873303,0.4740146199650519,0.30564305222284227
7861,0.5208883365149454,0.39983446199757217,0.40987218073780096
7862,0.13500187319198412,0.2821740418458798,0.24997210986895707
7863,0.0495796562704542,0.36426303458918313,0.4493768717034363
7864,0.0798286797689276,0.47902060427239457,0.38920632503197705
7865,0.08994579464122684,0.40850741055707157,0.3389022629340568
7866,0.0630178024879979,0.3395834888022498,0.19533716052653366
7867,0.22144874702375922,0.33635892970423775,0.43453129655353306
7868,0.21379682784969467,0.3242560039566028,0.5975566423698657
7869,0.057916470648358455,0.3404646467987162,0.2887638460659281
7870,0.20137600640866055,0.3482005382556599,0.4372831000153308
7871,0.3559826861923791,0.5904419965922927,0.3240037428354855
7872,0.4667196265006108,0.3340761478123623,0.23123971034923774
7873,0.9405355927734259,0.34600542598450473,0.2602374380532097
7874,0.06771469948872921,0.2252753923849892,0.3247945684937526
7875,0.9127533395607271,0.4493462235567531,0.3872068589137898
7876,0.09634947221079536,0.3166242145849425,0.20156232304065386
7877,0.08246118354097272,0.3812047938536646,0.2659329478730985
7878,0.1526694772759649,0.22879942385673824,0.3397007130323292
7879,0.08301790929148338,0.29695461962254477,0.21761742956311197
7880,0.1604492367584737,0.4326298117994517,0.38004274125456006
7881,0.05246883547231288,0.2869472751009099,0.5596158516624065
7882,0.10401245081429591,0.35364122862119846,0.3253757773713457
7883,0.29950211317827985,0.30273613237410024,0.4215161695393279
7884,0.11747885429123311,0.4496744685483543,0.21634484359240175
7885,0.13442942264294336,0.2043805194886618,0.2728596339598394
7886,0.16915189965575994,0.363045511079474,0.4549904203071161
7887,0.27594035292044716,0.3563790538189181,0.2091894748750967
7888,0.0432323343439239,0.27229226228308534,0.2654957358745297
7889,0.18251642881373298,0.21313951332660583,0.47497392916445647
7890,0.10199946748034351,0.3712485464002882,0.27480311539866487
7891,0.1367484263494372,0.5262375698107747,0.1615210070661678
7892,0.2550595286233263,0.6524212685197169,0.27917935280663686
7893,0.056574377633722056,0.43424791476239727,0.5627264366175166
7894,0.063210436139115,0.2534008200266797,0.5169151055595557
7895,0.03708674667187358,0.3799730488390491,0.32775092123589
7896,0.08480698926138894,0.44079402829131986,0.3117351538716695
7897,0.3092548819629318,0.3839423098679023,0.6650170811751686
7898,0.11256340331061146,0.375719675466192,0.24515092701149915
7899,0.05184961430283696,0.505730465198985,0.2718225830686224
7900,0.0883842661325749,0.3121837767820094,0.4636427367305984
7901,0.047558904455419826,0.14758643265705665,0.2513038766610802
7902,0.05899221647554488,0.3765564079140831,0.37706489404172916
7903,0.15931854098088763,0.3947806083997324,0.2195789712859066
7904,0.05727340097667473,0.2926068475398128,0.5243108229077186
7905,0.26478296030630266,0.3227752163192936,0.2918486441978539
7906,0.11637101874957406,0.6216257676477871,0.2710831975993388
7907,0.12939635110772443,0.27056477435983484,0.2533840257971488
7908,0.1013086587853921,0.3331318653533328,0.22677826336304963
7909,0.20824486782683083,0.37340571050642224,0.30003856502409953
7910,0.20975986505001235,0.14395123969304208,0.13735863317531405
7911,0.15351200568003862,0.36913877503053977,0.23181895130059144
7912,0.1800219805581493,0.2365492686357119,0.33796616143048996
7913,0.10587712047925618,0.3530886356339524,0.3456999109651363
7914,0.17721148721710145,0.5781103979257979,0.32863334022980484
7915,0.09739391819052604,0.267447862607063,0.26098838070863395
7916,0.12227994295297669,0.4018013075644258,0.527775737210522
7917,0.10155978478072757,0.2571736178474867,0.43858418513876574
7918,0.09004343147253716,0.5352583218069508,0.3251073290850252
7919,0.07748935384114745,0.4417985724689483,0.32394092339622976
7920,0.16826557076396503,0.38252991236857115,0.2877667327495683
7921,0.3049036450701348,0.38463200352296684,0.27169453149430867
7922,0.27602686554507705,0.4470073677889541,0.3196206886470363
7923,0.05449229607828629,0.2624101422017625,0.44847973654684614
7924,0.30027751740552366,0.24295043045775305,0.29043654634329896
7925,0.09867217913348512,0.4255596536375431,0.4940824609855493
7926,0.18459261618351674,0.2764332943764473,0.27096081602826333
7927,0.06753595634788347,0.44778349962304004,0.5244841827539176
7928,0.13446467095191908,0.33775065333082205,0.3052519584454187
7929,0.15127148887782138,0.4911767840787807,0.4146910148237569
7930,0.047648527820199425,0.4096678708447341,0.6503721785921157
7931,0.18556616486559907,0.30662738835886333,0.6755877167071167
7932,0.31270193700368903,0.3958642034126508,0.2109576499748299
7933,0.10855847602021072,0.4735797869333789,0.4602008063408919
7934,0.3159017047846707,0.47339919560803906,0.2444237743836314
7935,0.10747206882977199,0.47878782315627355,0.378053763699028
7936,0.21980060348703498,0.16303687542068376,0.3914137953385992
7937,0.0320446705054797,0.282054395242325,0.43755569183198195
7938,0.6789249489978614,0.44822758498525506,0.21602424692160987
7939,0.34805924780002695,0.42489284576362985,0.2243682911418165
7940,0.10088916367323665,0.4483309628564173,0.254790942824541
7941,0.03637290191922985,0.3723550554931795,0.40276456546145556
7942,0.14861916319456472,0.2582789812818947,0.36319462031369554
7943,0.04878631834529312,0.2478505281473841,0.3822840876755935
7944,0.16562111567107743,0.3198048051765992,0.22454676381049227
7945,0.16184556106141518,0.3460880299094438,0.3544368698421596
7946,0.06606799464258666,0.38702826479945496,0.27021863142693175
7947,0.26635586104776937,0.369632566828254,0.27428245752742025
7948,0.21309307875798744,0.5124943557213011,0.32260939643976033
7949,0.24029771779204717,0.2708348605808163,0.19722330612910927
7950,0.12282967177193979,0.29779254544465145,0.39639967661933173
7951,0.049601246045872335,0.35075945292271904,0.20369527577423308
7952,0.24064643894303403,0.32233518146012813,0.2939222351405824
7953,0.10184833813511023,0.5765010856239231,0.4223566824499877
7954,0.0503548606351649,0.5677846593927733,0.19756220328684226
7955,0.3140701409178219,0.26930480213216884,0.2061063544246413
7956,0.5382515998896984,0.25714117996186286,0.4604517476358382
7957,0.1187387621196615,0.22898007870094714,0.23311832610211214
7958,0.5620915595552891,0.6533857534569113,0.4514510047639787
7959,0.12990092727912764,0.5959758698722747,0.3855487869002314
7960,0.09469666406287049,0.24839785555344457,0.21114369950429085
7961,0.08046418281253974,0.4658219468662214,0.35485471598851404
7962,0.38535460877009914,0.476135609968813,0.3871624880620823
7963,0.07312051169685785,0.24207514876636585,0.20677261092320365
7964,0.20282078321773828,0.5567602739141557,0.3427136459490554
7965,0.08425835459546098,0.30189270079175606,0.43427939446370045
7966,0.08986170084060081,0.33670185661249274,0.32745778054387764
7967,0.2497427305776108,0.45529661031997504,0.35248274034721394
7968,0.0947227988491176,0.18569157501530462,0.3213499199013421
7969,0.0931925359522194,0.3140826977200395,0.4588352594085827
7970,0.2686071012062026,0.280515792140697,0.32584152847850373
7971,0.37450691300898414,0.31062802023201785,0.26661230394709173
7972,0.19034991498945372,0.37395065651246506,0.31263425613908935
7973,0.07921545939855103,0.47156452817326067,0.19352025946123824
7974,0.08695934359545222,0.37356542377122703,0.09765735243969587
7975,0.1288974629890609,0.3385763365827129,0.2547462601741535
7976,0.15202451124055916,0.2137507291271598,0.5293394210639163
7977,0.06418729339085576,0.32217338653252653,0.4582155446750821
7978,0.20108758642973992,0.16515786123351253,0.1874798600529235
7979,0.1293891882904679,0.31112792022606,0.23532339052006618
7980,0.04179592004545591,0.5119083025142228,0.27348979282525876
7981,0.06658412855785387,0.34218122122320854,0.31607299602446953
7982,0.08732719045185182,0.39661206427431905,0.23692375300123353
7983,0.11623491165825914,0.4455907796346941,0.2745631079855289
7984,0.4622588729822988,0.5331109897230445,0.45900862816359544
7985,0.14361433090942954,0.36249015532612006,0.2395781661848514
7986,0.07036985145608167,0.4120749450752481,0.4001830912941783
7987,0.14189698967904701,0.36594542843717365,0.42489092998909517
7988,0.0964842780779398,0.5339149292063591,0.6720602578490756
7989,0.15242614019436015,0.3802856889593128,0.26757635097869537
7990,0.18201343129192207,0.4692039103972095,0.22944475574269424
7991,0.2836257675249278,0.46705895844737894,0.18172280303352772
7992,0.12010665787770061,0.4308464445356943,0.41222722474021134
7993,0.38587591657500847,0.355599777408086,0.38428679654384257
7994,0.22905143411904072,0.2568481628774506,0.32516982791934557
7995,0.07658595113633018,0.5272466142197686,0.37203341544102286
7996,0.5831908562148956,0.6249924409575965,0.3451308567500395
7997,0.15266128316035357,0.2632217805497581,0.29417310067403285
7998,0.07062089148978512,0.3666585373431295,0.30140144774963706
7999,0.38977146549510744,0.3811358335768826,0.3258753080445581
8000,0.5298726501042128,0.45187902937559515,0.6815422760569586
8001,0.11939976376147586,0.3373630667312448,0.4439380983873207
8002,0.08735441898866078,0.3992763755209898,0.22549835034665583
8003,0.10872365761685443,0.3118178820885014,0.3806058638523423
8004,0.19991949770310624,0.21138706491504894,0.33539851862272196
8005,0.29785459420587673,0.4035647167826943,0.5724383972518216
8006,0.18073848644931323,0.2980884636705645,0.4910348602456688
8007,0.1308245779737485,0.3026068799246702,0.32546339277133607
8008,0.3486976859597829,0.5493812522353004,0.3331234658076503
8009,0.09902037599127693,0.2678265700466544,0.22789148317028868
8010,0.2498613235012047,0.47665253453531053,0.41154843053428203
8011,0.10065937399644358,0.3829559377481885,0.47547233691847424
8012,0.16404113301832238,0.29544843345252053,0.34938133543421523
8013,0.11309565840962563,0.36631522609590716,0.36533953446392176
8014,0.11757467005598675,0.25003595012451996,0.3023210430442091
8015,0.09488827592427115,0.3757097790696376,0.44021212311148095
8016,0.31246029494053795,0.44105231447045573,0.21103982405955196
8017,0.0753498693474688,0.37391119226872893,0.22941342408797866
8018,0.07499979858647302,0.2643321335903895,0.4463666674220358
8019,0.5467482868012603,0.43455295674646505,0.2054910098638788
8020,0.24064223065888762,0.2733302081880416,0.2725925880672506
8021,0.029536363836698235,0.45863005793375755,0.3071483720880705
8022,0.08392611546460829,0.4552244258274362,0.38931793720629326
8023,0.03963789868497901,0.35301490077702313,0.3529348800688663
8024,0.06568687070373051,0.4946282294374085,0.09410168895504079
8025,0.02136242732585268,0.3980312040180405,0.40249530600945693
8026,0.11133131238613202,0.3482187822593403,0.3129997770277264
8027,0.05839368632915321,0.2955344917079511,0.4646065464182131
8028,0.12715637074243225,0.3839989221725609,0.24217841969802395
8029,0.04397157006065534,0.4037561128594074,0.5370386796542111
8030,0.12916042539920797,0.23794704168788658,0.22462400215690248
8031,0.09257501435003677,0.38247996159022624,0.2888976287897449
8032,0.3496854427389447,0.2334429141978156,0.4912267099305475
8033,0.3276920326012066,0.34271099838312946,0.6467526787996253
8034,0.2100824670560546,0.29505674641293306,0.22477875720380464
8035,0.09812179888178467,0.4963104826316939,0.6891821626710173
8036,0.4955519760735821,0.27385348954562233,0.1359784167102916
8037,0.04581012052096034,0.3504051849155786,0.4241349509497113
8038,0.04994973147474319,0.3890840548491078,0.5654683242288517
8039,0.11538301634937473,0.41878349520018704,0.23679429536887597
8040,0.6022215864999032,0.417908123176818,0.4868500336286815
8041,0.10656827630129331,0.16734751426078734,0.284197067877077
8042,0.10793620307945805,0.4179948104143384,0.26182099090156435
8043,0.04884357786378678,0.1932231295351715,0.20983822001883012
8044,0.23526956910675081,0.32361245743543876,0.32776468782568335
8045,0.23647827258738469,0.5300808561133061,0.35173458380485856
8046,0.2106341453224969,0.38113585055881133,0.22310078325459665
8047,0.08052836285062588,0.2088767861121902,0.5146795483424269
8048,0.07662183622606386,0.38166590136615625,0.2750069921803421
8049,0.05331601037117796,0.2972466740047301,0.33203950718372477
8050,0.12924484952749069,0.4877555249964394,0.36162879275499216
8051,0.06062864528025862,0.4069292590082775,0.7860019058900224
8052,0.05715071533825062,0.31009530660047857,0.4943911431086624
8053,0.09204337533967077,0.48843597417786744,0.4317010272415347
8054,0.08818392423982922,0.27982050627867633,0.2909635614743718
8055,0.08542490899731195,0.42832733877548906,0.3778965249363828
8056,0.16812018737322235,0.49040230235911414,0.3900216374406804
8057,0.12882144858726408,0.5475542624600903,0.3328542959950227
8058,0.100653149384104,0.4381344161422889,0.45017125696423355
8059,0.13828821954319467,0.38458671268067157,0.8138845107168411
8060,0.06404182884877391,0.26363207948381623,0.2301298211374816
8061,0.13114171942598918,0.3519450891820731,0.38256067907987423
8062,0.13525853849500646,0.3557716965660838,0.37990242930705354
8063,0.04714387951999589,0.3095372362828801,0.3113563362235835
8064,0.24370198628620945,0.2126737003324187,0.269237453633423
8065,0.06859296669067794,0.30256213103623775,0.26445154632348394
8066,0.12981212553311386,0.2794575702869508,0.6444027588057133
8067,0.27471549140204365,0.24025471400955978,0.35344777055594434
8068,0.23192567086400168,0.30522571163301876,0.45747285541471616
8069,0.12496852210340523,0.2067686275094273,0.30701022500610176
8070,0.09582385320412197,0.38860713394195284,0.38480462787261416
8071,0.23553293901807454,0.28834659839851845,0.3947238116108761
8072,0.19438878569039886,0.31128425542178534,0.3111466389689442
8073,0.08109376286677049,0.3880996253573834,0.36527772410793413
8074,0.07243992357374508,0.27959873481202585,0.49455198290588864
8075,0.034516519666010055,0.428107396325661,0.2299031528128722
8076,0.1355756835345102,0.23443354045552398,0.3609572164095973
8077,0.11546733785086723,0.4525294375009761,0.40143861141170634
8078,0.26925480085265235,0.4047297650348454,0.4295126087408303
8079,0.15607555389970745,0.11866746853364571,0.45040695954989995
8080,0.3100954689550035,0.22487446767563266,0.4201475158819479
8081,0.07708106265786244,0.3216219851674078,0.482077549253224
8082,0.26963019130111976,0.4025365876178189,0.29448434345359503
8083,0.0859295200750257,0.5227799512952759,0.5196653338915971
8084,0.20894101872943208,0.3975343194494182,0.349586557924913
8085,0.048367474980666736,0.3003261027680329,0.43914466479745096
8086,0.14331548703799676,0.4560599749762868,0.21363979865955363
8087,0.03613200513492778,0.3618303362583653,0.41254575020387174
8088,0.10206736296993063,0.14734823811942646,0.35297008572286304
8089,0.16510532005261436,0.3623679955409205,0.3049143361139922
8090,0.08637487502371614,0.14372500832691046,0.4960350279191009
8091,0.06175455588639814,0.28346855846248514,0.36081010306456673
8092,0.2192643837904648,0.3121100984218251,0.3582518920334856
8093,0.11386578095093385,0.4407094561365421,0.20406049431548234
8094,0.08816008002502931,0.45949104916747535,0.2676925474749259
8095,0.1256112440932043,0.47288914331339144,0.3562799666953369
8096,0.7958541858739726,0.31017034906737156,0.2687816338332146
8097,0.2725910746737413,0.36151958417423946,0.5187015578489315
8098,0.27435633988461905,0.18057141045677874,0.30564451082516636
8099,0.16455609645112557,0.3654513048517276,0.24268091680928705
8100,0.136734162334086,0.305279289658326,0.2296046852944263
8101,0.02938176214863747,0.21940088974747368,0.3220498008321801
8102,0.07799403061310739,0.28402629460839496,0.4362800376107955
8103,0.08867927214469244,0.27364650311313415,0.24483833619515172
8104,0.03830878918519873,0.5655239983440393,0.23564159634630288
8105,0.057847492209333856,0.379063563997609,0.27799897093061177
8106,0.036205408815086715,0.46635569968380963,0.3289710480034839
8107,0.11897337321510756,0.26897577465388917,0.23464054176547755
8108,0.2150806880879305,0.3932890409036943,0.3493273591488786
8109,0.2636826474451378,0.3042884526052053,0.5341397675196847
8110,0.1622065887985977,0.4153177009591776,0.33468388089277346
8111,0.06516970365038481,0.25401658309841446,0.2942383891373706
8112,0.03715324304848701,0.3213208821979737,0.4716149837638218
8113,0.0408545205481581,0.37302089826221235,0.22660923545053407
8114,0.054089175953639275,0.1593143691301394,0.39641315362836593
8115,0.06827419010950159,0.3296576020875714,0.33903488544279803
8116,0.10964631619851387,0.19956784792601126,0.5547873687245096
8117,0.06315110198928693,0.24375567634328674,0.4903763478803007
8118,0.1539277655944396,0.26296496271247083,0.16462747371765618
8119,0.10446218892589175,0.3825305557827041,0.3591155158462831
8120,0.12297014753917297,0.5627890390341412,0.2016401172604203
8121,0.27003325684655954,0.481982235152387,0.4746666238330127
8122,0.05705346460034348,0.47991496879325424,0.24366210215411954
8123,0.1626474481439097,0.2353847138609448,0.42806466388328157
8124,0.12094681637784492,0.294705958756952,0.4761505163194162
8125,0.09767697593516718,0.5819844623427459,0.1742346279481493
8126,0.22539986722347533,0.5595748214746045,0.5218620589923247
8127,0.22440936216970236,0.37284816663693054,0.47224381672051674
8128,0.06585889389162104,0.38918455784433437,0.2349592497958013
8129,0.10801449280664974,0.38700228316694657,0.47749884055369407
8130,0.14792393730970646,0.28798415491929896,0.22268785670813335
8131,0.10167023963862973,0.3741283144467081,0.4436884634438132
8132,0.18257975541492671,0.4603765328564177,0.32646045866345846
8133,0.14792193679954307,0.30861084574865577,0.20476771594333537
8134,0.4436922546887652,0.1460401461019162,0.5222438666598751
8135,0.04641117302321987,0.4387998892199808,0.5218827459718479
8136,0.11242377897363261,0.31553250453965026,0.3572224274773751
8137,0.06743937454123418,0.38839331871276184,0.3385674846730997
8138,0.18502798410627658,0.24452313354781702,0.29492110597027027
8139,0.04416954202819401,0.504661607800278,0.39913357738517297
8140,0.15470885787553074,0.6193406302681026,0.38197251569239354
8141,0.08048543634400318,0.3971563393133921,0.5296642860698183
8142,0.07529052271403014,0.21450851047647213,0.35921095971827466
8143,0.04871334297293747,0.4423511311719557,0.5111253180626998
8144,0.08958186623838488,0.23529286613936373,0.17143334493615514
8145,0.2595434364645034,0.3607463021597828,0.431046345943761
8146,0.12003346661371042,0.45222091485739613,0.35560726071214777
8147,0.18809985560106232,0.1895713025177394,0.3761686818502079
8148,0.3930773924301022,0.14555289868545532,0.5744326080996128
8149,0.14615951222508408,0.3386254595509086,0.4700953975506602
8150,0.08427825840407789,0.29657103702545623,0.2999439473418125
8151,0.1682144423818279,0.42232346703429663,0.25256165157182653
8152,0.08507511861604435,0.41620756103314893,0.16742515138389036
8153,0.08731046189114135,0.37959984437335365,0.3868529633361314
8154,0.04668888593982884,0.33356471399182275,0.4869962643105076
8155,0.23202085838179476,0.4381971060055644,0.49233756209962465
8156,0.09435150493653734,0.3675649190864612,0.29467415373294714
8157,0.13820171648302745,0.22301220696115623,0.48992141043856197
8158,0.06230738886331864,0.2946387949217541,0.49269178564749827
8159,0.16460186707188,0.3645208531720188,0.4512059670347863
8160,0.07397072575371084,0.43372793878998006,0.3418133368588495
8161,0.11097958718636064,0.2518467537641385,0.3313180011243716
8162,0.22422134872266375,0.24801822629294548,0.39694278174242725
8163,0.21088375649497149,0.26482910213459276,0.41492651105920353
8164,0.12028992740315984,0.41963406706014916,0.2877395337388368
8165,0.04060188975329923,0.3769651106886216,0.2988022303916709
8166,1.0,0.4194029442657397,0.365848909030414
8167,0.416773838133656,0.32758788779354153,0.27399545633656686
8168,0.20103637204853606,0.3743398102420368,0.28447596150958904
8169,0.07438292193501035,0.4337805161084774,0.17876562440497162
8170,0.11309341004704737,0.49600662396186074,0.23877110850240618
8171,0.08512350726720333,0.40511463166699974,0.42268998915319167
8172,0.2948927591652244,0.3383465168100395,0.4566471795675029
8173,0.14603376665993914,0.284447511099804,0.3319584885307232
8174,0.07293428392684777,0.34514073404367135,0.42854401397447617
8175,0.089249923925824,0.3097262911779286,0.14571739071004486
8176,0.26639773211015666,0.2057340776616478,0.3842272024355622
8177,0.37523503804021785,0.40907683349107943,0.20164657327350782
8178,0.35637120775342385,0.2321842966848319,0.25366630292097503
8179,0.20594362967192248,0.25892361356776433,0.4108422007043826
8180,0.10305674384852154,0.32986931599155644,0.4321504325787425
8181,0.02055859446753083,0.27108445089802297,0.1682114551670878
8182,0.149556001146454,0.41732249506099073,0.1856428386611224
8183,0.12194440505297617,0.2501422903879801,0.2691050371236858
8184,0.13428145640996872,0.2779290248807751,0.17641939379546034
8185,0.12663862702536133,0.27077710662719406,0.29366316892317396
8186,0.052276817331760546,0.36988764929740325,0.43825798985186815
8187,0.17909841421047795,0.4167798703408725,0.1944241580792188
8188,0.18869711373032075,0.4190968294710051,0.6057820127936301
8189,0.1954320945986402,0.29141188981692384,0.3089523877151203
8190,0.23537729142792385,0.330950802280375,0.3777004325304849
8191,0.18502077462998814,0.24239908733279306,0.23710952088450493
8192,0.09287260685578003,0.48602544785706187,0.4612301521009775
8193,0.11639324016072058,0.377439032467884,0.3618705802152504
8194,0.12988414490278555,0.39656038745345784,0.3642042014983138
8195,0.1313581337683869,0.3399466748357248,0.37939633439724674
8196,0.24413798258334063,0.24109310223884092,0.21490822655359454
8197,0.19021404674015996,0.3268012520855151,0.3821746664296044
8198,0.529705840592425,0.572706459348523,0.4176635380401351
8199,0.5817576127989756,0.318331926093701,0.19606879638892755
8200,0.1288741765546768,0.3955279304470085,0.3080619350213544
8201,0.016942826596580633,0.44971702306754424,0.3042245348131322
8202,0.28926199962361215,0.2039176321926031,0.3407203523755563
8203,0.08529195583582477,0.36796596071721394,0.4198280454786687
8204,0.07213822517801473,0.5275905671155925,0.4320274815067958
8205,0.09358235155526448,0.321858136113337,0.32555710340736976
8206,0.09066891516528754,0.6124239689879729,0.4498784263780823
8207,0.18608559021347168,0.4641155465012965,0.20812708026279392
8208,0.04564288083554415,0.5202668364727451,0.36498380182567236
8209,0.060728560186644034,0.4545742504995263,0.1605288985516875
8210,0.15437254048609583,0.33423098510517185,0.2854730604811335
8211,0.18747833330227337,0.5496821708792787,0.39057097132559726
8212,0.1899313279108795,0.42317007106090515,0.41889305225555373
8213,0.07280155620554299,0.38136631520939596,0.3686816838220177
8214,0.06457060854915679,0.4247516747437821,0.5367853177447488
8215,0.08718471156310408,0.41114705882466535,0.3479318032825838
8216,0.14378210341217007,0.22862296122990555,0.18287641502106822
8217,0.34557534397276396,0.24221278920586084,0.14290039347690814
8218,0.03496508827888834,0.343239546872494,0.2402440208038416
8219,0.10526891422270487,0.41268239829698644,0.23969377650977414
8220,0.052078544419728603,0.3985908391009714,0.3401944430614108
8221,0.04330483028403131,0.3120930222134119,0.2803568886143918
8222,0.2387947177119302,0.3554153544676011,0.24375576813858607
8223,0.17751057158880673,0.44046812865370844,0.2773672031885753
8224,0.16614789792970378,0.3735596683402187,0.30116876123566366
8225,0.23116481620776128,0.2907381116324769,0.2540393892340624
8226,0.08872882600568083,0.2844411163983184,0.34034581786667517
8227,0.09150483468079304,0.32526068033805744,0.4487672548716676
8228,0.5730590354051632,0.5203808431511256,0.2711665448887742
8229,0.10347260556313684,0.36106052347518214,0.3451198312267133
8230,0.20280125518746356,0.29601272013424756,0.6152415840557763
8231,0.12262392303625692,0.14253390883957662,0.36313743122675757
8232,0.0388640048035768,0.5455170176128982,0.4678257098670169
8233,0.03501616098376934,0.29421769251855495,0.28793358423131465
8234,0.08318338877164333,0.51157112295847,0.47856058222746134
8235,0.2543639125439131,0.36670913738931243,0.25693299740537767
8236,0.2105181178747083,0.42358303879534454,0.4050071369126649
8237,0.23003293208727552,0.3828740538971964,0.4660448770825899
8238,0.06421991707643061,0.38586925888016305,0.5320109855818203
8239,0.3795173957473023,0.40010755040193463,0.34980922639937306
8240,0.06510909133592375,0.2502197409635058,0.30801155991045814
8241,0.14113982290927987,0.31364447922917,0.20769549322752873
8242,0.12124331560766305,0.3144453458864902,0.3283258173613994
8243,0.10861470173052873,0.3143653851681858,0.43025250168379625
8244,0.31106430375123895,0.34451432639380836,0.4168823288701592
8245,0.07670007411338599,0.44614323279330903,0.3340665371796
8246,0.05155997369881163,0.24674394863174107,0.37751624772898973
8247,0.12375980430007802,0.2919355965441533,0.5514817788124792
8248,0.09349739161010225,0.2151008843018331,0.41478784867381335
8249,1.0,0.4606578850968617,0.3116631979916155
8250,0.1946356417336557,0.257839198842124,0.33585950326862246
8251,0.09291464107557716,0.31701812292782233,0.4141006401659555
8252,0.06153947562509992,0.4355452620958943,0.4041236160566932
8253,0.038197620948744855,0.37541220386456037,0.64712339210087
8254,0.0627215065138223,0.17461562263424157,0.5483766993428784
8255,0.13200789413850092,0.30555885543499,0.23739023437514362
8256,0.33146315212604827,0.3754412184152481,0.27101595587063454
8257,0.26649262672703766,0.27667296762009713,0.4937722515257099
8258,0.14272289690254972,0.3911442895483423,0.2593687583583315
8259,0.09834570161748284,0.23820325631454764,0.3545560903015388
8260,0.1466682978269176,0.44882185041424283,0.5443883603130376
8261,0.0865059643984561,0.308653597184213,0.3707661160326293
8262,0.40859181224283003,0.4312476559510539,0.45344601989376543
8263,0.10750821678807104,0.29000503308085196,0.36046838008902593
8264,0.11518480354398802,0.2242476595182089,0.32859365406344165
8265,0.03208869726903687,0.5197280157117997,0.17282102731741084
8266,0.10706067499845594,0.3708088472035684,0.3644869465079784
8267,0.21778109946339974,0.3325663764317874,0.28239477508793415
8268,0.061102144811996724,0.26412296990642864,0.5029238790297197
8269,0.07450056753009511,0.449347658489833,0.1267156052256312
8270,0.21117341861272143,0.19024877011975988,0.2845635175125094
8271,0.047868136727824376,0.5141444962288296,0.5094987569528427
8272,0.25467086572286063,0.42068304535442974,0.5965177708421752
8273,0.08574941338309788,0.38387256309600654,0.4763228280347407
8274,0.09419232803070415,0.27713678303115924,0.41332112415491906
8275,0.05903924148893133,0.43512959336750034,0.18141175598096143
8276,0.15813652800992659,0.4824341377559608,0.23443716752158833
8277,0.6995602018168857,0.32348750150929184,0.44633925585490775
8278,0.2095148145103057,0.4822698726028125,0.21520718164717506
8279,0.0693358260003727,0.40353207171458705,0.3116080781913687
8280,0.26914552410436016,0.42651098967308326,0.30383959304708874
8281,0.0987688031752326,0.3710035434721443,0.38320733737579704
8282,0.3191544647908738,0.5283056365886074,0.41346407193068013
8283,0.2132583372584444,0.26295642156829485,0.12588092541997403
8284,0.0230661543853316,0.27886213120859915,0.3676568945899247
8285,0.06354606808175149,0.2853607330581531,0.26820100790543483
8286,0.23501281470805122,0.5023357609886998,0.3994866511859675
8287,0.13535599847150337,0.3186993967678852,0.17733994243681173
8288,0.06277816297624947,0.22313995138659876,0.45781858859643243
8289,0.08030209667035136,0.29694261210723,0.26510184354022764
8290,0.037669224979069806,0.33018843860930513,0.296313035746085
8291,0.11502715117197605,0.3051063002778485,0.5453421095723262
8292,0.5835443814209048,0.5121125713258011,0.32172958896379
8293,0.212996941855828,0.4057960951843122,0.454109664260432
8294,0.5750130556189958,0.32468574687888385,0.33353633456352016
8295,0.22494559755182947,0.30375187884397564,0.5505603539633508
8296,0.24925272982574662,0.4296044700235441,0.37395506715729343
8297,0.49151273549137564,0.382293750705272,0.3947511900724745
8298,0.15805098104045776,0.19921855707142036,0.3558485625875223
8299,0.10764931834563657,0.2724229697510922,0.30536829935742554
8300,0.2501694263151147,0.16092860567395384,0.4393474381084772
8301,0.337822042572784,0.46512901970408194,0.2620538267617852
8302,0.08871458851511989,0.30552137685962977,0.42069837649502817
8303,0.07589779816770706,0.46151045593730816,0.45057173794535654
8304,0.13417830734299777,0.34148904249710293,0.39714932354221855
8305,0.21701771652437357,0.36979586852929236,0.24463600596014212
8306,0.21197406399097105,0.3851470882916266,0.38651703331286935
8307,0.04935142094724779,0.21916135195532385,0.4621738437130144
8308,0.4697841370166708,0.45301230940354675,0.21706422318798801
8309,0.07991148854589603,0.256566161563036,0.19647439373733755
8310,0.10220800321157267,0.35789421585752973,0.4355293800444837
8311,0.06768665284738519,0.44735605443655996,0.27136534834505605
8312,0.8325113549525579,0.29409772837009907,0.42294555813180634
8313,0.14399914375781206,0.41243051313033574,0.5576598699656339
8314,0.06991894545507775,0.5147555867815143,0.2006650528537099
8315,0.22203359985237356,0.4311976074490586,0.1938906273835168
8316,0.20770233250527095,0.4649864974269104,0.43002671544837034
8317,0.10761337746698446,0.4881913285705036,0.4986020203410041
8318,0.21841450990869057,0.28352603937866744,0.5581546461589597
8319,0.07106048239989744,0.3139611387363635,0.43055954261298524
8320,0.08796776157985342,0.2541489545732806,0.3219644718510201
8321,0.03565071509352622,0.5003776838638407,0.34654142216935657
8322,0.05234846404852065,0.29973260484277575,0.37354480014062286
8323,0.43577447185578305,0.34012584181246847,0.5534246622210115
8324,0.3865620869328993,0.2904571695028732,0.3685796428888224
8325,0.12766561882905614,0.41418417053020357,0.2673545252274929
8326,0.39259350977934154,0.4745996355361357,0.3606554761597711
8327,0.1096223865548116,0.40272505195858277,0.1936075142145705
8328,0.103690471916083,0.35674963994952924,0.2799740250914483
8329,0.12686355079092632,0.34791895104580917,0.30421561116618434
8330,0.11223636289006816,0.15465598340518202,0.2960399506583019
8331,0.10565795913642281,0.25907705441561013,0.19177042911754844
8332,0.27063849575926746,0.34102029812783113,0.2236888269821103
8333,0.1352154275751155,0.3465961332239716,0.33402960348333
8334,0.1996043226451688,0.29269012790196736,0.4346320086572355
8335,0.2499430331157918,0.40273514365602564,0.2932887008159692
8336,0.15924881258155302,0.2840670913788005,0.3442841790341651
8337,0.06489188638884823,0.3324743851328064,0.4396402664345255
8338,0.05146082453002334,0.2849749435695934,0.7221769803002993
8339,0.13509038064040374,0.40837769395845097,0.30335373224676637
8340,0.10880505388851022,0.4214803870179802,0.2535219094909694
8341,0.12955461429668363,0.25195882443176143,0.42845459161423616
8342,0.12077678894849396,0.22971472834068885,0.43635499781443365
8343,0.7656009935953333,0.34644892304839525,0.21373129877308528
8344,0.052154209640257757,0.3039803200693449,0.2293904243512409
8345,0.03603212578770198,0.23889457405710826,0.20873390996998242
8346,0.15322882860978382,0.3404560387998231,0.2649042245904799
8347,0.09494854283362006,0.5161537052611417,0.4378327387971548
8348,0.15151603679448405,0.23665646278344848,0.3759521894110708
8349,0.18243483072429667,0.232428690819536,0.3545576176958233
8350,0.299186291828221,0.3446729656419923,0.24114446821571772
8351,0.047030480184415344,0.43056824270688987,0.2344023771408803
8352,0.0843921067818244,0.3789137815027931,0.34418092275288603
8353,0.16378429466557798,0.31295716614642255,0.3309696012908605
8354,0.20789622813446373,0.36318587771888095,0.3914907621913932
8355,0.5762811127355172,0.5359174315566637,0.5093699502660072
8356,0.23690140807431312,0.368512569567388,0.22769777803516428
8357,0.11750045655180641,0.4608812192231047,0.32038581524960175
8358,0.06820675957158961,0.24777740585851207,0.3484575296558792
8359,0.0839788303181693,0.20516947155499987,0.3573297775851021
8360,0.08244853190210291,0.5297542891966792,0.3441734265218771
8361,0.19175896990843855,0.36736735261550757,0.3322339207250064
8362,0.14548250879137156,0.29575649912967733,0.35689285753458566
8363,0.052357820430827325,0.2456243558089816,0.3947741619835008
8364,0.09130925107557394,0.23353331420562926,0.2658597310314444
8365,0.22417730516971973,0.5099051187567031,0.38912992087348963
8366,0.15528107035130487,0.43066650337693085,0.3945031732662806
8367,0.18050644938121044,0.4397258724180661,0.3619996950443536
8368,0.15867031272954277,0.39262629424989054,0.5371208321073544
8369,0.3824116977325211,0.48346011614783035,0.3598950801879175
8370,0.14340477087176126,0.5190048485999745,0.3768345679926244
8371,0.09435024913442763,0.3857850885297801,0.24153296041086075
8372,0.06713419697119481,0.3152946952768619,0.46103750355250106
8373,0.14474627194940554,0.5422077195347326,0.5898302245195359
8374,0.028765595265586592,0.2632481261346282,0.35320139125625005
8375,0.10786092481754728,0.4544071475250653,0.15703565156717347
8376,0.10631954708636863,0.467126046759626,0.4657587077432478
8377,0.05110987539478561,0.41278905861788123,0.5067269803200841
8378,0.06661159101128727,0.31933562267455873,0.3599200622979212
8379,0.21370619209716807,0.5354459364987854,0.283521385318062
8380,0.14288126246990776,0.3666613235292515,0.49310849067283113
8381,0.13083037961888475,0.19869533511162865,0.4825411092547196
8382,0.15050497790097978,0.3688164121280327,0.3638790213826134
8383,0.1300170391126427,0.48958232169233834,0.47451241866951044
8384,0.2905087251920611,0.38994435013489875,0.2640889104647026
8385,0.13277380377855966,0.38250793242433717,0.495744311832646
8386,0.04838279108764366,0.3725146097168851,0.3663727026841339
8387,0.38343111699421917,0.2714536013882763,0.3044745071008793
8388,0.15729675993836964,0.2687665186500686,0.3486873282384806
8389,0.08263258631576119,0.198918930543979,0.4307294611774223
8390,0.05459559476923258,0.257858684263537,0.37035831475888914
8391,0.1601022245858158,0.5435751741155989,0.5771818172681507
8392,0.11282182598682305,0.3492394093826755,0.48470951108354976
8393,0.36829790651936223,0.3569537687924863,0.22495362513146977
8394,0.09687874099653367,0.42070602907611554,0.4457446157501178
8395,0.07052046828228656,0.237593474155644,0.4565325045804358
8396,0.22708275173961226,0.38947720465449087,0.406665938655833
8397,0.2318609722264193,0.3334085291315853,0.24388926935172706
8398,0.1369367549265875,0.18582528909799637,0.47173752777560773
8399,0.1946151412584679,0.5396247710666557,0.3648708211795574
8400,0.11902452309619879,0.515944622125855,0.23858324758324423
8401,0.1431906563558935,0.38968746558542045,0.37590394802285665
8402,0.27482875450532795,0.4491380466940849,0.4734794814782489
8403,0.187789623994237,0.4059164071015539,0.2534373378141017
8404,0.10894942548253535,0.20775243038266816,0.2534714083053024
8405,0.3141427494039539,0.5261485858582049,0.42072222006874604
8406,0.02982522299197196,0.4086068241924768,0.3771057584736335
8407,0.5200881670765338,0.3766005662474594,0.43243293279623585
8408,0.042023129741088946,0.2192193955490148,0.3438257247119244
8409,0.08063883106612517,0.2125209293678114,0.6920186599538412
8410,0.1187652596605473,0.2864052792585718,0.2998252499878338
8411,0.11062517274191216,0.11718969148332974,0.4132976145949646
8412,0.24555898858545916,0.19475493325677395,0.2895706551819396
8413,0.061474263482689306,0.2195742375793878,0.20630607823427116
8414,0.14585969195567006,0.3360021735590443,0.32319061604893173
8415,0.08322497069371156,0.4009180800333719,0.30738109603867014
8416,0.1493483173469262,0.38370808118817495,0.5694492362163655
8417,0.11686981098062856,0.49580577283514815,0.3857130162675029
8418,0.13004430129625638,0.3006017103250052,0.2601667659782045
8419,0.08476484671811435,0.3306569306289373,0.3432360508761608
8420,0.08699018875372046,0.27852225966220445,0.2485963479952385
8421,0.14854190156030753,0.3311613046750845,0.3108407096663711
8422,0.23490156359859315,0.3780892180579429,0.4616877338805394
8423,0.08215194337770779,0.2638415116305167,0.3904057715503596
8424,0.06914074585265265,0.21585524693191693,0.18738930773431545
8425,0.18624036027742846,0.37240467316239523,0.2584519983315882
8426,0.11944181027149918,0.66562252911751,0.2549105765162028
8427,0.21686481562164903,0.39721581044901133,0.2677928721914456
8428,0.06755363011692506,0.5196584249676821,0.3690222293618539
8429,0.04035034576740956,0.278999874602862,0.46205545271183934
8430,0.0857014841376403,0.3255850917348162,0.30143146164442985
8431,0.07376362591962955,0.3010791805893663,0.2731131327532832
8432,0.11577161759891573,0.22599136219050897,0.4343854421295248
8433,0.08013395607756216,0.39419551022391935,0.3709813302538041
8434,0.20364066153175472,0.13420199790941859,0.28328087622462705
8435,0.1006535344760508,0.15118247479321115,0.29620080071441385
8436,0.1352467172138981,0.3378375629468293,0.30597134406895204
8437,0.13590972933455012,0.15704316474589072,0.4706267207964224
8438,0.139422997409048,0.4939097759423305,0.38583772771791547
8439,0.12011943098033316,0.2585358887444497,0.577048740199478
8440,0.17335705596264908,0.36486816273481937,0.3985487065582377
8441,0.07240498800839383,0.4446329178212595,0.2495511791300396
8442,0.32490207483459954,0.275639937498654,0.18566791395834198
8443,0.10416597484094091,0.23296926639317703,0.2736472354992379
8444,0.05273504152557001,0.4434074355645694,0.18838419065779566
8445,0.13876785192307817,0.2227979024641247,0.2592721180547128
8446,0.06990990310905461,0.36322205073377256,0.33828247214652263
8447,0.19311918100783193,0.1997229120731897,0.21440321923146693
8448,0.5830848955672802,0.3572882713929805,0.4280377163989647
8449,0.07282298609832372,0.40875969678155394,0.28468661300971854
8450,0.1532283531259491,0.33316183532158666,0.4297689482250071
8451,0.04088524017545548,0.4111674308428308,0.2443433208911152
8452,0.16666395261877104,0.15155961932703654,0.4201194094424977
8453,0.06840902073675682,0.5280067663082326,0.2848190044833511
8454,0.08075625724306172,0.33410988441350126,0.3114185284610989
8455,0.059858874110635785,0.4480972474010689,0.2724330954159775
8456,0.20237745729835424,0.3484173633978884,0.3202727960096202
8457,0.2457144409884553,0.3699697924721151,0.40188470514315255
8458,0.12404440999150407,0.20268861193376717,0.20805999953827986
8459,0.06932966014092094,0.1577897091152477,0.6410226295556056
8460,0.37239213607917815,0.24642414264028015,0.6429593003630026
8461,0.07451527780182261,0.3699608011107037,0.2852476322842744
8462,0.032968906441892924,0.2453305211575018,0.4552377117631825
8463,0.16718311678454031,0.281381176176146,0.22292910652483738
8464,0.059731427168397945,0.34525955354114024,0.1877535528394555
8465,0.24248242196215275,0.3146566550281532,0.5927462912596193
8466,0.09465416098986187,0.5192413679195541,0.4289201524271662
8467,0.18497706669224073,0.29516939923884106,0.35325984193952964
8468,0.3253869340242807,0.2717062942160673,0.42394438548431823
8469,0.05607597046049805,0.3910013444729955,0.2696260888924698
8470,0.08388922823869205,0.43480824706268,0.3477652194578721
8471,0.11601488290786781,0.38040026853954695,0.36295386391713325
8472,0.35873893266563994,0.338088986109114,0.2030960670819692
8473,0.07903179403573257,0.41435970056312904,0.4769788069779971
8474,0.08235261810465627,0.33485724768957376,0.2905726922513912
8475,0.1694907070614235,0.22959549903908638,0.2250127206126934
8476,0.08327796373672355,0.4844104220052688,0.5546971989065677
8477,0.13543631388017652,0.4857619827484349,0.4882324064601635
8478,0.04584937272716376,0.32871639344941345,0.3145316413876686
8479,0.5850898815247588,0.3597545810371582,0.21852438172077765
8480,0.05161773800589773,0.3362672606470299,0.3969295862300387
8481,0.09843780065872659,0.47893752462828565,0.3445482496044996
8482,0.1194436539878664,0.3378078716709869,0.6373304971478839
8483,0.4701520083032355,0.2796149379167158,0.5038479355619676
8484,0.052320712637853414,0.3536259642865327,0.2902238501659328
8485,0.49495074423620644,0.4619526968046457,0.521112494980793
8486,0.20596457021740436,0.31644159002870526,0.5057002349609563
8487,0.1624663154859875,0.5163031982464256,0.18022317578049818
8488,0.06431604436571701,0.2927282235052243,0.4040735672797109
8489,0.18082090387004102,0.3956104898301082,0.48604664137950027
8490,0.07580496102623147,0.48619959274261515,0.29509118471030404
8491,0.29548376508848223,0.41341104748592994,0.22050070742577232
8492,0.06486002467642006,0.42803867253522626,0.7910821710482382
8493,0.11312635899008484,0.40198133992127116,0.5410739250803389
8494,0.08447122768703726,0.31079729471243944,0.3686808567690172
8495,0.06420093962663893,0.19279850320565958,0.15438177601699554
8496,0.2036839608708816,0.3555760183343699,0.2977764621598272
8497,0.1763813318159742,0.3663901523408758,0.6053295989761474
8498,0.2835812141021264,0.1967349898826587,0.509118331018402
8499,0.04034068497042028,0.5318130327042286,0.31273156061006063
8500,0.2558245868689917,0.3870040810660433,0.28950840640499664
8501,0.723192219910669,0.33880866960782924,0.5273163358464455
8502,0.0903726978648741,0.42057230276012914,0.31598619095186475
8503,0.4642252297251527,0.27656328995565466,0.32847865825450423
8504,0.10233738116055442,0.3475295215760876,0.3909794213321224
8505,0.0508715229617919,0.41131941346128204,0.41023272340599837
8506,0.09949389302661561,0.4937204271342786,0.23554290293416363
8507,0.25294282029983367,0.5696711519871757,0.4138045081112689
8508,0.07048509339783644,0.3468206002887857,0.24451722443394502
8509,0.08204272650623409,0.3032536835840261,0.5045192230024266
8510,0.1836681251784325,0.42919765056253384,0.3066928867791059
8511,0.12234853119204044,0.37116921176464024,0.37479704414355497
8512,0.18252902154508988,0.2001863771370293,0.10898143304962549
8513,0.14358065631314323,0.3529819313871854,0.44185663915956763
8514,0.1696655371974735,0.27045902408138733,0.4601762718403746
8515,0.09152501523595898,0.19575434873607847,0.2889006097438051
8516,0.1429811825512899,0.42848687917104794,0.2130512983628859
8517,0.06664872672150107,0.5575776634545203,0.2105028993246853
8518,0.3001125690460464,0.4115502705302405,0.3424464736221743
8519,0.0802666757881637,0.34441042204960065,0.23439180373481505
8520,0.26785234063663843,0.3505865252945055,0.33514173002686154
8521,0.10436945243613391,0.4234157503062026,0.3550931312237884
8522,0.14009704587275287,0.3816434680445868,0.36776981631309436
8523,0.08785043905136078,0.2752762544313009,0.5252006188510422
8524,0.06307969749806752,0.47098624474749745,0.5062871500916445
8525,0.041128486092502636,0.49855435033838064,0.35963273459790046
8526,0.06156926982699145,0.2424577020593197,0.4205897146389437
8527,0.0982974966117816,0.43673494179943373,0.3876462946063006
8528,0.1410484396146753,0.3174387855632967,0.5299856891579929
8529,0.2462503216056483,0.32897151985619566,0.35901281261149653
8530,0.09072151527262176,0.338450320088107,0.45427806649353253
8531,0.0685702837766282,0.38397442668905446,0.6498929430882988
8532,0.04882071060290035,0.25340840503917617,0.391729057495686
8533,0.16971718400152883,0.1823848839681694,0.2942411440801476
8534,0.32115017327991324,0.41874964856207203,0.2984784854179859
8535,0.2954139713653777,0.34803406959977523,0.2696654150455605
8536,0.19924788942928012,0.38245056754259726,0.43408811933066804
8537,0.18953356804023305,0.3102945607061282,0.38509223255192926
8538,0.40252906987475556,0.3665553254772819,0.3064499096312117
8539,0.153197624092888,0.37039301856865653,0.5429828724298866
8540,0.19054168924213088,0.3837511241397036,0.3029607589748488
8541,0.09850091766074123,0.2653650165280713,0.3546165266980319
8542,0.0511830366200663,0.2983272215385827,0.2656952572028168
8543,0.07775104178989882,0.5904385958445995,0.3323102233842333
8544,0.12134119867891406,0.3674475965978713,0.2636917657517212
8545,0.12723240990832754,0.41818264684755485,0.33291586290565756
8546,0.47480002522239567,0.1533965681427265,0.24167656768785123
8547,0.12901690310347103,0.110825174389385,0.29125837718371383
8548,0.27755241928015056,0.46028382843569776,0.27209762402978116
8549,0.09135859613504926,0.41835569011312307,0.27679084522858216
8550,0.09909649034257266,0.3245378762235332,0.2542352894025584
8551,0.05219186270842924,0.4055103749252783,0.3077427778802665
8552,0.0748997308150777,0.29915083755131544,0.13118638925753406
8553,0.17534370635013538,0.32333662591216844,0.4212316753425225
8554,0.12272181126788212,0.5368904770102068,0.3738654331936899
8555,0.23477257901297677,0.4677120622785644,0.3755400990098111
8556,0.13812192178613386,0.41234428708418036,0.32322765849506846
8557,0.0964609759688792,0.31184488359124507,0.4973665096945853
8558,0.5576915779407716,0.44948508008612015,0.26930214746369285
8559,0.11460000490291714,0.33656714105774904,0.186673201701676
8560,0.274439789220079,0.47915238110262354,0.3704227017302578
8561,0.09341245624476008,0.283761931652241,0.5946056834214871
8562,0.1992013375628861,0.45575247814025605,0.5231941444980508
8563,0.23230928766714384,0.28138361980241183,0.44928444885437235
8564,0.1407214906037833,0.24477596650913028,0.655150612218158
8565,0.02997480571780005,0.29653516221761644,0.2974886721294371
8566,0.12361373539624955,0.48942117097485854,0.29264133484028504
8567,0.2879505289618679,0.2604614971681419,0.3125378762136915
8568,0.17540465761066543,0.38201410350266674,0.13044203619918554
8569,0.16573429709669826,0.4067785149863006,0.5242710916179942
8570,0.041644219300668264,0.4998650441305398,0.33891835976884466
8571,0.07595179322545605,0.268985987128843,0.2753595265832367
8572,0.16182225060612157,0.29226013879824475,0.31731682588737065
8573,0.1617131491139432,0.43946658646016185,0.24562449655871071
8574,0.28472673199113097,0.38922515401813285,0.3431291134373522
8575,0.1107448988674596,0.4608232889870289,0.28520365518386975
8576,0.16120368599522233,0.38960629924914275,0.2897250221252428
8577,0.12345654769247418,0.2676581513473459,0.2505561419807748
8578,0.0642240352873065,0.44662066126324657,0.34091773974491946
8579,0.03145696743669996,0.3390583421221311,0.28526961073599727
8580,0.16403962529285043,0.38439516263277573,0.5053419156091976
8581,0.1374334386038185,0.3415662611825241,0.3975105032172632
8582,0.08110369805844048,0.27535704324431043,0.2137203537837455
8583,0.04411959505240159,0.18737887697684955,0.40644275429729104
8584,0.188370736037709,0.4072176257159522,0.3742152100172669
8585,0.10214995106699476,0.3068125696543377,0.3437822749068513
8586,0.17903180808744648,0.49066744584067057,0.3195869821902616
8587,0.4539034264910474,0.25709150743214193,0.47960756312761565
8588,0.03331540883209496,0.35279344387672673,0.23045211308454633
8589,0.07697083586778342,0.3653071302283749,0.3289014333471087
8590,0.10606899841153082,0.3423491792299155,0.1849590495289402
8591,0.3380609364656079,0.4659852269938653,0.39675479079493614
8592,0.0436925989180417,0.512552068282682,0.3292759406336004
8593,0.4781012087805058,0.3007056624603391,0.24123358993434396
8594,0.1339039101157975,0.41369097761963564,0.35635607400111613
8595,0.11443848665912096,0.3660986417226506,0.5060059486363011
8596,0.10687316914227023,0.25076186387879656,0.3482457609975518
8597,0.09128761441820704,0.213770990303599,0.1926633794185888
8598,0.2529271737127348,0.22491267862253406,0.33415312975841793
8599,0.06107221908834399,0.40944428949859124,0.3687646347167287
8600,0.15461297075034378,0.37749735828426917,0.2670814081234684
8601,0.09446466068161456,0.3170517420325929,0.6406737150521847
8602,0.07396168799879971,0.26985637953695396,0.20242091210901314
8603,0.7669438443220638,0.2850997638446529,0.12560042150751988
8604,0.1626864386373484,0.17365000309067719,0.2450488435133219
8605,0.1862150463273764,0.45758099743919745,0.16513919507161623
8606,0.2695585667035721,0.20829367784654984,0.44835126371142686
8607,0.04943268454192112,0.41708017309539264,0.463936301983199
8608,0.41871231234872297,0.436625779129087,0.18993281724842404
8609,0.027861593978725306,0.371365831222751,0.23195326166763108
8610,0.07365059141092084,0.2172392546255372,0.2213540173590574
8611,0.08993668486457163,0.3365332114991939,0.33371578341703756
8612,0.18216020771350933,0.45558455710733575,0.3892075063568122
8613,0.14171108224323775,0.23444482744798342,0.5250899681906784
8614,0.10912889991573331,0.405797279043135,0.3838334714668321
8615,0.12110851245077754,0.20529159979670353,0.30129527289623514
8616,0.06458033132068496,0.281870623788355,0.29679217097666744
8617,0.04730224387577784,0.3540497670398419,0.3467334328798005
8618,0.20157821713032045,0.16239147165024462,0.3533766854509518
8619,0.19699458184159932,0.3099912375572726,0.3231785766889215
8620,0.371048027823716,0.37580040711916507,0.3467042453268627
8621,0.07266411758131977,0.44631584035191574,0.33359280262428204
8622,0.19687164849735003,0.18058025218268026,0.20223008416664617
8623,0.1009506846268597,0.3978270340845435,0.35226629343601756
8624,0.2798610475889348,0.4215760432841889,0.25056675283515295
8625,0.24827998282099853,0.43365912388345723,0.35879836593383585
8626,0.14098372438988108,0.2891105589866922,0.39148488406090676
8627,0.09728765034055314,0.3693529546164394,0.47969623919695803
8628,0.23777911589050893,0.2652598888582979,0.33258481903105
8629,0.19064497442717226,0.29260390203748127,0.27214943098185157
8630,0.07772157960935168,0.3028988515800083,0.43538726830591723
8631,0.05222925102183743,0.29321150597849066,0.3430014052359349
8632,0.10062799215453862,0.35221273564824285,0.5977319256130091
8633,0.35308084857093147,0.5373317154944993,0.2048957762674985
8634,0.2712338570405099,0.38789314409467346,0.27763264943521776
8635,0.059456596847270594,0.4206923268066291,0.26518068642426634
8636,0.05748592774107019,0.43579785737753207,0.5785040237817969
8637,0.29718070019325626,0.2878368491397765,0.3873860603805013
8638,0.05861806937462363,0.38468834838723326,0.17067603638480816
8639,0.17319977440557474,0.3005757723948019,0.17630621781809525
8640,0.0812138143459228,0.43752347569959704,0.43726397009602413
8641,0.37983767725239687,0.451282690445956,0.23457458979322648
8642,0.07357304853940883,0.3585760483853713,0.3367235905584066
8643,0.27063145433280933,0.4474468599642146,0.31447716829417793
8644,0.13846295125423716,0.4705415997088026,0.6001283666322288
8645,0.1450034574728484,0.3147967924444923,0.3113620394906197
8646,0.036407126240664986,0.5301364583791088,0.2928466785274039
8647,0.032296755187426966,0.2885087136975325,0.4004628255966324
8648,0.10528034089040257,0.45514159638151125,0.47076826081932666
8649,0.1444778739129023,0.4684679371816347,0.3494700993176253
8650,0.05899179501192169,0.36255087637879113,0.1414452975407373
8651,0.06032173099888972,0.33396858095479576,0.4308296956461649
8652,0.17960634880668058,0.2758785215923823,0.20976424589764198
8653,0.17977940298206369,0.3054598401037121,0.19570402373542523
8654,0.11127522097249921,0.5007521497336277,0.2860281490118739
8655,0.20932408249325687,0.2571317178686113,0.3497464112451989
8656,0.057261996578625005,0.47688997349460394,0.5196890535249328
8657,0.09623964500017014,0.5341918525580568,0.15891962266257637
8658,0.38836092828636914,0.5732570992027743,0.35302775758613025
8659,0.1278855927183431,0.2213652654830693,0.522462475330755
8660,0.133035093964467,0.276109231109274,0.32536007215057916
8661,0.625389522117433,0.293512184162915,0.42601808625019477
8662,0.050073270059084574,0.4356522894696293,0.4154852641503497
8663,0.21172658455003618,0.4015653057946823,0.2786368813035316
8664,0.39289186043392915,0.24885942400899191,0.4056694558670896
8665,0.09823580980731052,0.2569993640781203,0.3488922392566568
8666,0.2213626076539549,0.5585414638943533,0.30319813333008966
8667,0.06442040229135342,0.1237209655412265,0.5401290712097171
8668,0.0776075390872589,0.37005088561308874,0.31777307235233804
8669,0.15889474938449105,0.15877484519120497,0.5272684582168194
8670,0.21204499889138365,0.49536643404573033,0.3008796552899144
8671,0.2663500839863031,0.43747267452826377,0.32262356221497035
8672,0.36710367328847016,0.3594869626813625,0.3117986087206416
8673,0.11665939419633915,0.13862287359607534,0.4623451259186939
8674,0.2804870421433811,0.4616367704617911,0.2514593695733357
8675,0.09710949678073465,0.26665559268158345,0.38816684497148124
8676,0.2280941536269146,0.3150632016486433,0.3804026469698244
8677,0.14062481687435427,0.5113744978092482,0.3810808312842743
8678,0.16571580175177267,0.22961569025894887,0.6117916779500588
8679,0.16318937644783807,0.29308244986413495,0.3138672277750687
8680,0.044482372754635506,0.49208267400674244,0.7338814267817633
8681,0.05903048340069517,0.4438532779533941,0.4720419384126767
8682,0.1308974899637965,0.21004199173057916,0.20262248498641328
8683,0.04246307983444399,0.35759074336213736,0.2276625607055729
8684,0.21697373782001667,0.21598742110963604,0.45934551884982766
8685,0.22323188077634376,0.3027173911147981,0.2623225731691334
8686,0.15267981015105594,0.43510099083417136,0.3632648394711382
8687,0.05913807838916397,0.33405613140000306,0.26704719413415523
8688,0.32044855170518527,0.41534088263322433,0.28890025481780646
8689,0.5145149182608868,0.24795907007071855,0.3095400828438165
8690,0.1349333238380809,0.46301709747237046,0.4538096391107199
8691,0.17334918301899607,0.2024868164302031,0.3125425723410418
8692,0.14007206925933952,0.38609947413360657,0.5150539500294669
8693,0.17575759115076878,0.30518010466656825,0.24171627857544592
8694,0.11264115477584208,0.2463619664793787,0.4290121057827171
8695,0.11927574588374437,0.4252392413867714,0.3596137222402478
8696,0.2286789133982858,0.3921533901056404,0.2196947429612905
8697,0.6437082538344399,0.415285500318647,0.27670018369377053
8698,0.050051881444197185,0.4216609171540719,0.3236780899405123
8699,0.11383901995655668,0.21526304781077152,0.4883434002954038
8700,0.057045571398908146,0.3612086475061921,0.32282514538479334
8701,0.3730627226248608,0.39026992599277316,0.6149245026693473
8702,0.08271362077852519,0.2873424325319955,0.3031153320450938
8703,0.04880690161426751,0.35884147974395164,0.3468184203942988
8704,0.18948635726080462,0.4443178956087019,0.5000056066797686
8705,0.41630878924182774,0.2582186656450028,0.2176925365173733
8706,0.19288459347999087,0.4372738807133585,0.4830628623491985
8707,0.14036585234529933,0.307424079606181,0.2710255723203271
8708,0.16157415287865365,0.563739423856701,0.31173555499875816
8709,0.328510801981086,0.5370453199703393,0.3637543683441915
8710,0.06890520884025758,0.4231390074898803,0.2565900079740534
8711,0.11322605945777965,0.41558105869118445,0.7204319287956437
8712,0.09031066256295002,0.34623170614101995,0.3606313794158842
8713,0.05748217019715938,0.4129982328059644,0.3511519452363029
8714,0.0980075714485713,0.2588855978420858,0.2767266024927316
8715,0.26386006676795437,0.32978466186124467,0.210987350403258
8716,0.1802496285137347,0.34128141017092,0.4740447265325918
8717,0.19029943021521445,0.26579705936139125,0.30791602765169485
8718,0.13487795105673958,0.37606834594640254,0.37291880850251435
8719,0.17489802187988263,0.405540905838018,0.2416213071118397
8720,0.07217904650595036,0.35805227973694514,0.43148741871579377
8721,0.09923871718714153,0.44847486673896425,0.3035043347117592
8722,0.13914166563347669,0.32962375054265663,0.18676614592707252
8723,0.1475484676388818,0.17524531301012133,0.3060444717931227
8724,0.15194677497724496,0.4364681341144198,0.4270370679674055
8725,0.11123088975263704,0.4406531181786798,0.4033265665525452
8726,0.0948859708127915,0.5513856163620537,0.3790418983075562
8727,1.0,0.3420110624567878,0.33239383066313233
8728,0.2288517040040026,0.40925405922116975,0.34029102400392
8729,0.16202287012813393,0.3630591661377394,0.2799275616297235
8730,0.10439715428757203,0.2071232946191273,0.47751892335452606
8731,0.09039768160371586,0.38900021386135053,0.33075092684345675
8732,0.111794452122788,0.33722882004233445,0.28278330743684166
8733,0.14911086617364175,0.3882935042557424,0.5701372018860149
8734,0.03819459611404027,0.47461470945515205,0.4881541776701561
8735,0.04538436425521819,0.3897565584271528,0.34667672604195543
8736,0.08013203852890206,0.4448191690479469,0.299876346040367
8737,0.14059116649282363,0.39211414036698783,0.302912762481901
8738,0.10397641132892071,0.41694252530361536,0.24274997605323623
8739,0.34375635177973146,0.502378086727257,0.44947922542482877
8740,0.047709410412873555,0.4240768300753992,0.5776706193561044
8741,0.07447093333676046,0.26512905735279335,0.40153278702597095
8742,0.354268761847086,0.32433165411498777,0.5334322624806284
8743,0.13347193231848475,0.44201892854170804,0.4375308395502878
8744,0.2253340737629828,0.5823513198168117,0.2008239073408885
8745,0.5197766816592511,0.41437419569193856,0.5203819498228552
8746,0.07725687954842565,0.263441197699755,0.31264755192900234
8747,0.11418377734741997,0.4809603037231554,0.36021819530659394
8748,0.10170939627321979,0.24486763234955355,0.24745116501484443
8749,0.03671117938690701,0.4318668695572347,0.1791380470252667
8750,0.09918045162077532,0.4296159236869695,0.2736452052492738
8751,0.22473383937028357,0.2930974992954544,0.36644469759731013
8752,0.17701250764951748,0.33501427946853995,0.35016785237824044
8753,0.18697330870475237,0.22460067479678017,0.42932292810484973
8754,0.09500569910957238,0.3799746281215055,0.3682550605761151
8755,0.07914792036716363,0.24294886980049613,0.35282253083524595
8756,0.2960314336386979,0.3024716417050107,0.2810650888817349
8757,0.08771577308439656,0.28559259493604944,0.607688980461972
8758,0.14923951610865982,0.35760314376393987,0.5987070642926609
8759,0.1364400696704324,0.3524537397339145,0.36574251137669034
8760,0.33973547039228635,0.43617491024488775,0.20750323659811526
8761,0.23954877678396566,0.3568985549927664,0.37737907252402636
8762,0.05324824763052096,0.18516841535518389,0.21765009042951167
8763,0.05680149545711309,0.4715262950954891,0.20654332353462102
8764,0.18180309329973124,0.4368114164271039,0.4556586953851752
8765,0.11690404610678638,0.4532003252502178,0.2523990617554515
8766,0.0901641045007969,0.40092316291980734,0.28603592153165397
8767,0.2471678245923192,0.6107000982415255,0.4448962925206049
8768,0.1387095630270205,0.4486887091013075,0.3897160789148265
8769,0.12651487704155723,0.3413033051921651,0.4172055523862239
8770,0.20926918980875733,0.32651522079890216,0.5714757176010475
8771,0.09503073572858739,0.3035073364204753,0.2820685841590322
8772,0.36681099765003833,0.3864980451387931,0.3740365227707666
8773,0.07275489148341327,0.20881138821562445,0.5261754787571444
8774,0.191986572196678,0.1742716355826737,0.24628146476551138
8775,0.333011676872423,0.3873974652974822,0.3222072906020666
8776,0.05072553030850917,0.39479831528453935,0.43785152560305807
8777,0.09704343555972543,0.21779725272410416,0.21994829821119172
8778,0.27040936921544445,0.5581361432530995,0.36145350412704913
8779,0.2733178086648498,0.26478680361392665,0.3062188663216128
8780,0.10878763641498658,0.440348773881872,0.24772089657720792
8781,0.07526608449165965,0.2919169949715445,0.4832848393979867
8782,0.2369402592038025,0.3707726028388589,0.44497964049249605
8783,0.27848400640367427,0.4043299192011193,0.39686246689809634
8784,0.057593812846942705,0.32927879510248553,0.41806514413619
8785,0.05624335273425591,0.2844347425803616,0.2950364855436645
8786,0.14234773507196696,0.25698084178131897,0.34192754735333897
8787,0.1883208621061427,0.2346412190210043,0.25532718197961163
8788,0.09992750133060291,0.23501178898532357,0.4263051798139825
8789,0.19501577820314034,0.33044690811450084,0.24791113331153702
8790,0.07645403966218235,0.5100587539290992,0.2854020568516179
8791,0.033773059036192724,0.31692458808175494,0.23758654696288178
8792,0.09203067231533262,0.5952480593170784,0.35995805270862946
8793,0.1274440636318815,0.271220468537704,0.309117851716012
8794,0.10147915633849196,0.1496033802300528,0.3812345044874301
8795,0.057805834987081084,0.573922788830175,0.26980673195438276
8796,0.03955886592075754,0.42614660527987935,0.2613527756164087
8797,0.08676250024017793,0.4347497307824704,0.3853354891878733
8798,0.22738102708859656,0.21602173515957332,0.321955334897667
8799,0.29328554540776997,0.32177210372985826,0.7551597433474652
8800,0.2793111253402458,0.4050067396002055,0.41121191060925033
8801,0.07148294140135532,0.4602719683941581,0.35150253855018676
8802,0.05797785829555386,0.37289853161334824,0.4964725408033439
8803,0.17168216037239076,0.2189938959705233,0.4559787907387032
8804,0.18907786418751357,0.18942113882909586,0.3562106040564603
8805,0.16057421282000223,0.5174912849144384,0.7962393518453971
8806,0.03557897993497899,0.3610315094488437,0.4767529675428287
8807,0.0692226181814386,0.4644034411544449,0.22982146953251736
8808,0.11966911771808118,0.4208700695643633,0.30159256644279264
8809,0.1705626142417707,0.2459029853766333,0.17650630154275776
8810,0.2074356477562537,0.20785434134395314,0.20123660455693532
8811,0.13467350723435514,0.20157880735044648,0.7834850461099079
8812,0.15306061439602023,0.33237898349912326,0.5042020148183808
8813,0.12933217604254163,0.23635518692575347,0.18438640243745857
8814,0.19588167773844203,0.23621719488285498,0.3355584890608797
8815,0.1511821553040483,0.5029520346734018,0.2994135883118999
8816,0.127661195886457,0.3969035852658855,0.7185723949468364
8817,0.10198390743512946,0.32462120425443924,0.13757963137974571
8818,0.12901815413054968,0.315408772345878,0.27246863918335595
8819,0.17025169303225807,0.4916506266007156,0.2734548630249687
8820,0.1465335940908895,0.3385860690559565,0.2651953058014447
8821,0.15844067546278723,0.5025215052912616,0.36457083922875666
8822,0.31198423472500564,0.27481208534597384,0.44105370094161345
8823,0.14630102056442806,0.30003281388950986,0.28324872775262916
8824,0.07950986371917644,0.5064976047543555,0.32796527621428617
8825,0.2251376747265726,0.24971398159198424,0.2434978185510046
8826,0.051057891192649855,0.37975102539456784,0.2506546113421121
8827,0.060591280976226604,0.3982649804032336,0.3822388483945224
8828,0.15359597264916058,0.33833399926325775,0.40211030061477715
8829,0.17405724128002903,0.3412779597951521,0.17260008805249621
8830,0.05486941986432542,0.4326526759281112,0.26377428779862555
8831,0.0945495343471517,0.5228702649237608,0.3027020602274035
8832,0.08173890774845416,0.4232460484790034,0.29647233764585346
8833,0.08832674087817674,0.43070886227084365,0.30861687524685183
8834,0.23488201247531207,0.27532951848378534,0.12774406685484546
8835,0.19876970464620358,0.20814766941578536,0.4654084880660584
8836,0.12052656170815249,0.13231644467792747,0.32794794894553414
8837,0.08498316060427452,0.21738933386545345,0.7485931340736215
8838,0.051558621537431,0.327830510341931,0.4082618366665912
8839,0.32977093217161146,0.3931471163518461,0.3789102881883982
8840,0.18348550475185552,0.3548040749995269,0.2521285626287186
8841,0.07662368122532251,0.3445498586326643,0.2774786300125575
8842,0.20060317330230748,0.3274372205479088,0.4300329817833547
8843,0.11644133202178618,0.5035563789567088,0.3073391777701753
8844,0.10072304494395189,0.3864923484624511,0.26703026022037657
8845,0.16451792302151988,0.28066967612371263,0.5857040230940872
8846,0.0749393315507089,0.43437346679010863,0.3777597919307919
8847,0.09701643501696872,0.4684332062079378,0.4289537870264871
8848,0.13259577100425032,0.44132903162170867,0.3042481123989299
8849,0.08759381973249511,0.2745218238874176,0.4855806740992039
8850,0.19362684895379836,0.26049701047464985,0.28236679220194577
8851,0.45555281608511744,0.41208693589176254,0.481514051437371
8852,0.0743311490198644,0.5329718126442965,0.29028839378490073
8853,0.04299278597398482,0.3614844941178844,0.5459644609437398
8854,0.03580951449404378,0.47342455062590794,0.49838161226597955
8855,0.11032997980949122,0.36498656812819147,0.293161790176825
8856,0.07878945925078822,0.24611642171763073,0.6502634453653944
8857,0.1406606287961854,0.3096480550347981,0.3519629776453952
8858,0.1336065957636986,0.2648059887209373,0.5595785576298802
8859,0.04451990826988222,0.261165379530871,0.22934272343585482
8860,0.03957537217187132,0.18226054900349795,0.4178090394315782
8861,0.14942977425377604,0.2617822545476264,0.3811454897843167
8862,0.13386489932556317,0.3481706523573039,0.29633767135650235
8863,0.09191500328724685,0.0978666920119588,0.4509219945576788
8864,0.04318576931651372,0.27502768936323424,0.49767836221436135
8865,0.1686983845593249,0.29717029404863915,0.39744663278250125
8866,0.2965906242745821,0.37742685558852757,0.3804679424083718
8867,0.14759581241886793,0.48500592281545196,0.36576579719486635
8868,0.07007328889948419,0.4219065463200453,0.39596675868652775
8869,0.1258378467380575,0.34955938327779584,0.4300781837503338
8870,0.05106042514221739,0.2930058253994594,0.4237130475681907
8871,0.2546997263855717,0.3890128769721345,0.4059251447685778
8872,0.12906667962440813,0.2657765430117815,0.29096873091003095
8873,0.040601311668436044,0.2819762252633347,0.45733780901760956
8874,0.09982125422371997,0.29779316790322763,0.4021527059396386
8875,0.16775390158839734,0.3064653839561634,0.3797754969600021
8876,0.09770530070895729,0.37428034396638127,0.31325804913959227
8877,0.10147539957109324,0.425264294147128,0.45446019639206126
8878,0.05555383940317652,0.29836314789800616,0.1588374406582858
8879,0.180241944043226,0.4461594974872111,0.33032400437648196
8880,0.0795369284911918,0.5888131466059248,0.2962648349274003
8881,0.03306235356929746,0.4591774828282352,0.2877270816551052
8882,0.0952722029895261,0.4795767506047633,0.3089016517147299
8883,0.24120534782303235,0.27069542883787273,0.23683623433116674
8884,0.0942939654494059,0.3285191314489421,0.30051657853223845
8885,0.41441364714582024,0.40119453059621957,0.2245945015927674
8886,0.16380774848875695,0.5881127071891734,0.3826327330559117
8887,0.1539046501825172,0.32563255642683187,0.44806172374715647
8888,0.11197479738393502,0.42873468085751565,0.4625673613712078
8889,0.11659341548967052,0.4018896063288155,0.3985845857558368
8890,0.1023195400285379,0.20381942854507665,0.27944506119381557
8891,0.09971580999367435,0.2489777110407642,0.23051704634766107
8892,0.1758185156501097,0.49711603185668335,0.27095378149768784
8893,0.06629790529596945,0.45750875068939967,0.3032836981628656
8894,0.06079661734076656,0.33580357289329876,0.2728770200013
8895,0.059063833138410626,0.2537809883766606,0.6774734874486457
8896,0.5176737206035478,0.2385581273717462,0.41773930192416453
8897,0.17575437565204322,0.21071963387397177,0.40227804399882705
8898,0.15031282078519836,0.39778275320903367,0.3706154947023982
8899,0.06148642779784434,0.20232612707283892,0.2850131735114682
8900,0.18753051164473644,0.2512976324642443,0.3511375481058172
8901,0.11286734461956514,0.34799458891241886,0.41672881023014174
8902,0.14126992262242785,0.49550930484447275,0.4510099903832535
8903,0.06463657642069097,0.4021103387519878,0.3690661495845281
8904,0.13615454703195426,0.5006438051939033,0.4249971353896289
8905,0.0920347503767402,0.41228188521629205,0.2872352374762775
8906,0.07379838750800487,0.5149295621314051,0.1929846813489452
8907,0.20265531317602054,0.21022161262396996,0.4989799447284581
8908,0.046213847798665636,0.32126911126117647,0.27622812044359113
8909,0.1800203692398089,0.33570078439084766,0.27583233957066255
8910,0.19572625134164862,0.2688424770598144,0.25026819595844596
8911,0.06867006982902826,0.4994139686204383,0.3703707967219124
8912,0.07128360674269343,0.3194261950132743,0.28160157016336923
8913,0.10510785993983332,0.46897317285254364,0.5240028492826541
8914,0.14800784368824216,0.3265605068003395,0.5200941235279908
8915,0.11015369716332667,0.2530313093086456,0.3795214175667041
8916,0.16433003126726736,0.32143093720634597,0.2665047059119522
8917,0.42195337629059443,0.5180265243620336,0.5809251861353899
8918,0.08712328353455304,0.4120826375371694,0.47653541447834025
8919,0.04180819146101871,0.24084282534478693,0.2695766346217327
8920,0.21616731450167487,0.433460679891757,0.38370136265085897
8921,0.3984001280688121,0.4470628833620002,0.3679685234077481
8922,0.15975425404133442,0.31176502030079006,0.40349791596423557
8923,0.060356628794521396,0.3306214278574009,0.3522761287196289
8924,0.11231392577603516,0.39911273654188223,0.33863701746580654
8925,0.059232280701527855,0.33249330096351504,0.7744655237056269
8926,0.19010590207444283,0.4294622220908374,0.4045078287610375
8927,0.05150870197486287,0.33076080770426575,0.2711546397191352
8928,0.0998573495290626,0.4082071511700079,0.29626797571963154
8929,0.06353591905712234,0.36242448120689774,0.586814720762325
8930,0.13308156563508397,0.5532753887718154,0.3068214419703841
8931,0.09558138029468771,0.46774351153052757,0.2506985649737787
8932,0.13769823364271122,0.2844452762945227,0.3494072584182625
8933,0.12395746302878169,0.4074542618919408,0.32393634664698934
8934,0.06423533181084909,0.13357360606755703,0.5218329118240205
8935,0.1879942837289795,0.3785602330427753,0.5504825441906319
8936,0.11813796825628278,0.38267833684250563,0.31333160169242635
8937,0.06416091787930045,0.24570119085013006,0.44367292906413547
8938,0.5965089916082279,0.4632822883907381,0.33093998668108826
8939,0.16928954253915032,0.444125346028188,0.2643825235226837
8940,0.11012377502942292,0.4262566453595419,0.584074698137105
8941,0.32859643971209884,0.4385890331101227,0.6104386073715825
8942,0.4466687600039474,0.4007032974454264,0.3859974830816101
8943,0.11070907787854253,0.41763793865381654,0.2820980086910383
8944,0.15482470550581087,0.19185750111492048,0.24972682870943352
8945,0.06418184665558539,0.48405071375348246,0.4245398588474649
8946,0.11057239348647348,0.40929854311069014,0.5157188000529285
8947,0.10680163280019844,0.23307985097500564,0.3639883052271199
8948,0.13845995579211187,0.37024174837147794,0.4840572244348116
8949,0.15326936888953285,0.3080103290533571,0.32575245285894394
8950,0.17940067238201224,0.26956561304228055,0.2909900942703466
8951,0.14356224593995232,0.6141892846906643,0.3783640609728802
8952,0.05601237105547542,0.38859041025281693,0.16957247264529235
8953,0.0661890250478458,0.32097754563809594,0.29900802110723146
8954,0.0849585757471795,0.2670254656588312,0.44876999633862324
8955,0.10104894331939895,0.36023012951961725,0.14125214581908807
8956,0.25340443104561616,0.30769205527407667,0.2264338408547955
8957,0.05765404578463636,0.34359710380724723,0.33592356023796455
8958,0.09614571201506765,0.35082819884535216,0.23434966615963498
8959,0.23645038570880617,0.30531355197380744,0.30071806855524963
8960,0.09987398132581278,0.3591042092603444,0.16849277329174428
8961,0.1674183413198769,0.16550019209111988,0.4264981943547309
8962,0.11114092069664648,0.3016154990675117,0.486750735746147
8963,0.14546110755222613,0.2578190032129768,0.2076065587643725
8964,0.10472703244518188,0.24219784505070124,0.37490159598766604
8965,0.19335329492418807,0.3790485313264027,0.32915445981031716
8966,0.04601971357287242,0.4531746511492836,0.4043913057791624
8967,0.09577249501716868,0.3676129638129617,0.5420137450076493
8968,0.149495553203732,0.33316939698262643,0.23881604069418183
8969,0.17616494373117494,0.2818622987188551,0.5102413934392227
8970,0.34743395755859974,0.5225836594801097,0.5754902351100791
8971,0.09404020882177577,0.282626458022303,0.1908014337479883
8972,0.34409203294648616,0.6481651001492824,0.4724136078615626
8973,0.07899925426984367,0.1541643851738765,0.26417662949001575
8974,0.308860308888924,0.28384966375154685,0.42644397441957593
8975,0.21488412126981762,0.19007558499750085,0.2711149610251114
8976,0.06723065217452964,0.32948755452947215,0.29333745191910726
8977,0.15057668526564041,0.4083478682399589,0.28398442630992676
8978,0.11794128152479823,0.3046753614121394,0.2548165633894193
8979,0.18782456692822574,0.614675943013228,0.44047635271058727
8980,0.10509063378879767,0.5573851613725989,0.4070732454425351
8981,0.09938760048642013,0.22332382833885536,0.4101548027648898
8982,0.3179257315400587,0.413662938587212,0.31174593848288545
8983,0.11422934712916724,0.4224902845623554,0.3221283565269134
8984,0.21624324508076567,0.46605224993720534,0.3938661394743088
8985,0.10494505931179075,0.431535240088548,0.26890657585137306
8986,0.39365006782190554,0.35551058926791257,0.2993298475893613
8987,0.07802632404397014,0.4693058106384233,0.4634311311942708
8988,0.08131486172647698,0.1578046097243126,0.3953685405366527
8989,0.3553963492773191,0.3443140424435918,0.4955667573113435
8990,0.0907697195622321,0.16736301674640708,0.13488888415593747
8991,0.3754986699255222,0.6501609037341302,0.5407366433463909
8992,0.22644962407812108,0.3824353663995251,0.4634059869856807
8993,0.110021352004524,0.33869645340682675,0.46590931366374333
8994,0.03960971033561224,0.30933405550591625,0.1998993937739607
8995,0.12051058576398274,0.5047551138709057,0.29293468908132303
8996,0.1308162798040717,0.5118712272495551,0.30557797962764427
8997,0.2752647131365578,0.46902298094133577,0.369293105736348
8998,0.3721041494425498,0.3503872453307263,0.5886892773963732
8999,0.0776943565830019,0.31503728325672326,0.3735969456208691
9000,0.21243546121435103,0.28209078318108327,0.49744165294997633
9001,0.2071581462719215,0.31498363310390254,0.5294225097102906
9002,0.25750825499852115,0.41801659552360076,0.4324249953222108
9003,0.17192755934996698,0.3321473367336998,0.37573858545180594
9004,0.03694760952057091,0.28131525609426256,0.5067776352442304
9005,0.10996442403720671,0.40294066784609495,0.20262706926259505
9006,0.0579074815632254,0.38695858298797015,0.4249433517241009
9007,0.10654929380878744,0.2195495689882984,0.5501585882665816
9008,0.24100985289443683,0.24456820685063693,0.36650810495676367
9009,0.1503810054618743,0.3728266859956369,0.4190644401709155
9010,0.2715434808885074,0.395288937839679,0.4758491446761479
9011,0.15422302135383478,0.5568541179792516,0.3099038972678362
9012,0.053151143542239335,0.32606054996909684,0.8147749709218348
9013,0.02770873076151959,0.2815159190712555,0.23231188938523317
9014,0.13509297503415552,0.5541680569054891,0.1788724969555492
9015,0.10574748136063225,0.39145625216530416,0.4318080828122288
9016,0.0646235225442751,0.4260559330077243,0.2843831722289091
9017,0.042148085509376355,0.4502786982079067,0.3673316876664148
9018,0.0752626241513282,0.21215695888995167,0.37812619853141505
9019,0.10712815120792722,0.5519269384912814,0.39809995885817673
9020,0.19319263001383563,0.4191611676922694,0.22109077444425784
9021,0.1388208235380354,0.35704866088202697,0.2708969248753355
9022,0.37739225275817595,0.3076551501855025,0.48730309415051687
9023,0.062321131293652535,0.26074388127984544,0.2898558190632853
9024,0.22473331688541523,0.23843141194436165,0.33248957452857386
9025,0.12607262436959574,0.3528703616423224,0.2852459735847657
9026,0.19712755652678204,0.3204090529711113,0.39899102506253836
9027,0.09127254776193104,0.1974750312108224,0.2987811696952438
9028,0.25719178954283617,0.2722479543645856,0.5529743755084767
9029,0.14935692889100283,0.3590338520393256,0.2634821605273693
9030,0.07797080278184913,0.27717322207243766,0.207570121321836
9031,0.12110632717265164,0.45205869680785216,0.22632279859488919
9032,0.10395684383964865,0.36145673825619146,0.48198451336964276
9033,0.17079502069629274,0.26901319065988283,0.22536178950945446
9034,0.05706916811534821,0.38105817285062593,0.21296335934591798
9035,0.11969636788764175,0.3334852352883919,0.4307574388176998
9036,0.16003502336738526,0.3745352769172492,0.5785355992442058
9037,0.12485754629089423,0.26335109164662357,0.6352153394750436
9038,0.3129270453484298,0.37326585075867813,0.3273951570410487
9039,0.2084169009511554,0.290177352365874,0.09654020247177819
9040,0.12147901208464336,0.2344606480289817,0.32085067891982055
9041,0.1415141251597206,0.35323069326518647,0.4925455506403035
9042,0.14940224628301518,0.5276569702830389,0.23911989172557196
9043,0.16092232793907466,0.40309640341791125,0.2835470768317855
9044,0.03934380292537916,0.43897576360055235,0.37680157015420257
9045,0.09976491906827581,0.36687064747263953,0.48930936519420687
9046,0.04765309396492121,0.5555168960746976,0.24675070816117517
9047,0.2979448325646579,0.2927414596167847,0.4735724381775528
9048,0.11717921060542048,0.38296417528072046,0.42561696906964597
9049,0.10721050976475757,0.38493153279568476,0.31528839746332876
9050,0.22724328100873797,0.5316621581140448,0.433821417902844
9051,0.16305571791276952,0.38824357031461293,0.46476396457280333
9052,0.058868428846776726,0.552437246219854,0.5583249143937438
9053,0.11638786831225038,0.28531192575235487,0.5366993284166439
9054,0.09756853676243167,0.45920189651872206,0.23277794052626255
9055,0.0411336570623486,0.2893548430485867,0.39742060609356455
9056,0.07743159193262249,0.32553030305331504,0.33811110354998475
9057,0.10791491542641717,0.3946247015144208,0.3843041096615605
9058,0.1129902425655497,0.2746374313489313,0.3477738696272684
9059,0.04771397407504555,0.33586587007808627,0.3606007633992053
9060,0.27223496591663127,0.3081963988680036,0.341302881278703
9061,0.1139699025856817,0.32809448134811736,0.2791926641398833
9062,0.125241716386102,0.28091766582240296,0.3698106685641186
9063,0.16062666023801042,0.49361829407127944,0.45337585363298705
9064,0.07275357093568154,0.31696833972748,0.32273689317403903
9065,0.16694750384607712,0.21645066944765015,0.2894687872521439
9066,0.09553520815293333,0.35448734971457563,0.36637411284687427
9067,0.06794439530728369,0.5010708995606273,0.3852043042301935
9068,0.1811118968140443,0.4214201012752702,0.2730834591724311
9069,0.34711528223847044,0.3055858186924765,0.30073396216573317
9070,0.20134045510549903,0.3283576623281664,0.23384411937425204
9071,0.23148378483203919,0.20343863610628599,0.38029102428353356
9072,0.08639386978434105,0.3988807545239629,0.3083225157900104
9073,0.044661453326962815,0.1269328980254168,0.5166303522118532
9074,0.34673281675892065,0.3854760338122486,0.40316089733550287
9075,0.521009591586595,0.22871942115775407,0.4239177987356282
9076,0.36009582958236114,0.3714483399542348,0.3606783845908834
9077,0.0975286347152531,0.4235653585153952,0.4487089080311537
9078,0.05794521042281742,0.3834382326735646,0.19396437551191004
9079,0.06117870549865121,0.28232704282448057,0.3411783107436315
9080,0.04254729586084062,0.3248713952680924,0.3103834120723089
9081,0.11356651015758183,0.1480280307786288,0.48434983368744233
9082,0.37674416735126337,0.5322489196289132,0.22169248872688735
9083,0.11098301639935376,0.3418530478665531,0.3683604588017496
9084,0.15008848003971492,0.19826372035492826,0.5047396751312926
9085,0.3194085498256771,0.5590494190258182,0.3333959397443379
9086,0.09323542143562447,0.41105634327829443,0.3328178802271309
9087,0.5138890972417889,0.35585104612608476,0.3751065819313065
9088,0.4979676093233003,0.36443003268743135,0.32110227638049205
9089,0.11177114757561385,0.17851580681818266,0.3899789340927735
9090,0.08326149442901698,0.46036366471145757,0.480245506178956
9091,0.19748274253351736,0.38846306752664084,0.38038212343575417
9092,0.09677532082258361,0.3127263641297756,0.3415240003702178
9093,0.05787770446715908,0.2717465898662293,0.4380201700460331
9094,0.298574663928907,0.3318538302739678,0.5406125485908218
9095,0.285088316967755,0.3118465362023538,0.27811347367315564
9096,0.13571278012474886,0.38153392558385885,0.5991399652031144
9097,0.05428732556001096,0.4457220146015416,0.2847090808780546
9098,0.05538302446389659,0.3851570139949041,0.386481276997258
9099,0.13131607251419386,0.2521370400458074,0.3808013375339693
9100,0.08756984989727494,0.1890897859994021,0.3876598511504563
9101,0.0971872646629076,0.465282765732232,0.19290082265868613
9102,0.24828004940577142,0.313865243634878,0.22502938436473457
9103,0.20252351727129178,0.39225456197916,0.30218314429822335
9104,0.31999102657451467,0.47331618423093735,0.27670116375074544
9105,0.06407770283833925,0.3837842793419553,0.402638550115046
9106,0.09705264011682027,0.42376530200066,0.4912153773090443
9107,0.20622585340551916,0.3771258918586449,0.16225396991621616
9108,0.16599184177126933,0.17684258924743826,0.23147827772202528
9109,0.357408996305763,0.5008465182508868,0.28749013388494704
9110,0.16285392945368724,0.3655926918146097,0.23345789672552497
9111,0.44870462446859954,0.24481068664641928,0.30672650058445067
9112,0.1769420551346076,0.27454253241763765,0.25651880677819733
9113,0.25546115796017094,0.23121884488096525,0.3974455838248484
9114,0.0983231120225833,0.3174616577398214,0.7401189221172387
9115,0.12328214061972434,0.29096828627658916,0.2566659366946795
9116,0.22952453007709567,0.36842764606508965,0.4973313555078086
9117,0.3787279240363268,0.2937694156733999,0.7247785279632177
9118,0.2019640319810249,0.3005266105765335,0.2735806764398307
9119,0.11543050224918805,0.36130515031250326,0.6384130195645294
9120,0.31980611186005764,0.4872668518104726,0.2545501667621025
9121,0.032474552732876076,0.3132408098759017,0.4944254063124245
9122,0.04940715493551713,0.19755098949810393,0.2610919105326087
9123,0.19533568184386715,0.3121782501139508,0.17463930020691
9124,0.12326720669438629,0.49012929459694554,0.4664395787105674
9125,0.18520973154739198,0.45809559602346733,0.4000307400325678
9126,0.12754587368327064,0.46184357747097243,0.3316370601176731
9127,0.18079625335434132,0.4096093154049634,0.1894833760197281
9128,0.07155105732929132,0.2831719146143578,0.504283172206037
9129,0.18073832959770766,0.37141803277001717,0.4720583562537093
9130,0.24348131453764088,0.2968954556656279,0.1764106397306336
9131,0.28592336608903335,0.5294294791198566,0.36442557350101434
9132,0.5057696148207539,0.553512829493346,0.40234998232025476
9133,0.14419969583880032,0.6248860358728578,0.2302355991136001
9134,0.14718323578136674,0.35582672146671285,0.46009126838626024
9135,0.046600962681672825,0.3991605156675001,0.6954708790313359
9136,0.08579025118335404,0.5169759784642421,0.4697188642306106
9137,0.10722905047891594,0.21199933171528043,0.568676553480441
9138,0.2533226995476143,0.3881319444373631,0.446454769354241
9139,0.08147989296878126,0.5693504010604562,0.23068908973865687
9140,0.2117131295236172,0.3424194216832298,0.4381636088636588
9141,0.12196149000793835,0.2639695514957883,0.21545246580129385
9142,0.10837565578830195,0.29615136998109054,0.2852909991409977
9143,0.14467518463008883,0.27456562516582667,0.31110644562590556
9144,0.09403206056902438,0.5242567974607985,0.29967193810844345
9145,0.09172111954524632,0.24801210438777146,0.25828072039716055
9146,0.04205058202503195,0.31769012898108395,0.3100604651840543
9147,0.1033774268081667,0.4290581275134497,0.3234464116549489
9148,0.08871438555939813,0.23082019743499874,0.495445816406477
9149,0.08665569220675787,0.3349881301212948,0.38442193239391187
9150,0.162441315322334,0.5220637954021369,0.45499974922161435
9151,0.1922154619488935,0.24774834867810872,0.31176107553744853
9152,0.14302665443521892,0.27443456851155906,0.4514286024295864
9153,0.24365391508216122,0.3524811207724288,0.16677110532005807
9154,0.181379123468165,0.3681194323572661,0.21611673583087043
9155,0.10019365232174839,0.3160987538778106,0.45703427066488556
9156,0.0897119832834107,0.5521682099851187,0.27636631638566733
9157,0.15117763407005488,0.23577191633289726,0.3478988249872168
9158,0.18115226384866243,0.2231065306746248,0.13874096970170285
9159,0.3245361770609459,0.30724729072097257,0.2968717276277457
9160,0.280000231370707,0.23849070528750407,0.21860634494338949
9161,0.08523122665012424,0.3824070621223135,0.26833445840155207
9162,0.11397731742970502,0.2873303036776565,0.34951937467133654
9163,0.19388898325181736,0.4281987363505031,0.34724803714209873
9164,0.25652039104080393,0.2599781581273777,0.310869680820357
9165,0.2341147455084329,0.3845774495773135,0.4430217136589988
9166,0.11694027843056728,0.4098033346787167,0.2911821154165506
9167,0.054575300906349884,0.36070196738744636,0.3086785845294103
9168,0.06374864288236277,0.35531756881365134,0.22295490537101886
9169,0.14705402700827747,0.40204508673031736,0.48474089100240936
9170,0.15427321072113118,0.15549044059042852,0.25614812212820415
9171,0.05995434469323228,0.19309991416560252,0.2054409699207156
9172,0.12583933646016562,0.49835334358048766,0.22138720824328278
9173,0.18856632782571853,0.37405504479679214,0.3576859211082992
9174,0.058065203791530566,0.2942678305623312,0.32603795083882053
9175,0.263349856030148,0.3258787293154638,0.31274893293056105
9176,0.09487923730274005,0.46316512444185415,0.45631764796380414
9177,0.29358195314627433,0.2187748453333538,0.2409877495107562
9178,0.08567651371786263,0.4221871692233861,0.39212896667890496
9179,0.06266710497673116,0.598609362401628,0.34640258367888865
9180,0.08998934063851084,0.21563950005119645,0.38184011183360733
9181,0.11450411901726756,0.3050733335208465,0.3484890207913375
9182,0.09419780214267641,0.2571211529036238,0.2618743451471568
9183,0.10560124498988085,0.32575322725241274,0.14612929075551034
9184,0.15339674286227933,0.2949184360167243,0.43127229956170876
9185,0.10881065437082534,0.4767007227061413,0.33522457236959835
9186,0.116764315708102,0.4059141220728978,0.3494335229304417
9187,0.041946801224318556,0.40382058172525986,0.33291499966190385
9188,0.15963604502092632,0.4959420619134641,0.19989996937396082
9189,0.11496293157629378,0.3927618099985438,0.36106074815714073
9190,0.3779970057339409,0.18573371568466676,0.3393779943621804
9191,0.06614372997835478,0.37666458993242646,0.32850429130779574
9192,0.03971789099696935,0.2435452842792159,0.5584559325441002
9193,0.18684082203659116,0.33813228064620815,0.3494024031807884
9194,0.15473173733298418,0.3780115363365856,0.32296918135027614
9195,0.06337520472098837,0.6310145436243112,0.32011385786413377
9196,0.04642529753505459,0.40353902101314,0.23348536326273456
9197,0.3586990995773263,0.43165116534007547,0.35133916163239953
9198,0.3283389972051412,0.1555356565985997,0.36602111476619303
9199,0.028141454295838926,0.4285410216486328,0.2698945161398178
9200,0.08998427535228407,0.3896660039850554,0.4226016556830918
9201,0.3929500893218529,0.19887453775639624,0.39115924891510256
9202,0.08894096499726759,0.5297597433417365,0.32400346928126783
9203,0.08810019066839413,0.4151584277920345,0.4334050422552037
9204,0.10101416609589618,0.5635662491958431,0.29652092101138533
9205,0.059146624559840766,0.39155185720350955,0.42944659786318484
9206,0.04205081990672231,0.34342154104713646,0.2863580891308906
9207,0.2537233641630561,0.2778701608510259,0.5377360051611693
9208,0.03897625925154103,0.41514321949409194,0.2772130615968707
9209,0.14451411901419053,0.2727330230550795,0.319565184100098
9210,0.2256104159158592,0.46037670977457734,0.2513506185379149
9211,0.04857958856053008,0.5110161194228225,0.39864455117002806
9212,0.06677804795526486,0.34860705444698775,0.22782372270973789
9213,0.28442501413409804,0.11834266661835371,0.3237207587121009
9214,0.17606644139474645,0.3956107936638265,0.20773442647495272
9215,0.08115022579723556,0.1395071455816157,0.39718253611146814
9216,0.28221827422778123,0.4820621962466849,0.4036470127627457
9217,0.2830816116360885,0.4575001600939308,0.34971741141866286
9218,0.14669252663587173,0.5089975222913417,0.2824263633182144
9219,0.06779243847715873,0.4876741085321441,0.4163966889160269
9220,0.09266427133677689,0.3235848441081021,0.2445874695489011
9221,0.14845141520200503,0.3155154842401543,0.2623840240016587
9222,0.10755099244955164,0.23767221762912338,0.415951501431053
9223,0.23411271152643903,0.45819985024781124,0.39809186668357255
9224,0.04642462805388466,0.4764825262404567,0.39858801959060586
9225,0.04738336779018788,0.43522902280243964,0.6542129729409863
9226,0.13808575622915004,0.24078224105962676,0.3548070273911612
9227,0.08804663114416895,0.5238722070418078,0.2950286812355796
9228,0.0806411280970489,0.5381809812345913,0.3211358764989852
9229,0.04060354982683586,0.3496563831162476,0.1546359715947732
9230,0.12372210544974861,0.33536010331798066,0.37938357091538777
9231,0.11782048885486932,0.4838948117947347,0.5130504922245036
9232,0.191523719607282,0.4283942922752169,0.3002654995986906
9233,0.12793635830097888,0.3874773454376357,0.4983436670650907
9234,0.111659273119386,0.23722696756252826,0.2421982248254041
9235,0.27718847839404287,0.2689448145036142,0.2593191697573046
9236,0.0527062999266411,0.49945299738431304,0.2589698084551758
9237,0.1764956180198919,0.38105766954180936,0.20125219070718292
9238,0.042847940380746914,0.3295181680586646,0.5195869619586457
9239,0.07047685398342766,0.26266940787934384,0.3945579186846945
9240,0.05594782442144064,0.18883428849876657,0.40738470235559743
9241,0.20958041521006085,0.4277274273610454,0.2641719830055636
9242,0.11681957668170764,0.223142183953752,0.42929758865867096
9243,0.12098525599763474,0.33682060081376103,0.2845389992146314
9244,0.05966002072479437,0.32649558946595153,0.2889931733544292
9245,0.09988615894862703,0.36548356093983336,0.46539407918115205
9246,0.07389909931829043,0.3032580434758594,0.2531049779260262
9247,0.15872881807917724,0.21031695785984467,0.23970594931509848
9248,0.06405912766048842,0.5288133777237569,0.22952780992709554
9249,0.3091138708941983,0.46681203730858495,0.3207034006616735
9250,0.04274171703356939,0.2646885467804441,0.6139688026684302
9251,0.07190867391417238,0.34601194651278566,0.3090321932999501
9252,0.3966491892263181,0.16271592559180637,0.2143393773943525
9253,0.09135491281639477,0.4287365830572941,0.2733859826799569
9254,0.05263090930014178,0.23866135874993116,0.2886508067980655
9255,0.14174540446138498,0.4451565148192952,0.3412316377839494
9256,0.08897991865572555,0.49817941681009514,0.3766462852878181
9257,0.07058768088209455,0.5514391294310093,0.15495210642680152
9258,0.06005739831168837,0.3366500804417641,0.22063894469210793
9259,0.8762334646463948,0.5153567535213311,0.21441803251649677
9260,0.10313031480070621,0.6010429576395905,0.45831602539811156
9261,0.037282124202709176,0.27824092267502726,0.23829427814350485
9262,0.3476227823968155,0.2246701939595931,0.3670526023468318
9263,0.1859298462525336,0.38291785456720895,0.3886808271920317
9264,0.0737582912894817,0.2301539204989935,0.28482138499959875
9265,0.06641015766631944,0.49195059117478324,0.13289752839404823
9266,0.1942225155249791,0.25961844657087163,0.4789952858050939
9267,0.10344869953278765,0.48464953162189967,0.4982666260769665
9268,0.03727396459103132,0.46999925413605853,0.33393662329366214
9269,0.42940612862799943,0.3035720524628514,0.2679273687976217
9270,0.09142370572172331,0.44050729620262397,0.5707710501586601
9271,0.34808759753622426,0.4592672138886529,0.265011753458754
9272,0.29797759446995353,0.4624978793693106,0.4290801945194255
9273,0.06366689533670482,0.25601919242495524,0.19884086986178134
9274,0.2502638675106683,0.45955753143721273,0.38784361064559114
9275,0.07938503499244702,0.5478183201109794,0.2144594990328239
9276,0.0384783893341315,0.43447166735367676,0.37845279004617594
9277,0.0919885900797334,0.2796115432578514,0.3365375572065852
9278,0.16029318420519997,0.37531897980986295,0.29837489560354863
9279,0.08971900254610378,0.256414711450381,0.29561253683871647
9280,0.09940062742615997,0.23956844790191975,0.4669031679878123
9281,0.27067082790238095,0.29684572877301985,0.32709344305310656
9282,0.13125032011099838,0.42634318684555034,0.3803663388087508
9283,0.07025788497750161,0.30430130654154336,0.7562909525661881
9284,0.19814714231530553,0.42515382003192564,0.21839038590429255
9285,0.1396829095362876,0.20639627330035798,0.2599395982608989
9286,0.027699033569532613,0.2978610806085219,0.18690733835376133
9287,0.16373796881089994,0.33160958393503254,0.18338742087110832
9288,0.15965047358375525,0.535444811314563,0.5883261257258311
9289,0.1237703407379356,0.33641925169609616,0.2931480030250528
9290,0.2264272502620434,0.36212588833277765,0.12000368673993461
9291,0.07832417099672498,0.2605135731269901,0.30672912066579155
9292,0.15366510985009058,0.18890211805464532,0.2858612267671775
9293,0.04544730554221885,0.3149029713233869,0.23529867764896129
9294,0.16134501502368717,0.2974631765235071,0.2909924588307513
9295,0.4840897487599378,0.3058265741245567,0.35334693618363444
9296,0.06390988980558653,0.35664973083598994,0.29402915037645677
9297,0.07407139356037366,0.19235370246601793,0.43637159235255985
9298,0.07645996006403027,0.35769664259165096,0.3295910360051585
9299,0.13336990897130807,0.14545590016255852,0.3375958649220393
9300,0.06127820336863469,0.5079633582655757,0.31593830614831236
9301,0.16293409784287927,0.3583068985674199,0.21978830100702879
9302,0.2193758870229912,0.24865622610044769,0.2230953352306918
9303,0.17624490948273958,0.19714622137542526,0.34926564270827
9304,0.040595537605454306,0.34276787363602745,0.2610574886086695
9305,0.24361120846200987,0.41766569745985593,0.4045461585693625
9306,0.23384977317222158,0.38982560361323837,0.3014586431285553
9307,0.21681338762531427,0.37634196464596326,0.25972238164608213
9308,0.15756889112305644,0.25734578266675134,0.36470352357234737
9309,0.14185405147303104,0.3041507186294135,0.3390810422896755
9310,0.2501218748123723,0.36499620592961257,0.18641858285337087
9311,0.473848567332187,0.3570589023345606,0.17434876479026495
9312,0.06559085961384299,0.2483315594795745,0.4013143886245911
9313,0.25837123504415227,0.4875231164595753,0.2624889613453434
9314,0.11519416438317712,0.5302878616777285,0.352703241309821
9315,0.11187905794548973,0.33814008146891533,0.3617108152252314
9316,0.046245042918985374,0.27689927872351283,0.48329678846263746
9317,0.10087819302132524,0.38088004814368986,0.5482069598929523
9318,0.06381464028372709,0.26685395249416655,0.22726466658765437
9319,0.08965344541079702,0.49646697777949095,0.3203964994152558
9320,0.0599724183025901,0.5288674068088054,0.323072991426824
9321,0.09053452027454721,0.41001226962910425,0.5285759636523485
9322,0.09311204167376157,0.46528735531893517,0.20320409956076474
9323,0.13038280364556415,0.246228457973004,0.5163086188133207
9324,0.04423009223800174,0.33431187015238467,0.40026964530820586
9325,0.04874112663147956,0.5754028294353999,0.2805477064800568
9326,0.1563839913064662,0.32495419510450063,0.43898348137358745
9327,0.07232326507849728,0.2989101055186501,0.29750329544170134
9328,0.2577125421639771,0.17238575720077642,0.1895268155978176
9329,0.14234900787373847,0.38722691654172287,0.3492964147648556
9330,0.18537125560483786,0.346117850209522,0.30858558158275684
9331,0.3275360903736106,0.3515357801067444,0.2866820947953399
9332,0.09922551412538383,0.28030854463510624,0.25810851008367025
9333,0.08342593247459641,0.3915218649567245,0.40669155515472666
9334,0.2232549661447077,0.4034414054167468,0.3345558302036924
9335,0.17322605925669804,0.22408963861230893,0.2876493049897773
9336,0.10764190986389786,0.46179248326237243,0.27511138982053485
9337,0.32305559070364687,0.6657103068544217,0.2891541335854377
9338,0.10586619936765655,0.5858425553788805,0.2773857295330558
9339,0.12483640919988374,0.22793169460135723,0.29437823495868415
9340,0.12386275611545998,0.3818118755391658,0.4204611337341183
9341,0.06634908921434558,0.3991635714234863,0.2978483858268944
9342,0.12869340987074784,0.30294387099743697,0.35287288243760806
9343,0.32428434311627474,0.3406058400207862,0.2965290798077186
9344,0.16563429545177877,0.41817050868657013,0.17772048054298267
9345,0.1246917272287282,0.4717519584569915,0.3601391927094181
9346,0.10949821738348556,0.24921924293223724,0.2649065846753081
9347,0.15306939722567928,0.22932085243624103,0.4130471210915406
9348,0.20489548038653316,0.516644132360839,0.5490422132303688
9349,0.1856921169946081,0.2839880044349927,0.2699958549307382
9350,0.09778171862937018,0.24688179236489194,0.4432533602062967
9351,0.15242859390584215,0.2936373654131724,0.2938369936529467
9352,0.1697025853096008,0.3463159624362723,0.3042206136522707
9353,0.06342373951745027,0.4153178784148932,0.3783546166514775
9354,0.13689737006045744,0.3404811143436793,0.1638616996731529
9355,0.03298106803769803,0.3499014538198589,0.18139846447502328
9356,0.17000856014348004,0.2686631933527488,0.3423468448163195
9357,0.19244574656237415,0.1699360950660687,0.12094012336153609
9358,0.2045762615976914,0.37673785065234,0.4671335608105346
9359,0.0937917249396757,0.41332910958466396,0.5018188534624304
9360,0.15078501643702086,0.21859558285742367,0.3755486459843703
9361,0.33066260539942494,0.35283268808026225,0.32232522353604226
9362,0.3282588654837573,0.6791130760990711,0.47034670868226003
9363,0.11971084122354493,0.17647917703333216,0.2886834344086878
9364,0.13422076320635867,0.2234304426330024,0.297296941018217
9365,0.2644589011423112,0.36142041900678856,0.3216405171578914
9366,0.04720493999321924,0.4922798221063141,0.25478165853184936
9367,0.09835168190657981,0.26401216053176635,0.495646977767487
9368,0.31039297645638225,0.3398528777608613,0.4912858201358693
9369,0.24019182498996894,0.45395956614280075,0.24470956335579663
9370,0.15717982905647687,0.5533305110613898,0.26183751066039546
9371,0.04706825262662408,0.3808877928495727,0.30004929344769815
9372,0.11804678705334591,0.5047986257862052,0.4831257031005971
9373,0.08259724135085221,0.4367323186013613,0.2995337247149651
9374,0.15308753772348557,0.3799746975185193,0.3533020170598623
9375,0.07178019213035913,0.22030698406411436,0.23377230500236423
9376,0.06270199257178574,0.34883633081729165,0.5290077556460985
9377,0.03465048326139753,0.5121528695034159,0.22515516534178548
9378,0.28617909134352054,0.28197026499321665,0.2938923036386774
9379,0.09350084762839313,0.3645831137463322,0.18273736342965813
9380,0.13586435766679517,0.51409022247954,0.4877040760662066
9381,0.12191063284094536,0.3095410800827085,0.3327976439381746
9382,0.061112971176889366,0.37366426106834566,0.568159604106616
9383,0.05441085053596203,0.4353932552930609,0.24121719598488428
9384,0.06349752105928767,0.5154795789362043,0.46228982583384104
9385,0.07582035667989911,0.23203118959152563,0.3801758861225063
9386,0.15689156010865835,0.5034541777880895,0.2578676368671302
9387,0.07240212013934857,0.33635601861389736,0.27018713254396776
9388,0.41696377207105256,0.17530561085440013,0.3984778614081439
9389,0.24919472756532543,0.39381806723134494,0.33208400784342235
9390,0.21351107509271475,0.2609618186818094,0.2678440980461591
9391,0.11263358095344309,0.32165655816596006,0.5634139775438235
9392,0.3527937320561917,0.42363914526141455,0.3409367744852416
9393,0.10546020751578698,0.3933916677335075,0.29748805053761085
9394,0.11954207674584062,0.511732123269799,0.23254242094560723
9395,0.13706066964299535,0.24327145475090747,0.2833176042184739
9396,0.19811835588643398,0.33498903111282075,0.15165344362193872
9397,0.18931700790231581,0.3181574959968678,0.3363658956988329
9398,0.0889954379452695,0.3929715636165295,0.4212888740542906
9399,0.0857020613414822,0.2656813009376304,0.516257572212906
9400,0.18971382932454958,0.32001749256785056,0.2933047384313948
9401,0.19999029012603448,0.3359421926462028,0.3902932870288427
9402,0.09389639399884175,0.29118943972605305,0.3003551365586947
9403,0.04492682789987907,0.41941531995741954,0.17653305645236356
9404,0.10621485913573063,0.2563693290398126,0.15851549291401001
9405,0.18755455735145368,0.39156688448561083,0.32457402534296226
9406,0.4350783635798555,0.2378252673640617,0.15968406742677488
9407,0.05644575123332046,0.33334571200581364,0.30949572482195137
9408,0.09186959611274725,0.3320787373180791,0.29224871002522645
9409,0.09414056723470264,0.25859791328248183,0.1786822577083823
9410,0.31491731646520543,0.3556242461249018,0.11504654712146067
9411,0.1192453660049885,0.5310433634279836,0.26297768605752525
9412,0.06748901161648696,0.4425265784307104,0.5209617396186661
9413,0.17925906619659623,0.23051915171628515,0.3634906275156532
9414,0.09320214307997553,0.5704861969264267,0.26199959535697204
9415,0.05555433817896007,0.3187522927082035,0.25554909752179544
9416,0.06810689341288419,0.3490315140981703,0.3728678331649311
9417,0.4132368977648945,0.5587368743396274,0.34361648059446126
9418,0.15881159654205665,0.2700930842835405,0.41121143054735365
9419,0.1313635567641597,0.31870511596607576,0.5627008950093206
9420,0.10324412617803728,0.24960689879111173,0.4674143378647929
9421,0.1490411087972622,0.36390726175658067,0.46435670188299816
9422,0.14782470958571722,0.5205554263304125,0.3212984023012862
9423,0.14904315855278746,0.2796350275375425,0.14246088489775344
9424,0.13199919720804038,0.19479483845817344,0.15005678644132414
9425,0.22279815538071063,0.37293396211752367,0.3864671808603297
9426,0.12402080079305484,0.5597802752363894,0.27573237801736816
9427,0.06458370540349177,0.2957349406987019,0.5409658359666305
9428,0.08140517786391971,0.41337324678923265,0.5146882184134103
9429,0.03624012584413259,0.40900501041762666,0.3449471349849639
9430,0.5106537733299382,0.26782872939469876,0.2828969167177767
9431,0.22185067146933796,0.3158301822540309,0.2435340760275338
9432,0.0708464454806773,0.4088444655369619,0.5364938344600074
9433,0.10107548377569836,0.32834960454470463,0.34983708808645875
9434,0.08013234361988802,0.3346716172165411,0.2624451699800058
9435,0.36002868969738266,0.39167410094881383,0.32241724305970554
9436,0.04947522827306921,0.4444177851644479,0.3073741740165179
9437,0.13196600690015736,0.36568068150226607,0.5657820751930528
9438,0.11347884406987843,0.543152879972693,0.3549416729119663
9439,0.21630664689739637,0.4205850628802992,0.33791078671176034
9440,0.11382396686875577,0.3129395530422232,0.20884726012719435
9441,0.04082434794336143,0.5347016694894133,0.3883597242485438
9442,0.10316009425579803,0.45755157120555695,0.34079277741445324
9443,0.06481572310765848,0.2567313252736277,0.3963018939531687
9444,0.12886803879258052,0.50289645542922,0.34186480622106785
9445,0.33309383168224427,0.2233714705287732,0.30036267952961976
9446,0.041249981364869986,0.4331535681562754,0.34150275477047565
9447,0.07219584770359418,0.2507742189475991,0.25974191577720224
9448,0.08461273193088266,0.2612771185732147,0.3529707241814656
9449,0.09462341578728294,0.4379148547954527,0.4955806834217278
9450,0.20351329444234176,0.4461366637147841,0.44022119561106876
9451,0.10863863643897385,0.2658170515243086,0.3058193033800215
9452,0.1623209806404958,0.1795931176476635,0.3142472207066627
9453,0.08070743553457534,0.38574474498370714,0.4030291941162395
9454,0.14280411821674946,0.32499604696375994,0.3777741635295495
9455,0.20897062550378728,0.3144648050128718,0.3360643496427558
9456,0.07537997515055447,0.299437640612639,0.2798432715005933
9457,0.20949432392830977,0.4875655593065197,0.24939004929673542
9458,0.12650760906799663,0.3473027422048295,0.24821532170574773
9459,0.25245103501030125,0.24326833173974644,0.3191119323954817
9460,0.10663367500496497,0.32662751677621044,0.3736146873242333
9461,0.1584864844501917,0.4131776192932369,0.18183494834957104
9462,0.11879021698515085,0.4155773318333242,0.42104472387917913
9463,0.11442220310237415,0.35694460028155156,0.23388598214497341
9464,0.14567580180850098,0.36259348199348285,0.26782135060318846
9465,0.17654701572797182,0.266798051747643,0.30960560661705716
9466,0.05472119929844965,0.22090261174521955,0.37910035388001817
9467,0.3329641332878945,0.2874213264848514,0.5268939075094405
9468,0.03862492099329423,0.4372899808213925,0.28864062695380027
9469,0.07770307176903346,0.3647976767503723,0.46653746350915803
9470,0.11457183587712218,0.2686736921031984,0.29481703287372163
9471,0.1619341192108543,0.3216318451126909,0.5010343238298419
9472,0.3688346402757638,0.2933356810997522,0.3285828564870068
9473,0.03865356758411346,0.2550999561441278,0.1995273700853995
9474,0.08712456848413457,0.35023930923172697,0.26520812131468013
9475,0.03356414365484636,0.40986532978035506,0.3372155898083583
9476,0.12473895960271106,0.26368539773810085,0.3142482996153654
9477,0.14695803388382667,0.4111996155978686,0.23820577230446938
9478,0.37273311067305215,0.28926228554983924,0.21264548455124938
9479,0.1325211021476862,0.35892060164734146,0.4297040634203835
9480,0.2521942032241745,0.2747711445286492,0.14056830324827674
9481,0.18242898430966512,0.4434816858263343,0.39327083510638594
9482,0.09134835885932822,0.4479357382993717,0.231114847770221
9483,0.04979201638448985,0.43939047435254835,0.5866392521878795
9484,0.1472936934482569,0.35304167168156075,0.15988346507757167
9485,0.04744254304287479,0.2517489145677691,0.15431779250453076
9486,0.3015678752270165,0.4266599213232833,0.292470248042774
9487,0.10947660769843441,0.5821852344721485,0.45779049743064226
9488,0.28080003876078846,0.18913241422528992,0.633086068441073
9489,0.08870011929907239,0.48282382316635175,0.4540508132171972
9490,0.14667217174086836,0.3671448276439401,0.35194655768464245
9491,0.1408041238826386,0.4100999671935979,0.24200643624812052
9492,0.1184349723905029,0.2995447119782501,0.2604913686512712
9493,0.09150351498460296,0.3289970801741755,0.27014966496488374
9494,0.15971974906488515,0.3496785359413645,0.2943506719760729
9495,0.06669908282500692,0.3672589904122741,0.3096767600545851
9496,0.0560564985109227,0.3951377860393753,0.3579813834766089
9497,0.2905013341347047,0.22719990569387544,0.2772852910742253
9498,0.20167106551325134,0.4402168280563171,0.3537155460387532
9499,0.1276745504702546,0.2606832179841548,0.3783227394692428
9500,0.39321912202552106,0.4795204997454096,0.23123397895246928
9501,0.10202478687509467,0.4536682338025056,0.21835493071842865
9502,0.3075510040607829,0.30224595184373143,0.4687498055892141
9503,0.13758641039932495,0.20110854186495475,0.3496264268859084
9504,0.06273963500085648,0.5105558840168758,0.3202299646894917
9505,0.4486822808518451,0.17219148556765515,0.2043277668204055
9506,0.24284359060667415,0.29991242472311974,0.42583041916170283
9507,0.11253062169993479,0.4156237306513056,0.33594970225831156
9508,0.20167152828501125,0.2931655436055696,0.525123311340688
9509,0.09325943720167916,0.38524589340006465,0.35723213282564326
9510,0.21665886733588513,0.2741373128449571,0.3091211772949732
9511,0.029452133772294817,0.30443627238862353,0.2741501088262694
9512,0.06293160301296308,0.3440762301370936,0.537584763577509
9513,0.24088288189633417,0.36585072431417176,0.45447264569387535
9514,0.10326048680987863,0.3878163854063142,0.3604337486046375
9515,0.14062997046498507,0.39581149599559995,0.4480389500921961
9516,0.0516459047919419,0.34361749110994333,0.3735755457753499
9517,0.44862613009065433,0.4348450499248752,0.1749945693413718
9518,0.2798719431745683,0.3870917699184058,0.44798186636728665
9519,0.10668598868667505,0.3779807350159396,0.4171719236018214
9520,0.09319863125647024,0.2929575340012652,0.23153375198167536
9521,0.24962849881718513,0.4432923496912416,0.4032554091232474
9522,0.4945087286596141,0.5198929902917382,0.253926392330745
9523,0.23657596316777002,0.3616954535573252,0.29239902015261754
9524,0.5672915058784225,0.45844837820013123,0.3526584641282583
9525,0.06685805148400946,0.4776784468432558,0.3469762286594158
9526,0.07132602842562615,0.49921566375435067,0.32744837472301574
9527,0.056753882414750316,0.19049861225622475,0.18907303592665764
9528,0.1652663846120252,0.4001199641313357,0.34112976910667125
9529,0.13758918261795275,0.38576305399149186,0.5517249133670378
9530,0.11022041643215133,0.28367974720020067,0.3660090311688561
9531,0.21364620779500376,0.475417448947939,0.31732085338760024
9532,0.28833444556181864,0.4226791629005245,0.41597797971696604
9533,0.04653435301657171,0.35526810775788153,0.3524887385956955
9534,0.08222136312389686,0.235521339651692,0.29291253006676177
9535,0.2152893838278703,0.5719747399424688,0.44448390995805986
9536,0.0894260575262424,0.22418299562296115,0.36508779813948056
9537,0.07228809890967193,0.2516507328878071,0.3817921162781024
9538,0.24767797899174013,0.4094927663806205,0.3152612858718717
9539,0.05343114598548684,0.22823687754925998,0.3255682424956171
9540,0.09976138171225303,0.1711580516010037,0.4294758758959214
9541,0.1528349779679139,0.2617448489591338,0.28474479870246716
9542,0.08346196020319582,0.27201845391695906,0.6582154529772122
9543,0.2097592409659833,0.1635770933881887,0.27668147649535535
9544,0.08372958936230455,0.46160070005996545,0.2749203124866756
9545,0.32705017000722686,0.33053888992318303,0.46046038820054047
9546,0.11217425597434874,0.38365263821594875,0.3336645006107356
9547,0.19392323683339086,0.32598467701158246,0.40470263742057255
9548,0.20435773724060638,0.382572589171819,0.5284434987940986
9549,0.08061560118099732,0.28009555957940624,0.38174984539713097
9550,0.03485542766688749,0.4429811459172874,0.3734078435981635
9551,0.15625893628075946,0.3010205157931222,0.28033797959637896
9552,0.12823079536976026,0.1815969304217769,0.2527449569170027
9553,0.17890103980034736,0.47044250179159464,0.19554507527483933
9554,0.10486284960763644,0.3375029788606401,0.26515931225082456
9555,0.09163752041847933,0.2816126184413974,0.28772530520416845
9556,0.5039110444900823,0.4441419134750051,0.2623477425789827
9557,0.047987582526855255,0.34045718484137866,0.3095998132477288
9558,0.20263314831635756,0.3783227317378983,0.28773246023028287
9559,0.08341971240009075,0.4341563881556444,0.43525037763840857
9560,0.09752910657714337,0.2739295566578731,0.21355284032525734
9561,0.09874113795306994,0.3377936917086818,0.454372020249751
9562,0.0720492210400343,0.2205001142500981,0.4148962602671882
9563,0.18083136383636259,0.3055851174159535,0.2462409113075732
9564,0.3228672921903145,0.3526602595947436,0.216455649654879
9565,0.16853714926537805,0.37384992288254504,0.4000270470593298
9566,0.13097243729319108,0.44503045188741946,0.39978207299959867
9567,0.06424403465188804,0.30605847628135463,0.257950721653319
9568,0.1741091375419258,0.3172622459833863,0.21236965087309584
9569,0.5609616013416799,0.4444225148286738,0.29486775086081973
9570,0.09468177979736812,0.4686936518974143,0.08682345102011463
9571,0.09497600178785892,0.30038969838871504,0.3982709229016296
9572,0.08415324294289775,0.4442024144877415,0.2726620769687567
9573,0.08816907744706208,0.3610849033485496,0.3578727435243799
9574,0.025061550658971136,0.39316048274011683,0.570321886427182
9575,0.16111572744586958,0.4451144312929776,0.2957186028708692
9576,0.07015817417099801,0.2492247167099421,0.41435599940200063
9577,0.0443425469713561,0.3418344555478657,0.30938428329954276
9578,0.20538864451692168,0.4046627300174696,0.29085585138765413
9579,0.060568847036959285,0.14150135700934752,0.5298053802966795
9580,0.09734301332751288,0.39395406284750956,0.2800078561008224
9581,0.34088872101020035,0.28437592185429794,0.39846034563520816
9582,0.04978458572056517,0.39652676584288044,0.37114973505431414
9583,0.04634945515474347,0.5021465499137824,0.3831431646863427
9584,0.14671808679318868,0.348861050366038,0.40802577301636767
9585,0.2718133985739556,0.2774650370489648,0.3947606825741604
9586,0.04525645707257827,0.3809487937661408,0.2791436458189158
9587,0.16141195392428437,0.26029750806871427,0.2919300220869486
9588,0.1820682639190764,0.3641783661467095,0.36653724004651866
9589,0.03475301772453064,0.3421329337019651,0.1718393029853686
9590,0.2120352532832199,0.4661075271199304,0.3770125693504014
9591,0.22402843894018162,0.5069837567668528,0.2779682478570274
9592,0.09908929395332836,0.1977886495188072,0.4616213043197732
9593,0.2924807919818945,0.4144998335586322,0.16425450853645984
9594,0.2693053971194458,0.4878590043178806,0.3885021078050569
9595,0.13094888670355226,0.3283937428637675,0.3660310989909755
9596,0.0903842756923337,0.47088163722269416,0.35303874476217023
9597,0.06478893572947803,0.3258176235817038,0.4996552177373961
9598,0.11903445608974227,0.3953543323199087,0.33779295859083436
9599,0.18064672615527427,0.5621491669500993,0.3639637774714989
9600,0.09828007255021337,0.35765745687905703,0.2210011188064795
9601,0.03238457989637498,0.49344527034875146,0.35011577144531003
9602,0.2959169803623012,0.27513409639111225,0.30940137554012537
9603,0.13897216228542938,0.41861920264981833,0.30783436656145086
9604,0.09474852318025102,0.4145808412751476,0.19090975871956445
9605,0.2209771185253375,0.3219477858057241,0.5605211826759583
9606,0.35542733756811123,0.3030047356466414,0.24343275076574405
9607,0.02446044540570233,0.25829352521674726,0.30570980410202553
9608,0.16440989551207189,0.4813565638246944,0.19953614196913572
9609,0.04927998931314113,0.42092138466427215,0.20249835419939144
9610,0.17197782364212091,0.34807755893019504,0.20387612158596297
9611,0.13318166203664322,0.24315187528492435,0.5330674343436052
9612,0.18916069384895354,0.33465075946886735,0.19024578185881208
9613,0.0876054452255368,0.3582193638459775,0.2782200670530502
9614,0.03834290928890769,0.4823208663507837,0.2949926102686173
9615,0.09044803436284661,0.39221956855794343,0.2629394553959147
9616,0.16131791208263752,0.29865293357921213,0.251023389533486
9617,0.24712657075377362,0.36904055655214696,0.2921264307688625
9618,0.05734425409893174,0.24577143821242922,0.2194447338451268
9619,0.24917872209992786,0.34765073285581394,0.4466923929788692
9620,0.07956746193147309,0.3949542062342794,0.53423553395161
9621,0.15644184360237517,0.33909243387746696,0.4898243672314134
9622,0.08699982053262727,0.4872634751525623,0.1667987439246968
9623,0.13820855962807124,0.4225933468770103,0.16194166820473727
9624,0.2264555463940926,0.628705017017794,0.19304781062933968
9625,0.05546668929217558,0.3712249641589314,0.39734758344060106
9626,0.07794776913591804,0.29140672389678746,0.28319557769044007
9627,0.1384727975382202,0.26899255213834483,0.6717766279277196
9628,0.6704754311815264,0.46428285429236094,0.33878780975611267
9629,0.06938360552045744,0.3735188467079221,0.4648219939088617
9630,0.5156062503114043,0.38307354647031067,0.46716824927203016
9631,0.5024347863460376,0.4731186094139784,0.23964619387697766
9632,0.11433767985645724,0.39251709706108945,0.25368527498939913
9633,0.09998822152340515,0.33810638410282756,0.5323576671344235
9634,0.07734294705896856,0.16507285171157932,0.18244201806340876
9635,0.11659998893129966,0.5532724459919205,0.31926730689866006
9636,0.049857375174755345,0.40253644521917914,0.4167762538243044
9637,0.1159705206929541,0.515955324378402,0.3899649473121528
9638,0.3484146378289247,0.25963500934710665,0.29534186619631564
9639,0.08147547974910536,0.32847822735124255,0.2912214033206892
9640,0.10387601499239293,0.24619704165823966,0.21770856717149284
9641,0.042136036258889925,0.3383540485500312,0.2465605128685785
9642,0.15770175127807978,0.42824194909645447,0.5453336949181524
9643,0.14623245160474516,0.38507835390929945,0.35847135390268636
9644,0.12748478247635656,0.4632986208769376,0.2743842902596757
9645,0.1055431196584402,0.40113977471602563,0.40701073940441
9646,0.10034643889930867,0.34099004332992094,0.2892349388248561
9647,0.17231161361202188,0.4956441257182277,0.23158881481226262
9648,0.11973963931144056,0.3639107955506869,0.2773515743360591
9649,0.1514016727516691,0.33625672448920635,0.2051389828397524
9650,0.1413487372715525,0.23428465898820258,0.5398995828873331
9651,0.2668221223585122,0.20068603251404882,0.4081587367963001
9652,0.1947019742028258,0.2888505554700526,0.4072418716607955
9653,0.13922336570150776,0.6020060799159244,0.2815134698309525
9654,0.3538442834365522,0.4811772589720272,0.32979891504168013
9655,0.16282368835906835,0.4010587687309742,0.2855979706801687
9656,0.3036767696645496,0.539254094340972,0.20521821290598402
9657,0.18539461465036136,0.2571201888473179,0.44276531772429717
9658,0.03899777971315265,0.3964876945220371,0.429021435222781
9659,0.303649017120151,0.26141844016290167,0.38066203438923774
9660,0.13384183176506803,0.2664095966440411,0.3390665806500237
9661,0.11788410426866126,0.497009562089563,0.24955528946006494
9662,0.14793784119364634,0.3581405079608417,0.3731914853736854
9663,0.09693787721848494,0.47336691524853475,0.2418662650212418
9664,0.14252082515661707,0.39024941013134795,0.2539840222409631
9665,0.08249260745349805,0.42045312410453134,0.24251431158880055
9666,0.29709339540012225,0.37442696238152845,0.2707067213447355
9667,0.1130937175611482,0.3548071439307937,0.2617134412822684
9668,0.09456407890102184,0.545023570663514,0.42077716402369103
9669,0.06675063883189086,0.2968948138359442,0.2384282140147128
9670,0.1466646117862254,0.4811564943260669,0.33475670775247635
9671,0.13867613040806195,0.3373604664620193,0.40572066324798695
9672,0.15927511108992473,0.3384049150091392,0.48469836569842184
9673,0.06264289292554218,0.26130470112063636,0.37894885650471
9674,0.04457131980214985,0.39894309627556895,0.16832526881597754
9675,0.1878254474594117,0.19646958392984942,0.3121006909664602
9676,0.3453682450206581,0.3546331832586402,0.41890084681174633
9677,0.06267761653316443,0.25357596620323963,0.24099076208397247
9678,0.3723702444754889,0.5913749736612401,0.500919721356042
9679,0.14819882435883952,0.5050489219409572,0.49777425455362156
9680,0.121513355057206,0.3880756151205138,0.3931022292932045
9681,0.09363753773792856,0.1947243505161695,0.44977697651643145
9682,0.050510675940443166,0.2611105700594192,0.484134851393361
9683,0.24233134199757814,0.22748114003962353,0.34294520504914405
9684,0.07333138137670457,0.5027305742611247,0.43981476542151654
9685,0.07313615813531033,0.4631266534084613,0.22651543521458578
9686,0.24305268437163663,0.3998997786401728,0.4203116439518295
9687,0.03814226740064225,0.3101330619093586,0.3803315409904109
9688,0.046589575351058315,0.3588834276165871,0.6890859341245547
9689,0.12060707249018361,0.2928885170860968,0.29641663107191507
9690,0.14915762165370364,0.42733499914726825,0.49340368211551666
9691,0.17026863540879475,0.3046190061411681,0.4491583982441958
9692,0.09974692718526366,0.2788695605637787,0.32475473761937773
9693,0.736454782531905,0.3949385973700729,0.17485891342185472
9694,0.10476751021463912,0.3147036593404262,0.29507948253766597
9695,0.10456573598533354,0.27798979593440437,0.3243020732857587
9696,0.07234394699212669,0.19689082511015402,0.449697067212949
9697,0.1328170489636986,0.2881375797120707,0.3669751369549249
9698,0.18643572336378245,0.3611165958062427,0.3398179328427001
9699,0.28248564987775077,0.47836125186169043,0.4327663463778719
9700,0.047519826271851646,0.29023133487829045,0.42645645218563244
9701,0.10351225094975054,0.33746356222430224,0.4516380716240317
9702,0.16583369348258437,0.30437978777059577,0.25267069581924334
9703,0.18283930045503313,0.35958215378075675,0.45183332784276375
9704,0.12263779721327621,0.4969638851333927,0.4971237817111772
9705,0.17723875578815254,0.42502953070454996,0.7223915388103904
9706,0.07179757447869198,0.4171283900738091,0.392295705685885
9707,0.3640236043218797,0.3948993234894186,0.46784203901722077
9708,0.24317349810689723,0.47342441559864656,0.3879571947309681
9709,0.05170262419662177,0.23440064933461868,0.4088041534156521
9710,0.060826104398505436,0.3892722264118826,0.4680058410921496
9711,0.06188828492102572,0.30810616706246097,0.18935011436509092
9712,0.194835069849404,0.29186223137430317,0.3687240087071175
9713,0.05358331148268171,0.3722978294623156,0.37237721919865174
9714,0.0978360656693812,0.33301570898051386,0.27518465428154965
9715,0.166756359817654,0.2605190868672979,0.1957240520625082
9716,0.11676010316832464,0.4128455619512709,0.2887935223313213
9717,0.14567150767302703,0.44137353827918246,0.3712320524652063
9718,0.06117419795503293,0.30984333783859264,0.31392733162726183
9719,0.18383674899141034,0.40677411812176334,0.36756026017508625
9720,0.08136374902534106,0.3483310764290647,0.24556841108099453
9721,0.09825129137977166,0.2820209336786528,0.35280988404124214
9722,0.14357102024998986,0.2770180732461491,0.3742702814831981
9723,0.13094534616434914,0.44036673274203536,0.21753169143904338
9724,0.12409442412801842,0.2678645150671139,0.20883737034804517
9725,0.07450500161903285,0.37269070498177653,0.4297555471606809
9726,0.09989569713846687,0.27806297629336474,0.35056556246258674
9727,0.12227596789247894,0.3974442161239149,0.2379650960524391
9728,0.05079151029617404,0.3482798396710731,0.29361085663360176
9729,0.0897309541801861,0.2540257016548087,0.3895095282377652
9730,0.1591931166676313,0.29135409966657644,0.24656534137381525
9731,0.05381683095487672,0.3260537267129636,0.5322940907241962
9732,0.2731889105167362,0.34008762263612285,0.4000077106556348
9733,0.296107001667954,0.5056952177105726,0.43350639345361475
9734,0.05486615199702827,0.30352993513976145,0.3549186373299835
9735,0.3153262945456331,0.5458355496850575,0.40591529622156874
9736,0.11084033947272424,0.4847388207732705,0.6229499201654931
9737,0.16262604894601698,0.4019148047646091,0.29110226814746376
9738,0.08775387749957855,0.19081091407680503,0.2962667368352981
9739,0.23149478562203427,0.22978161437993783,0.621281952591458
9740,0.16123380152262853,0.3444769117614692,0.49691162883760565
9741,0.07156234703290341,0.3005467719409933,0.31804153152257436
9742,0.057575013188125725,0.28771943086422574,0.2586659451156948
9743,0.0483241385097102,0.35436342060331033,0.29351291290940695
9744,0.1387553578389416,0.23760441765008597,0.6092494890693748
9745,0.1809886784109174,0.37827030734028394,0.3459212273553962
9746,0.19118728563017665,0.5514169709034241,0.46290930607144387
9747,0.11276054415415035,0.347208569186524,0.3626396168509345
9748,0.057862211441416914,0.561723568386686,0.3718889614812392
9749,0.07783948565452814,0.21108828264647692,0.40412657452795187
9750,0.27236730290824945,0.35219616655149133,0.3234579636735542
9751,0.08844487054371848,0.3340573833913609,0.30948981664226033
9752,0.13459668779068737,0.4252655107504351,0.5379826952987404
9753,0.06080568948984816,0.28747374128069536,0.3134578627215528
9754,0.15367393358185463,0.3262320373320181,0.3958360580656193
9755,0.0900159811571507,0.3380109712982566,0.4659644897575905
9756,0.2526754043281324,0.3772182666980481,0.4013606480544044
9757,0.20834878820460928,0.25255405686708826,0.4248617441752731
9758,0.08780797519578318,0.32068277773655773,0.1884311408994544
9759,0.11210518783107892,0.3752991459090813,0.361942522273905
9760,0.08469933788072138,0.1493933418503636,0.4950769111011023
9761,0.04948806211466324,0.25045414647793357,0.6470567787667854
9762,0.06963489352993399,0.1922462109980027,0.47826496619081316
9763,0.13973473144453952,0.4674830467756447,0.3648000653883676
9764,0.15247881345338257,0.40102328144113897,0.40345747290563827
9765,0.13506891582384983,0.3783912705242391,0.4207044395223296
9766,0.09975125230991194,0.36008794747410405,0.1589765671617014
9767,0.23313999065664426,0.35472616906943133,0.22644334002841754
9768,0.12747088601748574,0.41976629055852044,0.35181413283427987
9769,0.19831714635711717,0.24489037173876818,0.327896620188405
9770,0.04047607377569752,0.24123793963057175,0.2974940758817437
9771,0.016541053143774603,0.17648384183380145,0.3795869425258136
9772,0.14818628374319126,0.24384151514580832,0.3932229427187086
9773,0.04933419434911186,0.13624257015990857,0.1958174433190331
9774,0.10585155465341665,0.3882719975946701,0.2084462246473518
9775,0.09972719776947159,0.3573031522655088,0.2935725615597041
9776,0.37182422195148257,0.3970113172594429,0.40031231907167086
9777,0.1605549896386651,0.35970328651319383,0.3145848453433575
9778,0.136675650694927,0.4161774007267669,0.28133417723055526
9779,0.2178588955848968,0.39339718588432965,0.5154135577736852
9780,0.15709666028593908,0.45604822161606945,0.4130280296957064
9781,0.090016426903393,0.23655723477285232,0.3177101541192088
9782,0.2571544680934934,0.34807485551553363,0.572516006114708
9783,0.05955020833579701,0.3616377955691059,0.34711621948543814
9784,0.15226747398579044,0.4594555515401128,0.44980570011237975
9785,0.045953557123306836,0.39748399748415075,0.24286438421230427
9786,0.1402837722589468,0.2813234315003568,0.20650760346067315
9787,0.13923554490751722,0.3421622626841151,0.25672781752954105
9788,0.39643622129665523,0.3217392036006293,0.39708311835171184
9789,0.04549881222862348,0.4302456252312227,0.3226295259885366
9790,0.08201366381077993,0.2564981359210636,0.31814837139846613
9791,0.2156745484013464,0.44813995212395147,0.36203110205412914
9792,0.15353984097922269,0.4444943033660665,0.3527569556044846
9793,0.13803230083213683,0.35413580880273976,0.4868971077529535
9794,0.06546464324419916,0.31818331985511666,0.2799975583706542
9795,0.08254903521207554,0.28719565215922915,0.20454511976238465
9796,0.2909604891302089,0.36369608513560353,0.5461151100449264
9797,0.11791953763821536,0.21312084893032407,0.2884358991236771
9798,0.1578432133429568,0.3900479857521576,0.4834554866053459
9799,0.11297222831210049,0.2184727827807177,0.38130304876422005
9800,0.05695508859769993,0.3651084115405066,0.5212419719928518
9801,0.23326258535150543,0.38412777448091623,0.27362694640857566
9802,0.17247124822660304,0.6164527216228254,0.4388354119447241
9803,0.6252486190326282,0.3996055951843475,0.3069291536197242
9804,0.06309583414712097,0.2631654788198883,0.26929549276028547
9805,0.21565792048208338,0.5651082366811063,0.5530113669406689
9806,0.05273520347713468,0.3541164547366785,0.26216849832053196
9807,0.13588299392697148,0.1740090173191567,0.2580866927536093
9808,0.2404139459818174,0.28223688762038096,0.2294803133560156
9809,0.03452044516008148,0.23689570275280783,0.2903745722471869
9810,0.10638395150901955,0.3159190341155865,0.353436021968607
9811,0.08403764161174997,0.3756342848384077,0.31896598580990315
9812,0.0768548966742766,0.3110968057376718,0.3796150257661298
9813,0.15892180035265963,0.32084809988207785,0.19227129153541583
9814,0.2663026007526163,0.45504887619720114,0.3319765715868421
9815,0.11160875247742517,0.34931773828231816,0.20433690050487935
9816,0.14043206688053914,0.38397134256768606,0.2910893346141887
9817,0.1319509625779969,0.42163337915734933,0.31127582120536545
9818,0.1222445171763729,0.4136268465776166,0.3327919146855736
9819,0.06029776317491056,0.41264859659928343,0.37618237558242773
9820,0.2639957590241471,0.3993354751614686,0.21748131739109872
9821,0.14935390784809585,0.3483273429299954,0.2902667208595368
9822,0.1599879025528292,0.5449606085711104,0.6520204417606373
9823,0.07190913815178959,0.47522537755134453,0.32782043215822465
9824,0.08992558208791562,0.4519437726218454,0.3158837009611594
9825,0.10845061785628478,0.19852478102878002,0.16687348836989574
9826,0.04630888945086895,0.3738680885039418,0.35442648604194826
9827,0.04244517417427028,0.30498506707234696,0.19168523371450696
9828,0.08202104048243304,0.2706114239203476,0.1294859649106156
9829,0.1748003346165053,0.4104468744028287,0.38561334686342275
9830,0.07929860351373394,0.3651715761241354,0.3849518038914611
9831,0.06297032417778081,0.35848796446974757,0.18968504085079968
9832,0.07153826518614297,0.45227231356039294,0.20591793950966752
9833,0.09015403693688387,0.30039932237910993,0.25888743173677625
9834,0.09637156389201318,0.37831563915976024,0.5942431789285847
9835,0.5647098496837261,0.4264298904859755,0.36701554523197344
9836,0.25409684615772765,0.38765555759861725,0.4019531619848984
9837,0.24877521508854306,0.4586413071501585,0.486893451791914
9838,0.2755318347368482,0.3698710232488318,0.5291786621274808
9839,0.06375320114865028,0.3213112113422579,0.35188664827939253
9840,0.05562194463046185,0.313623382610442,0.3876188799563376
9841,0.05965501806522039,0.4924746129372399,0.3379581507889432
9842,0.3101568731292778,0.3063110569697659,0.16328015264595347
9843,0.08491533981257342,0.20684255013789316,0.3681209762121449
9844,0.05466251457994626,0.3064904412233518,0.2808591147621844
9845,0.09160336473376027,0.3888651019763707,0.10266917639189682
9846,0.10402263561635637,0.2585821380446614,0.2591583051140244
9847,0.14662807502204026,0.3339784266584526,0.2858306044483963
9848,0.14487966416823223,0.4025334148220469,0.4446144096836724
9849,0.07093100758414202,0.22445292239790735,0.31946036725477456
9850,0.19588675707534844,0.2524549391058915,0.262039018933419
9851,0.08001292824298037,0.21697506918985673,0.21255241076288867
9852,0.10990155337869244,0.23045450544019394,0.31191885513586015
9853,0.19604018090027517,0.192352411572872,0.35170977612868937
9854,0.07987774195787198,0.40436204632370976,0.39892503526269407
9855,0.08370385847572187,0.20610320145503866,0.431481071051266
9856,0.1834284277580043,0.2990506724714838,0.20370911979274703
9857,0.06962215554448774,0.3201905054316073,0.36318230851104727
9858,0.09442671458200477,0.3684034688989527,0.31789475592668825
9859,0.17889058845915842,0.5039953437023852,0.30869535267372
9860,0.5208500453072162,0.23251730464081846,0.3578303250379107
9861,0.18519561787137429,0.29591145672271146,0.5566319186649762
9862,0.16884465176934738,0.15931863794730303,0.30502871881800653
9863,0.17581049118025424,0.3000148376580626,0.34710336858131785
9864,0.06089750032403117,0.46171890915196645,0.2393919075700346
9865,0.13206682771747927,0.3286570898948217,0.23023070389077488
9866,0.11966283758008225,0.3521868132419703,0.2260713833401285
9867,0.15209309453186587,0.25199277638168854,0.19078778061560925
9868,0.13214887477393084,0.38352998683845163,0.26878721705261055
9869,0.1583173353536876,0.5495182528886625,0.5654233562055722
9870,0.09911018376890682,0.34195642424288225,0.2571871011680739
9871,0.12704446131142444,0.5702114551943712,0.30077552107998967
9872,0.05543954672142144,0.4890959177474795,0.2047596012696562
9873,0.098558063320808,0.33503619498721676,0.3126816358177719
9874,0.32291120271884793,0.42738569410944754,0.23179392107029756
9875,0.1518024025315206,0.5463669394966255,0.30038714173932096
9876,0.1203801168242029,0.3936341543491545,0.2996835251503927
9877,0.4645525643373099,0.3934965197540123,0.32339317473109513
9878,0.05121950503406324,0.30202283953446935,0.4700267754623403
9879,0.059560918855119584,0.30981595278170515,0.5688742057690143
9880,0.40693022701724696,0.2701517862733922,0.5673166707234826
9881,0.125958208942318,0.35113625079132427,0.34785705061582817
9882,0.10374757842954803,0.2840322970341856,0.35502592706566805
9883,0.05640332093568119,0.122290016494173,0.3463062227013751
9884,0.16594787195490002,0.13462644582297048,0.42580003615630546
9885,0.17749021212590924,0.4277448134763464,0.26739672332821957
9886,0.06010798214972519,0.35046205443338335,0.23803565838238006
9887,0.11108627127315157,0.3707714438445292,0.16118445877603
9888,0.09754604509593795,0.48125914653604646,0.44148214532349117
9889,0.14538059304158252,0.3726074588063887,0.36075828001314425
9890,0.05920603697590817,0.38709978527677186,0.2553266556795694
9891,0.29239756382615373,0.37833433632863506,0.5414981263495797
9892,0.23031689499137592,0.32694240285977827,0.2699849325329697
9893,0.09578111249060338,0.42610564123320605,0.5270025470074093
9894,0.10557186278901795,0.242855575491943,0.2508159693302364
9895,0.11137368639799121,0.2737085612258391,0.35599032834465216
9896,0.07320571866711209,0.3015374445139354,0.38561411179071925
9897,0.09085995553033736,0.43728202096807395,0.28225915809341434
9898,0.10185517281643928,0.15838407849608244,0.2151166150025426
9899,0.3786980076368172,0.2927092694620853,0.3395344144448108
9900,0.23538416577465815,0.3373991557354083,0.2593926441217792
9901,0.2334018195381535,0.42947052071543157,0.19201694857713403
9902,0.15725170816810455,0.25372909367087637,0.17475323125863224
9903,0.05927551698425499,0.4209183642754717,0.35656621716508863
9904,0.11871929142666855,0.24979449039158372,0.1411445297007618
9905,0.2393922172788357,0.5899869042899801,0.3057168868014546
9906,0.05443691033869133,0.2715029046650763,0.42425816790289084
9907,0.18927004557013702,0.28880980186801075,0.197443717604543
9908,0.6330170555753739,0.29823901265758035,0.2101398901217803
9909,0.25539757120547374,0.49951744838526946,0.37095946386769985
9910,0.32831988677691615,0.4531226203593931,0.11863108252595839
9911,0.1416742228511997,0.3747025264526511,0.3285142498547376
9912,0.2389595600232014,0.269007708280439,0.28585696037336294
9913,0.07607807612670907,0.3333496933123463,0.5167312279653437
9914,0.2116422245875673,0.5126620387610545,0.5399975603110527
9915,0.19164557401606883,0.2929615810877514,0.3723930860172685
9916,0.14881180707972766,0.335426366274604,0.26580720167020716
9917,0.30608277671725603,0.27890971240495477,0.3443110198327256
9918,0.08538017466083819,0.3663322437061101,0.4388781498113209
9919,0.10766153453187659,0.19901288880194554,0.4165986854614945
9920,0.1302681085747031,0.5514454733806398,0.13714010101936552
9921,0.06255180927594987,0.501561553455396,0.20026693594836692
9922,0.14251135336900597,0.34474277671552916,0.4232504386980235
9923,0.04172118737008599,0.17416866246393567,0.2152921327722192
9924,0.25271874827039853,0.3341358460492722,0.37298156759483037
9925,0.1260160462452964,0.22693837392966618,0.43119209564636996
9926,0.08637912649918586,0.27886656357027717,0.40373363826852315
9927,0.07065434951561755,0.2125867898563641,0.38980983026284977
9928,0.10430190671904636,0.29357740851699066,0.28570780233206067
9929,0.19624431143557233,0.26519452333129073,0.20741889779384715
9930,0.17789601572100014,0.2787043438659656,0.5699977704967893
9931,0.07667911530949552,0.2520179471432944,0.16527679085610958
9932,0.07013662923552262,0.3582928616511572,0.3483087974681479
9933,0.1919824940363855,0.4138867996560023,0.2784770192903993
9934,0.07586010004341201,0.4214560586060256,0.49975955463775357
9935,0.12715676089477218,0.43953167569021057,0.3390589017687736
9936,0.13280326943034237,0.5347696928456099,0.25006602068510886
9937,0.15109849982193838,0.3191197034219797,0.28752828954601944
9938,0.22115041758105078,0.544557135141599,0.44012098833183444
9939,0.05428413842983727,0.4503055740644993,0.4639782392429872
9940,0.03757012115370049,0.2720571113198679,0.40994078744101503
9941,0.08380718097207182,0.3506113831653096,0.3471049798140178
9942,0.43385852536477554,0.228426255418176,0.24154372642054134
9943,0.5089384849112482,0.23739395266750396,0.263052800544811
9944,0.44324883085238953,0.34210963060360655,0.3873450112609025
9945,0.10723626403456901,0.3452004528339677,0.45679816519784133
9946,0.04029112197779496,0.3914296571607211,0.19924168840609868
9947,0.030141176066726685,0.13137629174209473,0.18208959427049454
9948,0.08132038926124474,0.2505259164319519,0.31370157195029913
9949,0.10687217955138174,0.400067447127061,0.3608347062887516
9950,0.30273728864019395,0.30219314804353353,0.3534081222880959
9951,0.22264220987897995,0.17191603088108431,0.39600119360948915
9952,0.14255759993831252,0.5479226381548764,0.28107194431933114
9953,0.06823203515988906,0.49623052736849543,0.4866005516830665
9954,0.06527581932553957,0.330511591021319,0.5267575278387517
9955,0.1451960500361578,0.2987234332762835,0.3955869271558945
9956,0.1974568552847202,0.4678341021598076,0.2833205542791535
9957,0.15965627607692176,0.43198147243659935,0.11012481201842889
9958,0.06235978524270985,0.42689187807312295,0.26863813627339733
9959,0.19114742975017626,0.4397689700237608,0.3499669040344795
9960,0.1634612272119815,0.15976780684672953,0.4084129924199166
9961,0.06099186057741187,0.333906395405754,0.2987579274159581
9962,0.07292701686417233,0.25169902716574927,0.3239376417975475
9963,0.19627679532777506,0.49646398608325076,0.5530981927464296
9964,0.1043068729702114,0.5061517858033387,0.23037456022446
9965,0.3722915332663657,0.3771872026422411,0.1850688455963228
9966,0.172219299875778,0.41243946354740185,0.1342844542724283
9967,0.08832934264893504,0.5474560568466146,0.44866668009012156
9968,0.12125534397243622,0.3046611873642234,0.21056013575804772
9969,0.12745715947894642,0.2467336246366396,0.29879007229702975
9970,0.07556814841095473,0.2710752285620157,0.43109021771387346
9971,0.06726725248716421,0.5651594460053058,0.5313132817886156
9972,0.19805821691260977,0.33212329398065216,0.3406553716433457
9973,0.21913383915412957,0.43681381251801304,0.23838620900738938
9974,0.1849858781954479,0.2414330389881218,0.3739331668241812
9975,0.35305658405073825,0.22924915991004774,0.23366479905722515
9976,0.08521460969532421,0.44897332863162365,0.32777884916917455
9977,0.39581297521647135,0.3936572533994686,0.2057804727362615
9978,0.06776014551697657,0.34940183465410796,0.25318452051561596
9979,0.06320882980495676,0.20519013033971592,0.6445891742712664
9980,0.040784993517420355,0.2789891807590564,0.4647867889218281
9981,0.09071926619894803,0.2732915441224958,0.2681707734281448
9982,0.0873503161941675,0.17175010729890625,0.2903322116785643
9983,0.17521635701187915,0.3272421414490642,0.41908797726360547
9984,0.14417915953892826,0.2521842400014594,0.2931728924689896
9985,0.05661583479397737,0.4383136714524545,0.48440581673428695
9986,0.09393499833815593,0.490353531407239,0.19264673968893675
9987,0.09525935566555441,0.36680297624052016,0.32841607608013046
9988,0.04042701637085152,0.3910483864935742,0.2567982516906713
9989,0.0644632854962396,0.29918639630332466,0.36410780530666953
9990,0.07355488134057363,0.3811130981287615,0.3489098079113351
9991,0.3329620837941601,0.28916795996724826,0.3385144041428877
9992,0.13908896183220534,0.30088493887489465,0.3836660018985584
9993,0.19269177567636706,0.29051211351760464,0.36614259585536346
9994,0.04726396620883161,0.2982499061882235,0.2274225001428143
9995,0.2806074929608185,0.34123277960617193,0.3240433289478043
9996,0.302840388940055,0.34252243891720213,0.32436804365208977
9997,0.035873400364974564,0.07787353329642548,0.3305892555286475
9998,0.07668996212593923,0.22437238174906374,0.6366354148846128
9999,0.17157851042690703,0.4867677363561983,0.3390098480311775
10000,0.19030980456193425,0.1567089646932782,0.5461773134884481
